HIERARCHY
ROOT Hip
{
	OFFSET 0 0 0
	CHANNELS 6 Xposition Yposition Zposition Zrotation Yrotation Xrotation
	JOINT ShoulderCenter
	{
		OFFSET 0 0.4363 0
		CHANNELS 3 Zrotation Yrotation Xrotation
		JOINT Head
		{
			OFFSET 0 0.1849 0
			CHANNELS 3 Zrotation Yrotation Xrotation
			End Site
			{
				OFFSET 0.0 0.0891 0.0
			}
		}
		JOINT ShoulderRight
		{
			OFFSET -0.14 0 0
			CHANNELS 3 Zrotation Yrotation Xrotation
			JOINT ElbowRight
			{
				OFFSET -0.25 0 0
				CHANNELS 3 Zrotation Yrotation Xrotation
				JOINT WristRight
				{
					OFFSET -0.23 0 0
					CHANNELS 3 Zrotation Yrotation Xrotation
					End Site
					{
						OFFSET -0.0832 0.0 0.0
					}
				}
			}
		}
		JOINT ShoulderLeft
		{
			OFFSET 0.14 0 0
			CHANNELS 3 Zrotation Yrotation Xrotation
			JOINT ElbowLeft
			{
				OFFSET 0.25 0 0
				CHANNELS 3 Zrotation Yrotation Xrotation
				JOINT WristLeft
				{
					OFFSET 0.23 0 0
					CHANNELS 3 Zrotation Yrotation Xrotation
					End Site
					{
						OFFSET 0.0832 0.0 0.0
					}
				}
			}
		}
	}
	JOINT HipRight
	{
		OFFSET -0.0952 0 0
		CHANNELS 3 Zrotation Yrotation Xrotation
		JOINT KneeRight
		{
			OFFSET 0 -0.3732 0
			CHANNELS 3 Zrotation Yrotation Xrotation
			JOINT AnkleRight
			{
				OFFSET 0 -0.346 0
				CHANNELS 3 Zrotation Yrotation Xrotation
				End Site
				{
					OFFSET 0.0 0.0 0.0891
				}
			}
		}
	}
	JOINT HipLeft
	{
		OFFSET 0.0952 0 0
		CHANNELS 3 Zrotation Yrotation Xrotation
		JOINT KneeLeft
		{
			OFFSET 0 -0.3732 0
			CHANNELS 3 Zrotation Yrotation Xrotation
			JOINT AnkleLeft
			{
				OFFSET 0 -0.346 0
				CHANNELS 3 Zrotation Yrotation Xrotation
				End Site
				{
					OFFSET 0.0 0.0 0.0891
				}
			}
		}
	}
}
MOTION
Frames: 1170
Frame Time: 0.033333
0.0127192 1.0148 -1.73437 1.39798 0.663545 -6.32839 -0.730746 -0.0602903 -4.71376 0 0 0 11.503 -20.6988 -135.11 6.30843e-05 87.0251 5.90078e-05 0 0 0 -45.7269 7.91695 -60.8558 0.015749 -0.0318647 0.0313468 -2.41484e-06 -1.50927e-07 -1.50927e-07 13.9 -5.32606 23.8699 -6.30219 5.474 -27.047 0 0 0 -26.4129 6.39213 23.6663 21.0228 -2.56731 -17.8306 0 0 0 
0.00916577 1.02113 -1.73876 0.531461 6.47036 -6.70246 -0.30435 0.52411 -4.57241 0 -4.33557e-07 0 13.4734 -24.6636 -139.142 -0.000820009 89.2997 -0.000821594 0 0 0 -45.0969 8.20925 -72.1073 0.0127461 -0.0258083 0.0253905 2.3697e-23 -1.50927e-07 -8.99597e-15 16.7595 -5.95244 23.3637 -8.36762 5.32447 -24.7913 0 0 0 -22.8111 6.39067 24.7917 18.2173 -2.2442 -17.8993 0 -2.13443e-07 0 
0.00874731 1.02113 -1.74132 0.300873 7.72685 -6.5021 -0.21399 -0.0714695 -4.32679 0 0 -3.33505e-09 14.1487 -22.5607 -138.867 -0.000235044 89.0394 -0.000232931 0 0 0 -45.0951 7.99773 -73.0813 0.0129849 -0.0287374 0.0281734 -2.3697e-23 -8.99597e-15 1.50927e-07 22.1511 -5.98553 21.7845 -14.4268 3.65663 -19.9651 8.27093e-07 -2.66804e-08 -1.92573e-16 -21.7257 6.55426 24.5074 16.9674 -1.97185 -15.6455 0 0 0 
0.00848755 1.02113 -1.75239 -0.646946 17.7404 -5.74734 -0.681012 1.10372 -3.34914 0 0 0 17.1431 -33.6863 -144.861 -0.00017329 88.3249 -0.000167403 0 0 0 -45.9438 3.6992 -80.3161 -0.150523 -3.77789 3.58297 0 0 0 29.942 -3.11473 14.7987 -20.9207 1.88142 -11.5084 -8.53774e-07 0 0 -17.5418 5.88432 23.4669 12.9942 -1.89947 -14.6841 0 0 0 
0.00874731 1.01383 -1.7582 -3.24257 23.6666 -4.29004 -2.52833 -2.18736 -4.71124 0 0 0 17.4457 -32.9859 -144.382 -3.05157e-05 86.6906 -3.48189e-05 0 0 0 -44.3453 2.62955 -80.3786 -0.264083 -4.48885 4.26837 0 0 0 34.0934 -1.54131 10.3291 -22.1146 2.09032 -8.24139 0 0 0 -11.6958 2.85972 21.2079 8.02263 -0.776664 -14.125 0 0 0 
0.00916577 1.00792 -1.76384 -5.52224 30.1017 -5.68043 -2.06031 -0.313065 -3.3727 0 0 0 22.1735 -39.213 -148.218 -4.9827e-05 83.8811 -5.16218e-05 0 0 0 -143.86 -54.8983 66.2158 6.6577e-06 -49.7036 -1.43744e-05 0 0 0 40.4679 3.2515 5.6865 -25.4696 1.16952 -3.88646 0 0 0 -8.88598 1.82973 20.8296 7.45786 -0.113588 -13.0327 0 0 0 
0.0134175 1.00792 -1.77393 -8.8073 39.6492 -6.56716 -1.08969 0.888008 -0.334509 0 0 0 27.6223 -41.6591 -155.458 -1.19345e-05 84.2347 -1.32001e-05 0 0 0 -154.769 -47.5108 80.6509 -7.35197e-06 -49.5372 -3.68891e-07 0 0 0 46.3672 14.0565 3.57569 -34.5409 0.637407 -2.93638 0 0 0 -5.85311 1.16338 16.2713 7.49723 0.102072 -8.5534 0 0 0 
0.0139631 1.00438 -1.77571 -12.3272 44.5336 -7.09161 -1.01444 0.58216 -1.04066 0 0 0 31.6342 -36.9576 -155.531 -1.15643e-05 84.26 -1.40577e-05 8.53774e-07 0 0 -154.395 -43.2944 -103.756 3.36424e-05 -78.0702 -3.60704e-05 0 0 0 50.5533 25.7576 -0.252435 -38.2078 -1.30342 5.51757 -6.41081e-15 -3.44177e-06 2.13443e-07 -2.06478 -0.0304941 12.5858 6.21648 0.462889 -6.3745 0 0 0 
0.0163066 1.00438 -1.7774 -13.685 48.1687 -8.9837 -3.05794 -0.705263 -0.519149 0 0 0 33.7273 -32.3743 -153.891 -2.13174e-06 84.5661 -7.42014e-06 0 0 0 -152.473 -41.3082 -99.7799 -2.56879e-05 -78.0817 2.0832e-05 0 0 0 51.6507 30.6715 -1.69284 -39.442 -2.18983 9.86164 -1.27222e-14 -3.4151e-06 4.26887e-07 -1.78 -0.181522 11.4721 7.95003 0.361751 -3.53325 0 0 0 
0.0174741 1.01034 -1.7774 -15.1908 48.7945 -10.2665 -2.30431 -0.114827 -0.579577 0 0 0 36.2552 -25.391 -151.133 -0.000116053 85.6375 -0.000113938 0 0 0 -152.534 -39.9351 -99.3546 -4.84205e-05 -77.9445 4.3564e-05 0 0 0 51.8237 30.9041 -1.40083 -38.9264 -2.54584 9.17338 4.26887e-07 -1.59028e-15 4.26887e-07 -0.332596 -1.00879 10.8331 8.78725 0.546436 -2.97973 4.26887e-07 1.59028e-15 -4.26887e-07 
0.0385752 1.01099 -1.77748 -20.9015 51.9959 -12.6022 -0.797118 -0.0381431 0.356824 0 0 0 37.6206 -24.6176 -154.339 4.03436e-05 88.4046 4.63813e-05 0 0 0 -154.72 -37.4353 -93.6453 7.91712e-06 -78.0086 -1.52015e-05 0 0 0 51.8927 29.0266 -3.4015 -36.9442 -1.32124 4.09313 0 0 0 4.1137 -0.86331 6.57055 6.46149 -0.0724052 0.379458 0 0 0 
0.0471794 1.01099 -1.7811 -19.7762 51.2445 -12.3983 -0.0851439 0.863096 0.981913 0 0 0 34.6655 -18.1839 -153.945 180 85.9685 180 0 0 0 -155.678 -37.3698 -93.845 2.03292e-05 -77.8177 -2.51863e-05 0 0 0 48.6494 18.282 -2.66748 -31.101 0.775992 -2.04654 0 0 0 2.50143 -0.944046 6.53123 7.48816 -0.677803 3.49496 0 0 0 
0.0688879 1.01652 -1.78191 -21.4852 53.3857 -12.6152 0.799912 -0.161051 -0.781142 0 0 0 33.5546 -16.5341 -150.978 -180 87.9808 -180 0 0 0 -156.191 -35.8041 -93.7318 -3.57964e-05 -77.9753 3.33683e-05 0 0 0 45.517 13.7773 -3.77719 -26.6833 2.31562 -5.94494 0 0 0 2.37713 -0.965154 4.66074 8.47469 -1.06535 5.53284 0 0 0 
0.081438 1.01765 -1.78651 -19.0135 55.7036 -11.0309 -1.31561 -0.321817 0.230866 5.33609e-08 0 0 33.188 -13.3498 -149.401 -180 86.9306 -180 0 0 0 -156.98 -35.8297 -121.539 6.56241e-06 -80.3377 -7.77414e-06 0 0 0 41.8552 11.464 -3.79896 -24.8968 2.33202 -6.7248 0 -3.41509e-06 0 -2.51479 -1.33922 3.98738 11.679 -1.32492 8.04841 0 0 0 
0.10206 1.01765 -1.79391 -14.2823 62.3034 -9.28165 -4.33088 -5.50914 1.75473 8.53774e-07 0 0 31.7708 -6.02511 -147.128 -180 85.7002 -180 0 0 0 -158.345 -35.7216 120.365 3.29542e-06 -59.2071 -5.80015e-06 0 0 0 34.3959 7.26475 -1.68575 -21.8643 3.32693 -9.86515 0 0 0 -9.78262 -1.82234 6.72716 15.4465 -1.41048 7.8107 0 0 0 
0.113722 1.01765 -1.79779 -9.80901 63.4347 -3.21108 -7.17574 -1.57766 -4.46446 0 0 0 29.5787 -8.24182 -143.2 -179.998 89.5975 -179.998 -3.41509e-06 0 0 -2.49879 -13.0147 -145.6 5.73967e-05 -86.711 -5.83026e-05 0 0 0 32.962 9.94595 -2.48717 -25.5616 2.52682 -10.4082 0 0 0 -13.4338 -2.2642 3.11222 16.1632 -1.08846 9.09089 0 0 0 
0.118535 0.962015 -1.79779 -6.17204 60.8922 0.0722559 -8.86958 4.23923 -4.95264 0 0 0 12.328 -12.9989 -141.135 -4.36129e-05 80.9741 -4.84576e-05 0 0 0 2.16272 -15.5709 -147.339 8.93848e-05 -85.6205 -9.77486e-05 1.73423e-06 -8.07563e-16 5.33609e-08 37.0817 13.4489 0.0897993 -33.0094 0.120811 -10.0261 0 0 0 -19.9984 -3.36838 2.06657 19.6445 1.02443 10.4355 0 0 0 
0.12864 0.962015 -1.79779 -4.2694 71.9487 0.113777 -11.1622 -3.60837 0.130708 0 0 0 13.5158 -11.1042 -142.812 -2.79523e-05 80.088 -2.79523e-05 0 0 0 6.36911 -17.4472 -153.564 -5.01027e-06 -84.0657 3.0078e-06 0 0 0 36.2697 19.7238 0.0774698 -38.9113 -0.330798 -4.4193 -8.53774e-07 0 0 -24.0579 -3.91069 4.67461 23.6549 0.598763 10.0542 0 0 0 
0.132748 0.952563 -1.80394 3.22908 70.2487 9.42569 -15.2969 1.95762 -2.20319 0 0 0 12.8798 -18.0239 -142.493 7.06315e-06 70.3143 7.06315e-06 0 0 0 7.2972 -19.669 -150.995 2.78545e-05 -85.1667 -3.03093e-05 0 0 0 31.2206 19.8691 -1.84086 -38.7138 -0.745511 -5.57992 0 0 0 -29.4387 -8.15141 -0.327459 25.1082 1.51543 14.1716 0 0 0 
0.1499 0.962015 -1.81682 13.038 70.3092 19.8147 -18.6306 -0.333265 -4.04202 0 0 0 13.6407 -10.81 -139.642 -3.22092e-05 73.3864 -3.46497e-05 -3.41509e-06 -2.54444e-14 -8.53774e-07 4.87785 -13.7606 -147.228 3.32664e-05 -77.1531 -3.48612e-05 0 0 0 25.994 18.3022 -1.78988 -37.355 -0.954217 -7.87382 0 0 0 -34.1683 -8.18678 0.225613 25.9871 1.20995 12.1559 0 0 0 
0.150488 0.981094 -1.81682 6.87973 72.1361 13.562 -15.6689 -0.120833 -1.10197 0 0 0 17.3249 -7.30424 -140.478 -1.43056e-05 80.3167 -1.43056e-05 0 0 0 0.742792 -12.2007 -147.145 9.12151e-06 -76.5848 -1.1553e-05 0 0 0 31.2711 23.9695 -0.898996 -41.8444 -0.398704 -2.7293 0 0 0 -35.7479 -12.3498 -1.231 28.9686 1.62397 16.3166 0 0 0 
0.169052 1.00727 -1.81682 -16.1092 73.424 -10.3397 -2.36341 0.667503 -0.982687 0 0 0 20.7074 -9.68664 -140.222 -7.08045e-05 86.6513 -7.38243e-05 0 0 0 -8.15795 -11.4856 -142.965 3.39669e-06 -76.5014 -4.30857e-06 0 0 0 36.3057 19.7755 2.24193 -39.1523 0.148335 -6.42172 0 0 0 -27.9965 -5.60198 2.62829 25.3401 0.0795024 4.03108 0 0 0 
0.174609 1.01127 -1.81497 -20.374 76.3656 -14.6629 -1.03519 -0.109501 -1.05711 0 0 0 20.1095 -6.84349 -139.215 -0.00196215 89.7376 -0.00196516 0 0 0 -9.99265 -11.9986 -138.135 1.01586e-05 -77.9689 -7.12335e-06 0 0 0 38.0083 21.0895 1.91623 -39.8771 0.0547877 -3.9673 0 0 0 -28.4755 -6.42119 3.93685 27.8119 0.00907345 1.66507 4.26887e-07 -3.4151e-06 -1.27222e-14 
0.182059 1.01127 -1.81375 -23.9144 78.3534 -18.8914 -0.603476 -1.0298 -1.47836 0 0 0 21.376 -5.34482 -137.313 -9.61726e-05 88.9246 -9.67763e-05 0 0 0 -10.1234 -11.9621 -141.225 -2.7864e-06 -79.966 6.6529e-07 0 0 0 38.5996 21.3283 2.39564 -40.1649 0.04033 -2.38307 0 0 0 -27.8512 -5.59992 3.63336 26.2983 -0.0348942 -1.62768 0 0 0 
0.1827 1.01142 -1.81235 -26.631 79.7602 -21.1581 -0.502048 -0.614798 -1.84217 0 0 0 22.6097 -2.70237 -138.487 -180 88.4122 -180 0 0 0 -8.87797 -9.07809 -137.666 2.0734e-05 -75.8873 -2.10382e-05 0 0 0 38.9697 23.4779 1.60334 -40.9201 -0.00446764 0.266601 0 0 0 -27.0668 -4.1472 3.59026 23.6109 -0.177485 -3.75116 0 0 0 
0.185011 1.0145 -1.80815 -38.7747 81.2914 -30.7268 -0.245498 1.16781 1.13577 0 0 0 25.0877 -6.7976 -143.173 180 89.526 180 0 0 -2.13443e-07 -6.90452 -13.6512 -144.168 5.71765e-05 -77.9898 -6.11222e-05 0 0 0 39.0237 31.5301 -2.70944 -43.3445 0.449027 8.14212 0 0 0 -25.0224 -4.26943 0.907521 21.2191 -0.37094 -4.08833 0 0 0 
0.185155 1.0145 -1.80655 -44.6808 82.3408 -36.6254 -0.233075 2.11958 1.17629 0 0 0 24.7644 -6.29083 -143.018 -0.00125394 89.7815 -0.00125635 0 0 0 -6.78951 -15.638 -143.839 9.17203e-06 -77.3998 -1.00831e-05 0 0 0 37.3582 32.3497 -6.79059 -41.4582 0.889896 14.5491 0 3.4151e-06 0 -25.1606 -6.10962 -2.40733 21.7928 -0.0848258 -1.03155 0 0 0 
0.19217 1.0145 -1.80632 -52.059 84.2067 -44.8328 -0.542386 0.0406953 1.34288 0 0 0 24.209 -3.48066 -140.907 -180 86.7505 180 0 0 0 -7.59244 -12.5794 -139.907 -3.08621e-05 -75.6097 3.42088e-05 0 0 0 36.5719 31.4246 -6.37117 -41.0937 0.829626 14.5562 0 0 0 -25.6207 -6.48377 -3.12145 21.9502 -0.0965716 -1.34757 0 0 0 
0.196166 1.0161 -1.80151 -39.2538 85.6497 -32.5673 -1.26504 -0.0455073 1.4992 0 0 0 23.0055 -3.13895 -141.938 180 83.948 180 0 0 0 -9.82317 -11.0517 -137.206 -8.6464e-06 -72.7165 7.42511e-06 0 0 0 33.6612 26.3186 -5.68787 -39.3051 0.396211 9.8515 0 1.33402e-08 0 -28.5569 -7.61441 -2.7185 24.2139 -0.127628 -2.2394 0 0 0 
0.197907 1.0161 -1.79858 -36.5403 86.685 -29.6112 -1.45891 0.58214 0.42796 0 0 0 22.2133 -1.67828 -143.041 -180 84.053 -180 0 0 0 -10.5222 -10.6383 -135.044 1.75801e-05 -75.4335 -1.57543e-05 0 0 0 33.3353 24.7531 -3.39975 -39.7658 0.182202 5.36005 4.26887e-07 3.41509e-06 1.27222e-14 -29.6712 -8.74203 -4.10815 24.8794 0.0320413 0.643446 0 0 0 
0.202894 0.999269 -1.79614 -88.488 88.0525 -82.8963 0.997082 -0.635431 -0.667078 0 0 0 16.6058 -4.09496 -139.592 -180 85.7708 -180 0 0 0 -13.9935 -10.3309 -135.553 -9.6351e-06 -81.143 6.002e-06 0 0 0 32.7354 19.1795 -2.31586 -37.5843 0.101146 1.09973 -4.26887e-07 -3.41593e-06 1.27253e-14 -32.0792 -9.95997 -1.09735 27.8883 -0.496811 -3.76961 0 0 0 
0.203132 1.00439 -1.7959 -16.2518 89.2742 -10.7232 -0.168988 0.0111836 -0.683248 0 0 0 14.5858 -1.38989 -138.858 -180 83.805 -180 0 0 0 -14.2359 -9.08679 -135.964 -2.0911e-05 -81.3455 1.90947e-05 0 0 0 31.7204 18.2039 -1.53072 -37.6097 0.124036 0.889823 0 0 0 -32.9533 -11.2655 -2.24377 28.1152 -0.173375 -1.06037 0 0 0 
0.206906 0.999269 -1.78744 125.914 86.7203 130.034 -0.836459 -0.781726 -1.19282 0 0 0 12.9541 -4.127 -132.983 -180 84.8164 -180 0 0 0 -12.2925 -11.8753 -138.497 5.01753e-05 -81.2422 -4.86616e-05 0 0 0 26.6979 15.0822 -0.507865 -35.3738 -0.0130632 -0.109794 0 0 0 -34.9896 -7.37833 1.02091 26.2845 -0.658854 -4.3686 0 0 0 
0.207218 0.996866 -1.78088 120.052 86.1621 122.985 -1.04593 -0.00926848 -1.52732 0 0 0 12.6063 -2.0037 -133.221 -180 83.1727 -180 0 0 0 -12.685 -13.0304 -137.105 7.34636e-06 -80.9465 -7.95196e-06 0 0 0 -10.566 0.158985 2.14096 2.63647 -1.25554 -9.61015 0 0 0 -2.64925 0.488025 1.47386 -5.0614 -1.00304 -8.0622 0 0 0 
0.208326 0.996009 -1.77582 145.518 85.6915 148.14 -0.200389 0.198536 -1.63802 0 0 0 12.1305 -2.7371 -132.536 -180 85.7024 -180 -3.41509e-06 0 0 -12.7655 -12.3203 -136.4 3.29071e-05 -83.0223 -3.65361e-05 0 0 0 -9.04795 0.295078 2.46614 2.31669 -0.967113 -6.99233 0 0 0 -0.220201 0.853359 1.30866 -7.36631 -1.48457 -9.6632 0 -3.33505e-09 0 
0.209179 0.995724 -1.76691 137.986 83.4347 140.468 -0.465488 -0.85941 -1.78507 0 0 0 10.4258 0.937062 -134.763 -180 82.9914 -180 0 0 0 -13.6116 -10.2232 -135.438 180 -88.3326 -180 0 0 0 -11.6806 0.0516409 1.17896 4.03607 -0.386638 -3.07756 0 0 0 -1.74029 1.05921 1.92705 -7.95675 -1.83336 -11.1169 4.26887e-07 0 0 
0.208326 0.994315 -1.76196 137.739 83.3843 141.349 -0.347642 -0.681003 -1.37682 -2.13443e-07 0 0 10.4863 1.55054 -134.291 -180 82.8383 180 0 0 0 -13.4599 -9.94483 -136.635 -180 -87.0808 180 0 0 0 -11.9267 -0.449474 -0.938734 4.99651 -0.328554 -2.73178 0 0 0 -1.49094 1.11762 1.09246 -8.01209 -2.02555 -11.9853 0 0 0 
0.209179 0.994315 -1.7503 126.408 81.9257 130.179 -0.660848 1.35037 -4.59615 0 0 0 10.8748 -2.5996 -130.804 -180 81.943 -180 0 0 0 -14.9406 -6.82972 -133.136 0.000724064 -89.7659 -0.000725951 3.18055e-15 -4.26887e-07 -8.53774e-07 -13.712 -0.521682 -1.37527 4.86088 -0.3067 -2.55072 0 0 0 -3.42646 0.99514 0.685663 -7.61661 -1.83972 -11.3865 0 0 0 
0.209019 0.991099 -1.73335 132.528 82.4436 136.407 -0.448154 1.96705 -2.2404 0 0 0 9.90487 -4.39099 -133.638 -180 81.7858 -180 0 0 0 -12.3615 -8.12822 -136.67 0.000211511 -88.2831 -0.000216568 0 0 0 -12.8047 -0.873521 -1.78198 7.06429 -0.156666 -1.47592 -8.33763e-10 1.94126e-19 2.66804e-08 -2.15399 0.689911 0.76464 -5.18182 -1.68408 -12.2878 0 0 0 
0.210819 0.991099 -1.71277 142.056 80.8664 145.773 -0.834568 1.28522 -2.52834 0 0 0 12.485 -6.39701 -132.885 -180 83.8354 -180 0 0 0 -11.8854 -10.3179 -135.899 8.11063e-05 -86.5673 -8.51832e-05 1.59028e-15 -4.26887e-07 -4.26887e-07 -10.8709 -0.777047 -2.70733 5.18653 0.0496378 0.470766 0 0 0 -0.0877887 1.01241 -0.0182444 -7.75328 -1.69457 -11.6461 0 0 0 
0.211805 0.991099 -1.71148 133.875 80.8941 137.332 -0.113738 2.3332 -2.06089 0 0 0 11.403 -7.84505 -132.048 180 84.1187 180 0 0 0 -14.0438 -15.987 -137.609 180 -85.9151 -180 0 0 0 -11.6824 -0.486289 -1.51328 4.90317 -0.13333 -1.53459 0 0 0 -1.09956 0.66861 -1.5875 -7.69519 -0.668248 -5.47723 0 0 0 
0.213538 0.990411 -1.70176 91.1591 82.7506 94.7083 -0.830961 6.62496 -2.04909 0 0 0 12.4347 -5.27108 -131.011 -180 82.2046 -180 0 0 0 -12.3994 -14.0312 -140.119 180 -86.8403 -180 0 0 0 -10.9074 -0.189815 -0.529014 2.70994 -0.0395681 -6.26551 0 0 0 -1.86728 0.630141 -0.329986 -6.88511 -0.100496 -6.93341 0 0 0 
0.213538 0.990411 -1.70124 -33.3324 -75.1501 29.2068 0.573287 -2.91851 2.55197 4.96962e-17 -1.33402e-08 -4.26887e-07 13.2848 -15.0673 -41.0281 180 86.9798 180 3.42176e-06 -1.06722e-07 -3.18677e-15 -12.25 -7.69969 -49.6258 180 -77.7628 -180 0 0 0 1.1117 -0.397382 4.36508 8.2391 -0.193295 2.05131 0 0 0 11.5055 -0.0529866 2.12943 -5.04031 0.0331198 -0.773993 0 0 0 
0.214616 0.995306 -1.66873 -28.9635 -77.5761 24.8123 0.577802 0.390004 3.59886 0 0 0 10.3079 -17.421 -42.0808 -180 87.1246 -180 0 0 0 -16.525 -11.396 -51.2038 180 -81.8632 -180 0 0 0 -1.74918 -0.0309805 6.65464 5.62966 0.0817349 -1.35794 0 0 0 5.93608 -0.252937 2.98834 -1.79886 0.0781146 -1.21012 0 0 0 
0.216996 0.990411 -1.66038 -28.6514 -77.8654 25.0623 0.110408 0.348487 2.49024 0 0 0 10.3881 -17.2315 -42.4712 -180 87.5524 -180 0 0 0 -15.24 -11.0085 -49.4969 180 -81.0539 -180 -3.18055e-15 -4.26887e-07 8.53774e-07 -2.32244 -0.167783 4.16106 5.6535 -0.194204 3.11865 0 0 0 6.4655 -0.0716872 2.21944 -4.6027 0.0190553 -0.527894 0 0 0 
0.217172 0.990411 -1.64249 -40.3127 -77.158 36.823 -0.0884317 0.528184 2.13531 -2.13443e-07 3.41509e-06 -4.26887e-07 12.5549 -15.4608 -42.7029 -179.999 89.5378 -179.999 0 0 0 -14.3778 -10.3208 -48.9018 -180 -79.9273 -180 0 0 0 -0.88909 -0.181906 3.82768 6.34485 -0.164899 2.89254 0 0 0 8.01207 -0.137291 2.28415 -3.15734 0.0583856 -1.26843 0 0 0 
0.217417 0.995306 -1.64144 -37.6495 -76.2822 34.2966 0.163528 -1.05702 2.64377 0 0 0 13.5759 -14.97 -44.6383 -179.999 89.3974 -179.999 0 0 0 -16.0886 -9.35305 -50.6801 180 -81.7812 -180 0 0 0 -0.745545 -0.158654 4.3558 5.88361 -0.17585 2.83813 0 0 0 7.38536 -0.124269 1.59368 -2.00583 0.0367278 -0.558788 0 0 0 
0.218625 0.991145 -1.63266 -39.8336 -76.8051 36.7345 0.206531 -0.87985 2.9929 0 3.41509e-06 0 15.287 -15.7067 -45.3646 -0.000283149 89.6655 -0.000280885 1.59028e-15 8.53774e-07 2.13443e-07 -15.7799 -9.53999 -53.54 -180 -82.5424 180 0 0 0 -1.68891 -0.330073 3.69833 5.65903 -0.333111 3.3276 0 0 0 6.80244 -0.257193 2.11701 -2.39459 0.16662 -1.54948 0 0 0 
0.220998 0.984428 -1.62018 -50.4651 -77.0775 48.0111 0.262229 0.688465 2.90067 0 0 0 14.9495 -15.2278 -45.5253 -0.000468377 89.1425 -0.000469509 0 0 0 -15.8621 -9.62369 -53.3333 180 -78.0734 -180 0 0 0 -0.368106 -0.239473 1.6746 4.92639 -0.25257 4.55325 0 0 0 7.46543 -0.0621678 0.600153 -0.303769 0.0497113 -0.493119 0 0 0 
0.224861 0.991145 -1.6174 -48.7153 -76.362 47.1749 1.46881 -0.263261 2.72679 0 0 0 16.4222 -14.5984 -46.7603 -180 88.4331 -180 0 0 0 -18.2712 -8.52928 -53.5953 180 -76.3101 -180 0 0 0 -0.319496 -0.310927 0.178434 4.88444 -0.424902 5.30316 0 0 0 7.43442 0.154262 -1.17847 -0.22311 -0.00796263 0.0630002 0 0 0 
0.224861 0.991145 -1.60724 -43.9396 -77.8368 42.6254 -0.681819 -0.65198 2.32729 0 0 0 16.9068 -16.2176 -45.1925 180 85.5669 180 3.40842e-06 0 0 -19.2815 -6.99477 -51.5473 180 -77.1101 -180 0 0 0 -4.16147 -0.504238 0.295515 6.8995 -0.38321 4.89466 0 0 0 4.70333 0.153416 -1.10175 -1.80337 -0.0386154 0.478762 0 0 0 
0.224861 0.990411 -1.60177 -43.9195 -77.7368 42.2192 0.280254 -0.116308 2.98711 0 0 0 16.2159 -16.8815 -46.9453 180 85.8388 180 0 3.73526e-07 0 -21.2245 -8.5763 -52.0354 180 -79.2783 -180 0 0 0 -4.54864 -0.256327 1.65682 6.19093 -0.0669659 1.19505 0 0 0 4.49235 0.107103 -0.681239 -1.74303 -0.111736 1.48583 0 0 0 
0.224202 0.987784 -1.60121 -49.2661 -78.4193 46.7741 0.784668 0.974833 4.20377 0 0 0 15.9014 -15.7229 -46.9693 -180 87.4535 -180 0 0 0 -20.6836 -8.63526 -52.1348 180 -80.2175 -180 0 0 1.70755e-06 -4.94598 -0.249722 2.30471 6.6413 -0.017612 0.31382 0 0 0 5.23572 0.010319 0.582102 -2.99811 0.000754154 -0.0115197 0 0 0 
0.223997 0.987784 -1.59875 -50.7129 -76.9765 48.2823 0.34927 0.38772 2.48365 0 0 0 16.8006 -16.8209 -46.0962 -180 85.8559 -180 0 4.26887e-07 0 -19.841 -7.78932 -49.8269 180 -80.2905 -180 0 0 0 -3.63933 -0.200209 2.78362 5.6563 0.18284 -4.70498 0 0 0 5.7756 -0.0454321 0.657877 -1.49993 0.0766126 -0.976585 0 0 0 
0.223714 0.985751 -1.59389 -47.2334 -76.735 44.6036 0.243655 -0.334552 2.0168 -4.26887e-07 0 0 14.0223 -16.9958 -46.7282 180 85.536 180 0 0 0 -21.6888 -7.30052 -49.0661 -180 -78.7112 180 0 0 0 -4.38697 -0.148741 3.62133 5.44698 0.135115 -6.84901 0 0 0 4.63779 -0.0777062 0.977733 -0.31214 0.0845585 -1.09533 0 0 0 
0.223714 0.985751 -1.59164 -44.5261 -76.8816 41.6896 -0.26965 -0.331433 2.46777 0 0 0 13.0877 -16.2919 -46.0306 180 83.5865 180 0 0 0 -21.6273 -6.58776 -48.0117 180 -77.5577 180 0 0 0 -4.39895 -0.0519842 4.10107 4.24628 0.0627386 -7.44076 0 0 0 4.04842 -0.114141 1.36652 0.141379 0.110325 -1.30009 0 0 0 
0.222339 0.985751 -1.59109 -48.0971 -76.9039 44.8967 0.593128 0.521353 2.69577 0 0 0 11.9903 -15.3657 -45.1961 -180 82.8644 -180 0 0 0 -21.7071 -6.71534 -49.4291 -180 -77.9747 180 0 -8.53774e-07 0 -3.91727 0.0198614 4.39243 3.97628 -0.0507916 -7.9746 0 0 0 4.88131 -0.120352 1.59057 -0.582406 0.0498967 -0.728989 0 0 0 
0.217784 0.984142 -1.58846 -36.7845 -75.3668 32.6487 -0.810556 -2.3369 3.83805 0 0 0 12.1507 -15.0832 -45.3815 -180 82.5681 -180 0 0 0 -20.9808 -6.03696 -49.2775 180 -76.9887 -180 0 0 1.70755e-06 -5.09492 0.287087 4.96808 1.65069 -0.19522 -4.52736 0 0 0 2.03195 -0.137496 2.24523 1.34051 -0.0619483 0.808953 0 0 0 
0.217784 0.973149 -1.58846 -33.5692 -76.079 30.048 0.459871 -0.66969 2.53799 0 0 0 6.34275 -18.4944 -44.0937 -180 82.8746 -180 0 0 0 -22.2351 -7.36985 -48.2684 180 -77.8498 180 0 0 0 -5.85432 0.29958 3.00898 0.550927 -0.227388 -2.41995 0 0 0 0.541121 -0.085041 -0.10617 1.77912 -0.205471 5.16981 0 0 0 
0.217784 0.973149 -1.58822 -31.1108 -75.9233 28.1526 0.0188683 0.0330614 2.5243 0 0 0 9.31091 -20.5802 -47.3083 -180 80.6222 -180 0 0 0 -22.3483 -6.71889 -47.518 -180 -77.3965 180 0 0 0 -6.54692 0.207851 2.07747 0.721247 -0.247308 -2.58741 0 0 0 -0.0582726 -0.102753 -0.760293 2.12373 -0.226402 5.29323 0 0 0 
0.217784 0.986913 -1.58846 -31.3758 -75.8772 28.4177 0.101391 -0.247148 2.51546 0 0 0 13.5064 -19.9825 -48.4627 -180 77.7981 -180 0 0 0 -24.5138 -5.9644 -47.7682 180 -75.3986 -180 0 0 0 -6.91078 0.159252 2.14423 1.96607 -0.183069 -2.7377 0 0 0 0.00503491 -0.069812 -0.750449 1.69986 -0.265263 5.34946 0 0 0 
0.217063 0.982722 -1.59294 -26.1743 -75.6473 23.3446 -0.394333 -1.30341 1.98208 0 0 0 11.7278 -20.3649 -42.7756 -180 77.7213 -180 0 0 0 -23.8091 -4.96776 -48.0438 -180 -76.605 180 0 0 0 -8.14449 0.190375 2.39715 2.41179 -0.198986 -2.84328 0 0 0 -1.03292 -0.0542675 -0.692823 1.5432 -0.171726 4.35704 0 0 0 
0.210343 0.992334 -1.62194 -44.9696 -76.7547 40.5505 -0.375973 1.82682 2.22975 0 0 0 18.3044 -19.4974 -42.5966 -180 75.2548 -180 -4.16882e-10 6.67011e-09 -2.42657e-20 -20.8599 -5.14329 -47.243 -180 -75.4749 180 0 0 0 -0.291061 0.197612 3.10166 -2.00583 -0.180865 -2.20372 0 0 0 7.22107 -0.185482 3.12351 -2.95608 -0.024618 0.748558 0 0 0 
0.202889 0.992334 -1.62509 -37.9497 -75.8288 31.8102 0.111966 0.139622 3.69234 0 0 0 16.9962 -19.0323 -41.4813 -180 77.2398 -180 0 0 1.06722e-07 -20.9218 -5.0873 -47.8108 180 -76.4883 -180 0 0 0 -0.69396 0.373524 6.27548 -2.71781 -0.299486 -3.28096 0 0 0 6.16987 -0.410814 5.92484 -2.19419 0.041222 -1.05856 0 0 0 
0.201775 0.997611 -1.62697 -35.9282 -75.9758 30.4601 -0.317253 -0.619928 2.0081 0 0 0 16.3938 -16.5918 -39.346 -180 79.4289 -180 0 0 0 -21.165 -2.67247 -48.9926 180 -77.5655 -180 0 0 0 -1.03842 0.267874 5.65106 -2.88232 -0.256477 -3.26305 0 0 0 5.69284 -0.50372 6.20101 -2.02947 0.135896 -2.46984 0 0 0 
0.201047 0.991184 -1.62939 -32.1678 -75.6457 27.5937 -0.213605 0.366913 1.9626 0 0 0 14.8994 -19.7191 -42.5487 180 77.3487 180 -4.16882e-10 -3.88251e-19 -1.06722e-07 -21.2727 -4.70876 -48.8524 180 -78.462 -180 0 0 1.70755e-06 -1.36732 0.369842 5.26753 -2.68015 -0.341658 -3.49154 0 0 0 5.3193 -0.278904 5.31563 -2.53553 0.0522827 -2.31629 0 0 0 
0.199926 0.997611 -1.6272 -29.6318 -75.4111 25.0367 -0.620561 1.92595 2.18304 0 0 0 14.7809 -22.4585 -41.1727 180 75.0248 180 0 0 0 -21.6749 -7.17329 -47.8306 180 -78.6474 -180 0 0 0 -1.83387 0.286786 5.71405 -3.259 -0.313378 -3.80261 0 0 0 5.28266 -0.496044 7.49107 -3.86067 0.214588 -6.45865 0 0 0 
0.199561 0.997611 -1.62939 -24.4442 -75.5471 21.4164 0.243119 1.39087 3.79388 0 0 0 13.2635 -22.1551 -42.4909 -180 74.7492 -180 0 0 0 -23.2818 -7.59319 -50.6513 180 -78.4546 -180 0 0 0 -3.30047 0.198829 4.45151 -1.88987 -0.228039 -3.64365 0 0 0 3.7686 -0.335182 6.00195 -3.48014 0.236248 -6.85059 0 0 0 
0.19775 1.00397 -1.62939 -25.3466 -72.2583 22.4974 0.63898 0.257126 4.35093 0 0 0 15.3023 -19.925 -46.7724 -180 76.9086 -180 0 0 0 -23.9712 -9.95152 -49.8305 180 -76.9465 -180 0 0 0 -3.12492 0.317233 4.54701 0.457609 -0.264941 -4.04274 0 0 0 4.43685 -0.198432 4.40315 -1.54452 0.141951 -4.37559 0 0 0 
0.193331 1.00397 -1.63039 -22.4698 -73.6551 17.8587 0.00912764 0.827152 5.57748 0 0 0 14.4545 -19.6785 -47.5869 -180 78.8625 180 0 0 0 -24.6492 -10.3877 -49.6168 180 -76.0727 180 0 0 0 -4.3626 0.500069 7.31718 0.640045 -0.289613 -4.73232 0 0 0 2.4563 -0.238363 5.16408 -0.358414 0.113422 -2.72162 0 0 0 
0.192532 1.00397 -1.63467 -24.1765 -72.6323 19.8679 0.34029 -1.3519 4.9222 0 0 0 14.401 -17.9673 -46.7596 180 78.1631 180 0 0 0 -24.4065 -7.27768 -50.4889 -180 -75.0089 180 0 -8.53774e-07 0 -3.13207 0.539779 7.51458 -1.15049 -0.464597 -5.46216 0 0 0 4.2061 -0.3522 7.96914 -2.34803 0.190526 -7.75163 0 0 0 
0.191453 1.00397 -1.63593 -25.9237 -74.5444 22.5456 0.0380998 -0.156992 3.89244 0 0 0 14.2533 -16.6937 -46.9712 -180 77.8265 -180 3.41509e-06 0 0 -24.1783 -5.77152 -51.0186 180 -74.5562 -180 0 -8.53774e-07 0 -3.87356 0.449936 6.50885 0.352136 -0.385562 -5.82837 0 0 0 3.04273 -0.382693 8.13567 -0.355836 0.409081 -9.12427 0 0 0 
0.190176 1.0052 -1.63749 -29.7241 -74.708 24.672 0.162932 0.466706 2.62512 0 0 0 14.5797 -16.4199 -42.5079 -180 77.0152 180 0 0 0 -23.2508 -6.5815 -49.2399 -180 -75.5792 180 0 0 0 -3.53252 0.434919 8.2658 1.53262 -0.227173 -6.2014 0 0 0 3.82422 -0.698864 10.4814 -0.142494 0.680562 -10.2283 0 0 0 
0.189123 0.998236 -1.63883 -31.5002 -75.08 25.7282 0.29034 1.04457 3.10164 0 0 0 12.7407 -15.9327 -43.1065 -180 79.767 -180 0 0 0 -22.3471 -6.62324 -48.2516 -180 -76.0627 180 0 0 0 -3.23621 0.609748 9.71691 1.54083 -0.374499 -7.8497 0 0 0 4.04903 -0.731486 11.4416 0.914869 0.778571 -10.5612 0 0 0 
0.189123 1.0052 -1.63883 -27.9496 -72.1229 22.2144 -0.450045 -1.32138 1.3888 0 0 0 14.6821 -14.3781 -40.0127 180 80.5581 180 3.4151e-06 -1.06722e-07 -3.18055e-15 -22.5291 -6.26893 -44.7891 -180 -73.9735 -180 0 0 0 -1.50634 0.412795 10.7162 0.398293 -0.272915 -7.86748 0 0 0 5.87006 -0.954359 11.4381 -0.902193 0.842056 -10.9437 5.33609e-08 -6.67011e-09 -3.10601e-18 
0.18658 1.0052 -1.63883 -29.9661 -73.0989 23.4933 -0.272997 0.0735934 2.02706 0 0 0 14.3602 -13.3768 -39.4569 180 81.7612 180 0 0 0 -21.8052 -7.61276 -45.3898 180 -74.0407 -180 0 -8.53774e-07 0 -1.53381 0.374523 9.92809 1.09824 -0.104873 -4.49981 0 3.4151e-06 0 5.65333 -1.25609 14.0552 0.0817255 1.31596 -14.1729 0 0 0 
0.186246 0.996109 -1.64093 -31.2224 -73.0254 24.7132 -0.112277 -0.00352579 2.05355 0 0 0 12.6161 -11.3113 -41.2577 -180 83.8726 -180 0 0 0 -20.2048 -7.70825 -44.9579 180 -73.1711 -180 0 0 0 -1.37366 0.171553 9.95703 1.15269 -0.00880439 -4.52763 0 0 0 5.96297 -1.55481 14.1884 -0.332221 1.58503 -14.3761 0 0 0 
0.183048 0.992006 -1.66151 -27.3201 -75.0852 22.5205 -0.88686 -2.61438 0.50509 0 0 0 10.2037 -5.96176 -40.5806 180 84.8822 180 0 0 0 -17.4429 0.62996 -47.5145 180 -74.0478 180 0 0 0 -1.0019 0.143524 7.78229 -1.25466 -0.136472 -3.93624 0 0 0 5.16921 -1.29437 13.3324 -0.447537 1.51626 -15.6766 0 0 0 
0.180121 0.992006 -1.66663 -31.6963 -75.9598 26.2555 -0.281366 -1.40525 1.85657 0 0 0 10.243 -6.82507 -41.9552 -180 86.2181 -180 0 0 0 -16.8013 -0.48253 -48.7359 180 -73.3665 -180 0 0 0 0.142565 0.0712376 7.49908 -2.0636 -0.100306 -2.67557 0 0 0 6.42634 -1.47092 14.4467 -1.36285 1.49827 -15.8028 0 0 0 
0.176533 0.991962 -1.66663 -33.8253 -77.1609 27.3136 0.20565 -0.084868 2.72132 0 0 0 9.44983 -6.84413 -41.8741 180 87.0895 180 0 0 0 -16.6162 -1.25655 -49.2963 180 -74.401 -180 0 0 0 -0.878043 0.10604 7.15585 -0.0545676 0.00736393 0.46703 0 0 0 6.08113 -1.64275 16.3882 -1.52841 1.69401 -18.1545 0 0 0 
0.174976 0.991962 -1.66663 -32.6942 -76.5204 25.922 0.243979 -0.772759 2.92192 0 0 0 9.61672 -9.19367 -43.8515 -180 88.6024 -180 3.41176e-06 -1.58872e-15 5.33608e-08 -16.2109 -1.25948 -49.226 180 -73.9929 -180 0 0 0 -1.0056 0.141621 7.82385 0.946921 -0.000113798 -0.042868 0 0 0 6.38614 -1.84558 16.5774 -0.780974 1.78535 -16.3214 0 0 0 
0.174976 0.992006 -1.66576 -32.322 -76.6172 25.6378 0.238309 -0.585219 2.71314 4.26887e-07 0 0 9.70024 -9.57732 -41.5466 -180 88.4252 -180 0 0 0 -15.3112 -2.35335 -48.9351 180 -75.5596 180 0 0 0 -1.48556 0.11991 7.39589 1.87031 -0.00816418 0.677959 0 0 0 6.09508 -1.85221 15.9755 -0.431741 1.81783 -15.5647 0 0 0 
0.175069 0.997043 -1.66528 -33.4564 -76.9349 26.5795 -0.252228 0.677736 3.3235 0 0 0 15.719 -15.1088 -44.4673 -180 81.8429 -180 0 0 0 -15.3504 -3.68544 -48.6854 180 -75.215 -180 0 0 0 -1.44398 0.202577 7.7509 1.55805 0.000437539 0.248321 0 0 0 5.82928 -1.7311 16.1252 0.295476 1.6785 -14.6679 0 0 0 
0.174976 0.991962 -1.66528 -32.2739 -76.1816 25.7888 0.361829 -0.0683775 2.3555 -1.06722e-07 3.41509e-06 -3.18055e-15 13.9141 -15.4164 -42.5634 -180 82.7778 -180 0 0 -1.86763e-07 -16.4731 -2.45063 -49.1397 -180 -77.0298 180 0 0 0 -0.863481 0.0951714 7.36414 1.12714 -0.00362649 0.73613 0 0 0 5.88967 -1.79194 15.6587 0.392161 1.87966 -15.3662 0 0 0 
0.174976 0.990375 -1.66468 -32.504 -76.1006 26.2559 0.184755 -0.214453 2.10404 0 0 0 12.8814 -15.3554 -40.9717 180 83.8696 180 0 0 0 -17.8625 -1.32775 -49.1597 180 -76.3196 -180 0 0 0 -0.3525 0.0371593 7.48441 0.0328912 2.10675e-05 0.00412501 0 0 0 6.08882 -1.86107 15.5015 0.440585 2.02192 -15.7469 0 0 0 
0.173373 0.994957 -1.66576 -32.9677 -76.2689 26.3875 0.2184 -0.1523 2.54665 0 0 0 13.6118 -14.992 -40.8354 -180 83.36 -180 0 0 0 -17.5984 -1.18892 -48.7456 180 -76.6898 -180 0 0 0 -0.376723 0.0775498 7.84585 -0.200577 -0.00515165 -0.386983 0 0 0 6.28936 -1.81428 15.8616 -0.0670305 1.90803 -16.1122 0 0 0 
0.173373 0.994957 -1.66468 -33.2142 -76.3101 26.6344 0.290047 -0.091563 2.53146 0 0 0 13.5361 -14.9783 -40.8372 -180 83.6964 -180 0 0 0 -18.1256 -1.02832 -49.2478 180 -77.7811 -180 0 0 0 -0.254496 0.0751455 8.44264 -0.445777 -0.0291685 -1.84002 0 0 0 7.09134 -1.80746 15.7357 -1.46495 1.69992 -15.889 0 0 0 
0.173373 0.994957 -1.66468 -33.2142 -76.3101 26.6344 0.26783 -0.090442 2.42123 0 0 0 13.5447 -14.5866 -40.9659 -180 84.3657 -180 0 0 0 -20.0324 -0.70792 -50.7526 180 -77.0984 -180 0 -8.53774e-07 0 -0.88133 0.130071 8.56701 1.42631 0.0129158 -2.2042 0 0 0 7.47698 -1.77396 15.4702 -2.18961 1.53778 -15.3526 0 0 0 
0.174993 1.00611 -1.66341 -35.3319 -77.4011 28.8723 0.271127 0.221048 2.53927 0 0 0 15.2353 -11.1389 -41.6273 -180 83.7935 -180 0 0 0 -23.2582 0.395853 -50.5869 180 -74.7776 -180 0 0 0 -1.53052 0.19031 8.4675 2.4139 0.0300182 -3.00217 -6.33626e-15 3.40175e-06 -2.13443e-07 6.84285 -1.64742 15.4434 -1.60143 1.48795 -15.3533 0 0 0 
0.174993 1.00611 -1.66104 -32.8695 -77.7092 26.3479 -0.352621 0.00428626 2.65904 0 0 0 12.8259 -10.5604 -42.3735 -180 83.0308 -180 0 0 0 -22.998 0.806845 -50.6723 -180 -74.7093 180 -3.18055e-15 -4.26887e-07 8.53774e-07 -2.56309 0.207566 8.65799 3.24372 0.0593875 -3.50826 0 0 0 5.98975 -1.61785 15.6098 -1.45054 1.37621 -14.607 0 0 0 
0.174993 1.00611 -1.65895 -29.4747 -77.4103 22.9245 -0.882229 -0.341965 2.77349 0 0 0 10.124 -6.70628 -39.6764 -180 85.8084 -180 0 0 0 -23.3986 0.563974 -49.8156 180 -75.5053 -180 0 0 0 -2.87416 0.211365 8.76906 2.89052 0.043658 -3.10295 0 0 0 5.28908 -1.6049 15.3482 -0.919072 1.39326 -13.9855 0 0 0 
0.174993 1.00611 -1.65786 -28.8497 -77.4214 23.2619 -0.907919 0.437772 2.0586 0 0 0 10.0254 -8.83502 -41.6818 180 84.6595 180 0 0 0 -23.252 -0.193771 -49.7105 -180 -74.9367 180 0 0 0 -3.39015 0.242381 7.84944 2.88336 0.0180665 -2.68382 0 0 0 4.46549 -1.42962 14.4552 -0.0391635 1.42981 -14.0473 0 0 0 
0.174315 0.993815 -1.65786 -27.6062 -77.75 21.8053 0.302224 0.529961 1.93047 0 0 0 4.83145 -8.6494 -40.5806 -180 86.334 -180 0 0 0 -22.6724 -1.31508 -49.957 -180 -75.9976 180 0 0 0 -3.49138 0.431717 6.39471 1.41271 0.0104736 0.229336 0 0 0 3.80492 -0.870172 13.5888 0.537493 0.820703 -11.5383 0 0 0 
0.174315 0.993458 -1.65786 -24.515 -77.7054 18.6486 -0.907803 0.146911 2.41061 0 0 0 5.06425 -8.177 -40.7404 -180 86.7977 -180 0 0 0 -21.7469 -1.26234 -50.2621 180 -75.0562 -180 0 0 0 -3.91016 0.364531 6.51932 1.04869 0.0547476 1.36593 1.28216e-14 3.44178e-06 4.26887e-07 3.38581 -1.07078 15.0424 -0.252056 1.03215 -14.4482 0 0 0 
0.174489 0.993815 -1.65786 -27.3853 -77.6331 21.5923 0.143812 0.113843 2.00213 0 0 0 5.0318 -7.11287 -39.7877 -180 85.858 -180 -3.41499e-06 0 0 -21.8159 -2.90403 -52.1132 180 -75.1585 -180 0 0 0 -3.37894 0.444587 6.86238 1.19151 0.0372813 0.806119 0 0 0 3.95272 -0.927108 14.6627 -0.185427 0.902981 -14.1758 0 0 0 
0.175616 1.00864 -1.65786 -31.6009 -77.6351 25.4197 -0.30613 0.218754 2.09185 0 0 0 10.4792 -7.46752 -40.2012 -180 82.8374 -180 0 0 0 -21.9279 -3.70456 -51.9797 -180 -73.3077 180 -3.41509e-06 4.26887e-07 -1.27222e-14 -3.07504 0.354713 7.21626 2.50467 0.00708807 0.535392 0 0 0 4.63275 -1.24194 15.2237 -0.110973 1.18904 -14.2448 0 0 0 
0.174489 1.00864 -1.66054 -31.3548 -77.6355 24.8682 0.20047 0.0109813 2.17582 0 0 0 9.96744 -7.15949 -38.9429 -180 83.0371 -180 0 0 0 -21.3754 -3.80076 -51.3103 180 -72.915 180 0 0 0 -3.10197 0.382579 7.60636 2.33501 -0.00609432 -0.381924 4.26887e-07 3.41509e-06 1.27222e-14 4.63024 -1.09748 13.8181 -0.326481 0.959851 -12.2261 0 0 0 
0.174578 1.00907 -1.66054 -31.4289 -77.8033 25.2622 0.0875036 -0.260049 1.65342 4.80248e-07 -1.78906e-15 4.26887e-07 11.0673 -6.66345 -38.6167 -180 82.5105 -180 0 0 0 -21.2915 -2.73586 -51.4451 180 -72.6455 -180 0 0 0 -3.57297 0.398629 7.90466 3.33148 -0.011492 -1.81389 0 0 0 4.93961 -1.11008 13.4324 -0.661519 0.856058 -10.988 0 0 0 
0.174578 1.00907 -1.66054 -31.707 -77.9264 25.5341 0.086767 -0.149244 1.65363 0 0 0 11.4977 -6.83215 -39.0073 -180 82.1126 -180 3.41509e-06 1.06722e-07 3.18055e-15 -23.0788 -2.49275 -50.3958 180 -71.3257 -180 0 0 0 -3.6935 0.372767 7.35398 3.58623 -0.00214717 -0.591294 0 0 0 4.90617 -1.0997 13.2378 -0.557274 0.816012 -10.3168 0 0 0 
0.174578 1.00907 -1.66098 -32.0414 -77.8903 26.0705 0.284379 -0.296518 2.13426 0 0 0 11.3998 -8.38602 -40.3292 -180 81.413 -180 0 0 0 -25.2673 -1.94093 -51.6586 180 -73.5823 180 -6.36111e-15 -8.53774e-07 8.53774e-07 -2.81273 0.363983 7.64753 1.70022 -0.0372458 -1.64603 0 0 0 5.06881 -1.03991 13.0138 -1.18244 0.706286 -10.2056 0 0 0 
0.174578 1.00907 -1.66154 -32.4722 -78.0884 27.38 0.262756 -0.694185 1.2498 0 0 0 11.7711 -7.76102 -40.3469 180 84.2101 180 0 0 0 -25.055 -0.310563 -52.0718 -180 -73.306 180 0 0 0 -2.8595 0.312897 6.65263 1.67451 -0.0435989 -1.86333 0 0 0 5.38764 -0.979267 12.0822 -1.72596 0.660652 -10.11 0 0 0 
0.175247 1.00937 -1.66198 -37.1078 -78.8584 32.9565 -0.679021 0.209933 3.09787 0 0 0 13.4302 -7.4208 -43.1986 -180 84.2426 -180 0 0 0 -23.7 -0.345464 -54.2576 180 -72.5717 -180 0 0 0 -1.92329 0.103661 3.47898 1.3401 0.0185668 1.43099 0 0 0 6.24298 -1.04618 10.9544 -1.56987 0.896565 -10.7428 0 0 0 
0.175247 1.0003 -1.66349 -38.568 -78.5702 34.4503 -0.258724 0.136898 3.03832 0 0 0 13.8721 -9.04787 -43.8182 -180 83.2463 -180 3.42843e-06 -9.57894e-15 3.20165e-07 -21.6907 -1.39611 -55.1742 -180 -74.5701 180 0 0 0 -1.31411 0.019125 3.31373 0.99682 -0.00944657 1.28089 0 0 0 6.60855 -1.29674 10.8735 -1.48601 1.15894 -10.7013 -6.36111e-15 3.4151e-06 -2.13443e-07 
0.175247 1.0003 -1.66349 -38.7084 -78.6106 34.5879 -0.313409 -0.844401 3.03841 0 0 0 16.7493 -10.2768 -44.0384 -180 80.4297 -180 3.97569e-16 1.06722e-07 4.26887e-07 -20.3899 0.0218566 -55.5449 180 -77.1743 -180 0 0 0 -1.35613 0.0217179 3.39759 0.93649 -0.00919508 1.86587 0 0 0 6.48439 -1.2762 10.8982 -1.37429 1.20705 -11.2081 0 0 0 
0.173386 0.983717 -1.66374 -37.3949 -78.4191 31.9603 0.354889 -0.80534 1.02051 4.26887e-07 6.67011e-09 2.48481e-17 11.4506 -11.6697 -41.1935 -180 84.4453 -180 0 0 0 -18.6894 1.16583 -52.284 180 -79.4147 -180 0 0 0 -1.21571 0.115983 5.66335 0.466119 -0.0127955 -0.972155 0 0 0 6.81047 -1.34527 12.6028 -1.99652 1.01756 -11.2852 0 0 0 
0.172953 0.983617 -1.66374 -38.6479 -78.6452 32.6087 0.447676 0.301672 1.54257 0 0 0 11.053 -12.1783 -40.2112 -180 84.6419 -180 3.41509e-06 -7.95139e-16 2.66804e-08 -18.5256 0.476381 -50.9228 180 -80.3596 -180 0 -8.53774e-07 0 -1.32223 0.140808 6.50533 0.910829 0.00375763 0.530276 0 0 0 6.26763 -1.43714 13.4798 -0.944406 1.18562 -11.8317 0 0 0 
0.172271 0.983617 -1.66349 -38.4361 -78.5757 31.963 0.430161 0.575083 1.78064 4.26887e-07 0 0 11.1005 -12.5871 -40.2387 -180 85.8283 -180 0 0 0 -18.4325 -0.247797 -50.5066 -180 -80.7248 180 0 0 0 -2.5618 0.202917 6.94002 3.54129 0.00233778 -0.139102 0 0 0 6.14308 -1.48231 14.199 -0.931134 1.25051 -12.6875 0 0 0 
0.172271 0.983717 -1.66349 -37.6603 -78.1355 31.0989 0.312738 0.0413703 1.41513 4.26887e-07 0 0 10.3321 -11.6754 -39.3865 180 87.6255 180 0 0 0 -17.9023 -0.136667 -48.6364 180 -81.1908 -180 0 0 0 -2.15666 0.259311 8.13501 2.94374 0.0108865 -1.14934 0 0 0 6.11813 -1.72946 16.4162 -0.607763 1.76497 -16.8298 0 0 0 
0.172603 0.994647 -1.66202 -37.2419 -78.0442 30.7643 0.227697 0.0830217 1.3571 0 0 0 12.8044 -11.6044 -40.4109 180 86.261 180 0 0 0 -18.1606 -1.94365 -49.7991 180 -80.3854 -180 0 0 0 -1.05488 0.151057 7.97506 0.672101 -0.00794493 -0.976461 0 0 0 6.13167 -1.80661 16.5557 -0.579183 1.86061 -17.0451 0 0 0 
0.172647 0.994647 -1.66155 -36.0414 -77.5785 29.5693 -0.118589 -0.431869 1.41088 0 0 0 13.1558 -11.6002 -42.106 -180 86.0744 -180 0 0 -6.67011e-09 -17.8373 -1.94547 -49.6631 180 -79.3443 -180 0 0 0 -0.985549 0.159704 8.00983 0.51727 -0.011078 -0.956154 0 0 0 6.13407 -1.77655 16.277 -0.360504 1.87657 -16.9273 0 0 0 
0.172647 0.994647 -1.66145 -35.2609 -77.6015 28.7768 0.0790802 -0.508447 1.37387 0 0 4.26887e-07 12.8986 -12.1521 -42.0522 -180 85.5955 -180 0 0 0 -17.5916 -2.13745 -52.1415 180 -77.821 -180 0 0 0 -1.31453 0.18086 8.07271 0.879558 -0.00965893 -1.1382 0 0 0 6.27223 -1.75348 15.9899 -0.79107 1.77867 -16.5223 0 0 0 
0.172647 0.994107 -1.65942 -32.6128 -77.6245 26.3446 -0.0154745 -0.307841 1.66767 0 0 0 12.855 -12.4699 -43.2737 180 85.3888 180 0 0 0 -18.0332 -4.01264 -53.2883 -180 -78.8212 180 0 0 0 -2.12937 0.28338 7.99475 1.13257 -0.0213952 -1.20103 0 0 0 5.82388 -1.39023 14.6565 -1.37546 1.18193 -13.8298 2.13443e-07 0 0 
0.173745 0.994107 -1.65932 -35.2731 -78.4831 29.4167 0.26352 0.322096 1.69021 0 0 0 12.6316 -11.9638 -42.9821 -180 84.2659 -180 0 0 0 -18.8055 -1.91495 -53.3214 180 -77.2467 -180 0 0 0 -2.85031 0.311679 8.19923 2.65501 -0.0135385 -3.39243 0 0 0 5.44011 -1.32214 14.2517 -0.781109 1.15109 -13.0406 0 0 0 
0.173745 0.994107 -1.65915 -34.7587 -78.5474 28.7314 -0.0437669 0.581903 1.37816 0 0 0 12.875 -13.3839 -41.4706 -180 85.2702 -180 -1.66753e-09 -1.94126e-19 -1.33402e-08 -19.5304 -1.75023 -52.4373 180 -76.1598 -180 0 0 0 -3.85613 0.252965 6.80885 4.69107 0.00825977 -0.505798 0 0 0 4.87641 -1.28222 14.0154 0.0701415 1.15677 -12.1978 0 0 0 
0.173745 0.994107 -1.65932 -34.3533 -78.489 28.3265 -0.0285305 0.389218 1.79158 4.26887e-07 3.41509e-06 4.26887e-07 12.5741 -11.8695 -41.2042 -180 84.9685 -180 0 0 0 -18.5902 -2.59627 -52.9715 -180 -76.7133 180 0 0 0 -3.90014 0.276401 7.2869 4.66901 0.0243288 -1.5165 0 0 0 4.57264 -1.28345 14.0339 0.614069 1.22734 -12.2539 0 0 0 
0.174499 0.996256 -1.65932 -32.5878 -77.823 26.6834 -0.0135233 0.0343321 1.45858 0 0 0 12.295 -12.6486 -40.2423 180 84.4393 180 0 0 0 -18.691 -3.10823 -52.6946 -180 -76.7085 180 0 0 0 -3.80343 0.276951 7.09806 4.63169 0.0151596 -1.0276 0 0 2.13443e-07 4.74317 -1.25914 13.8369 0.494733 1.18718 -12.0589 0 0 0 
0.175131 0.997129 -1.65932 -33.3365 -78.021 27.6028 0.140846 0.0378815 1.68529 0 0 0 12.5415 -12.2525 -40.0502 -180 83.9188 -180 0 0 0 -19.1147 -2.79894 -53.1401 180 -76.3113 -180 0 0 0 -3.57323 0.282474 6.95207 4.12304 0.0123214 -1.41576 0 0 0 4.70092 -1.20579 13.4405 0.575246 1.17051 -11.9814 0 0 0 
0.175377 0.997909 -1.66022 -32.7931 -77.7475 26.7073 0.390719 -0.284927 2.47593 0 0 0 12.6536 -12.7881 -40.7814 -180 83.3244 -180 0 0 0 -19.3305 -2.94069 -53.7257 180 -76.2544 180 0 0 0 -3.48607 0.298661 7.32951 4.08151 0.0134693 -1.43171 0 0 0 5.02975 -1.22544 13.5901 -0.0794853 1.10605 -12.0382 0 0 0 
0.175377 1.00101 -1.66022 -32.6198 -77.6894 26.5437 0.382794 -0.359103 2.46938 -4.26887e-07 0 0 13.3233 -12.17 -40.6456 180 83.3046 180 0 0 0 -20.1487 -2.84415 -53.7261 180 -75.6922 -180 -3.41509e-06 4.26887e-07 -1.27222e-14 -3.51249 0.326525 7.32535 3.98324 0.00589615 -1.12003 0 0 0 5.05748 -1.19309 13.553 -0.163339 1.09381 -12.3015 0 0 0 
0.177789 1.00748 -1.66022 -32.9223 -77.9638 27.4684 -0.265551 0.0947589 1.36444 0 0 0 15.2944 -11.4192 -40.4388 -180 83.4487 -180 0 0 0 -21.7354 -3.62654 -54.0548 180 -74.2372 -180 0 8.53774e-07 0 -3.26244 0.27527 6.22394 3.30307 0.00156832 0.711261 0 0 0 4.97668 -1.11501 12.8701 -0.12347 1.06452 -12.1383 0 0 0 
0.177789 1.00748 -1.66022 -35.0981 -78.7616 29.5716 -0.157713 -0.0509928 2.18698 0 0 0 14.2187 -10.1697 -40.956 -180 85.0875 -180 0 0 0 -21.8657 -1.6913 -55.6619 180 -72.7297 -180 0 0 0 -3.29648 0.291174 6.30225 3.0498 0.000364751 0.0607952 0 0 0 4.58642 -1.03843 12.6017 0.0899269 0.957713 -11.238 0 0 0 
0.177789 1.00748 -1.66022 -34.938 -78.7793 29.4083 0.297492 0.256951 1.97897 0 0 0 13.3745 -10.9219 -41.8181 180 82.7651 180 0 0 0 -22.2767 -0.511381 -54.2489 180 -72.0201 -180 -3.41509e-06 0 0 -3.19133 0.267138 5.74485 2.57406 0.0027251 0.2328 0 0 0 4.60521 -1.07337 13.0078 -0.0623267 1.01597 -12.0857 2.13443e-07 0 0 
0.177243 0.995229 -1.65867 -30.703 -77.9484 25.0463 0.411397 -0.825422 2.07269 0 0 0 9.91832 -11.0116 -42.0083 -180 85.3929 -180 0 0 0 -20.4526 0.43288 -53.645 180 -73.3673 -180 0 0 0 -3.14974 0.345549 6.51687 1.51404 -0.00528833 -0.177854 0 0 0 4.28714 -1.06217 13.3406 0.195146 1.11438 -13.3427 0 0 0 
0.175345 0.995229 -1.66179 -32.1762 -78.0568 26.4861 0.130491 0.165937 1.83584 0 0 0 13.4689 -14.598 -43.6233 -180 84.2076 -180 0 0 0 -18.4575 -0.702786 -53.0002 180 -71.9262 -180 0 0 8.53774e-07 -2.32457 0.284528 6.29758 0.407588 0.00659116 0.17203 0 0 0 5.07136 -1.00616 13.1429 -1.23993 0.831761 -12.3679 0 0 0 
0.175159 0.993587 -1.65988 -29.7987 -78.167 24.0219 -0.32444 -0.184591 1.93486 0 0 0 14.5295 -14.3954 -44.8254 -180 83.699 -180 0 0 0 -18.459 -0.22506 -52.1466 180 -72.4692 -180 0 0 0 -3.37181 0.385508 6.49306 1.39851 0.00527097 0.140137 0 0 -2.13443e-07 3.99259 -1.01554 13.3585 0.628158 1.09581 -13.1014 2.13443e-07 3.40842e-06 2.13443e-07 
0.174113 0.993108 -1.65978 -31.5628 -78.32 25.5109 0.16265 0.332783 1.99781 -1.26974e-14 3.40842e-06 -4.26887e-07 14.1245 -15.344 -43.7436 -180 83.407 -180 0 0 0 -18.3892 -0.842459 -50.7797 180 -73.8528 -180 0 0 0 -2.79563 0.349922 6.81522 0.877337 0.00581072 0.156501 0 0 0 4.45704 -1.11293 14.0134 0.0963618 1.12269 -13.5755 0 0 0 
0.174113 0.993587 -1.65988 -29.678 -77.9879 23.6337 -0.150688 -0.1495 2.41654 0 0 0 14.4052 -15.1738 -44.2035 -180 83.9312 -180 0 0 4.26887e-07 -17.1002 -1.04323 -51.4312 180 -74.8161 -180 0 0 0 -2.96127 0.394091 6.87322 0.276405 0.015999 0.303388 0 0 0 4.34066 -1.025 13.6886 0.141789 0.997176 -12.7302 0 0 0 
0.173936 0.995093 -1.65988 -29.4601 -78.1822 23.2165 -0.554608 0.00379773 2.2267 0 0 0 14.6949 -15.2344 -44.1016 -180 83.6125 -180 0 0 0 -16.7746 -0.938347 -51.2138 180 -75.1216 -180 3.41509e-06 -4.26887e-07 8.53774e-07 -3.02919 0.34076 6.81231 0.848923 0.0366609 0.999034 0 0 0 4.81559 -1.059 13.8752 -1.58111 0.773249 -12.2313 0 0 0 
0.173631 0.992401 -1.65978 -31.3019 -78.1145 25.0477 0.557523 0.0842998 2.04862 0 0 0 13.9774 -15.1891 -43.859 -180 82.7225 -180 0 0 0 -17.302 -1.38734 -51.2761 -180 -75.8285 180 0 0 0 -2.50569 0.297105 6.86369 0.506909 0.0347858 0.987117 0 0 0 5.06794 -1.13735 13.5331 -1.00794 0.849971 -11.1964 0 0 0 
0.173631 0.991212 -1.65978 -29.1113 -77.925 22.8396 0.465079 0.0999922 2.26437 0 0 0 13.2299 -15.477 -43.567 -180 81.118 -180 0 0 0 -17.2843 -2.07088 -50.0069 180 -76.3289 -180 0 0 0 -2.96371 0.359859 7.81652 0.640249 -0.0318379 -0.890056 0 0 0 4.11629 -1.12685 14.059 -0.0153467 0.952491 -11.5804 0 0 0 
0.173631 0.989778 -1.6595 -27.6741 -77.332 21.3417 0.447701 -0.587246 2.46167 0 0 0 12.8192 -11.9459 -41.7041 -180 81.2681 -180 0 0 0 -17.2706 -1.90205 -50.0127 180 -76.2562 180 0 0 0 -3.0171 0.406273 7.66736 0.629218 -0.00957135 -0.224377 0 0 0 4.64393 -1.00543 13.1073 -0.893049 0.733994 -10.598 0 0 0 
0.172303 0.989761 -1.65872 -30.0673 -77.533 23.3989 0.776657 -0.133505 2.44484 0 0 0 12.0078 -11.9068 -40.9053 -180 80.6475 -180 0 0 0 -18.0386 -0.298778 -50.215 -180 -73.0465 180 0 0 0 -3.00562 0.484812 8.21721 1.16951 -0.0293215 -0.724939 0 0 0 4.32333 -0.902151 12.7027 0.22822 0.669772 -8.92176 0 0 0 
0.175963 0.989761 -1.65872 -31.1426 -78.3837 25.4009 -0.00357301 0.673604 1.62021 0 0 0 12.1756 -11.7715 -39.9054 -180 80.4499 -180 0 0 0 -17.4358 -0.149723 -50.0678 180 -73.0533 180 0 0 0 -3.10192 0.383983 6.74935 0.895589 -0.00629931 -0.14858 0 0 0 3.96877 -0.90533 12.2625 0.893487 0.783761 -9.21305 0 0 1.06722e-07 
0.17611 0.989761 -1.65872 -30.5391 -78.0706 24.6647 -0.32614 0.0780359 1.97466 0 0 0 12.6376 -11.0709 -39.9678 -180 80.0935 -180 0 0 0 -16.2464 -0.142294 -50.3172 -180 -73.5949 180 0 0 8.53774e-07 -3.61282 0.418421 6.71799 2.07908 -0.0044693 -0.141584 0 0 0 4.32572 -0.847765 11.3512 0.379315 0.586182 -7.29567 0 0 0 
0.176815 1.00804 -1.6578 -32.4198 -78.2103 26.4157 0.497512 0.0932712 2.24835 0 0 0 16.5603 -11.1361 -40.5667 -180 78.6108 -180 0 0 0 -18.5052 -1.23608 -50.4444 180 -74.4453 -180 0 0 0 -2.9749 0.328298 6.72331 1.68314 0.00799703 0.344514 9.93923e-17 2.66804e-08 4.26887e-07 4.54987 -0.952923 11.4221 0.409397 0.713638 -7.97474 0 0 0 
0.176815 1.01163 -1.6578 -33.5868 -78.6604 27.5553 0.43478 0.574108 2.31322 0 0 0 22.1036 -12.0003 -40.0056 180 76.6318 180 0 0 0 -18.7992 -3.39216 -52.0979 -180 -72.8021 180 0 0 0 -3.67787 0.335728 6.5345 3.13796 0.014422 1.32936 0 0 0 4.04838 -0.923124 11.6737 1.3711 0.72228 -7.47298 0 0 0 
0.176815 1.01163 -1.65902 -32.8336 -78.7361 26.7873 -0.100771 0.367145 2.40554 0 0 0 22.8519 -13.1319 -38.0145 -180 75.7726 -180 0 0 0 -16.4284 -4.06539 -54.0453 180 -72.9767 -180 -3.4151e-06 4.26887e-07 -1.27222e-14 -3.84431 0.331311 6.56392 3.25884 0.0112705 1.28807 0 0 0 3.86311 -0.91074 11.5682 1.42061 0.6978 -7.18969 0 0 0 
0.176676 1.00804 -1.6578 -32.0025 -78.3055 26.6813 0.0646511 0.326219 1.15881 0 0 0 22.7927 -15.333 -37.7059 -180 75.0713 -180 0 0 0 -12.4553 -4.68107 -54.1064 180 -76.573 180 0 0 0 -3.26445 0.285621 5.80638 1.9604 0.0095693 0.45664 0 0 0 3.76303 -0.86367 10.6793 1.89525 0.738134 -7.10473 0 0 0 
0.176676 1.00804 -1.6578 -29.0426 -76.9602 23.7899 0.312917 -1.1781 2.52601 0 0 0 23.4063 -13.7594 -40.3115 -180 77.9337 -180 0 0 0 -11.7589 -5.3396 -56.0132 -180 -74.2612 180 0 0 0 -2.966 0.291572 5.76859 1.29922 0.00273225 0.0895656 0 0 0 3.54711 -0.643855 8.51115 2.51416 0.506051 -4.74966 0 0 0 
0.176676 1.01227 -1.65239 -31.4492 -76.609 26.2956 0.566383 -1.1477 2.48119 0 0 0 24.0596 -14.6941 -38.9819 -180 77.4988 -180 0 0 0 -12.2512 -7.23877 -56.8395 180 -74.024 180 -3.4151e-06 2.13443e-07 -6.36111e-15 -3.40636 0.290671 5.35795 3.57201 0.00128092 0.101412 0 0 0 4.43307 -0.639857 8.29382 2.50884 0.511156 -4.74988 0 0 0 
0.181537 1.02234 -1.6471 -34.7684 -74.4559 30.1129 0.00972773 -1.24544 2.00577 0 0 0 28.1469 -15.4172 -37.9722 -180 79.6365 -180 0 0 0 -10.7922 -9.52812 -55.7309 180 -72.9594 -180 -3.41509e-06 4.26887e-07 -4.26887e-07 -1.10019 -0.0883447 5.85722 3.2274 0.0856352 -1.57871 -1.27222e-14 3.41509e-06 -4.26887e-07 7.04177 -1.19589 8.131 0.860416 0.824917 -5.19888 0 3.41504e-06 0 
0.181537 1.03169 -1.6471 -37.19 -73.8113 30.0361 -0.325045 -0.298258 2.39043 0 0 0 31.3611 -16.3204 -38.3143 -180 78.8033 -180 0 0 0 -12.3848 -12.4199 -51.8941 180 -71.7034 -180 0 0 8.53774e-07 -0.627816 -0.0486412 8.43051 4.1129 0.0627228 -1.05147 0 0 0 7.52046 -1.44463 10.5894 0.915431 0.7809 -5.19835 0 0 0 
0.181537 1.03169 -1.6471 -37.3871 -73.8199 30.2362 -0.353523 -0.263583 2.39689 0 0 0 31.4888 -15.6769 -38.9768 -180 80.7345 -180 0 0 0 -12.781 -12.5637 -51.2167 -180 -71.157 180 -3.4151e-06 0 0 0.0280195 -0.0656753 8.28047 3.01906 0.041007 -0.807213 0 0 0 8.33261 -1.49836 10.3966 -0.365767 0.689674 -4.90561 0 0 0 
0.181475 1.03354 -1.6471 -37.3366 -73.7958 30.1706 -0.293659 -0.381626 2.40295 0 0 0 31.0408 -15.9075 -38.4644 180 81.2662 180 0 0 0 -14.7379 -12.5753 -50.9825 180 -70.9716 180 -3.4151e-06 0 0 -0.0123081 -0.0751677 8.00651 3.71479 0.0563741 -0.957882 0 0 0 8.32831 -1.36524 9.70144 -0.277903 0.504687 -3.66309 0 0 0 
0.181475 1.03169 -1.64573 -37.0211 -73.2843 29.9098 0.0367605 -0.702991 2.38388 0 0 0 30.7874 -16.4054 -38.153 180 79.8426 180 0 0 0 -15.1675 -12.1919 -51.0331 -180 -72.1063 180 0 0 0 1.65574 -0.25088 8.0802 0.278769 0.00913749 -0.25439 0 3.41509e-06 0 8.99668 -1.65568 10.3964 -0.727244 0.706823 -4.68902 0 0 0 
0.181475 1.03755 -1.64719 -36.9452 -72.1867 30.5682 0.650065 -0.611831 2.18812 0 0 0 31.1568 -17.3821 -41.3431 -180 80.0584 -180 0 0 0 -18.7534 -12.0177 -48.6062 -180 -70.0529 180 0 0 0 2.43596 -0.279299 6.79121 0.247504 -0.032827 0.724569 0 0 0 9.22637 -1.3062 8.1175 -0.233727 0.507511 -3.20328 0 0 0 
0.181475 1.03226 -1.64719 -38.7243 -72.7847 33.562 -1.02801 -0.163909 2.80146 0 0 0 31.7288 -16.495 -43.6362 -180 80.1074 -180 0 0 0 -16.5235 -11.4691 -50.1058 180 -72.997 -180 0 0 0 3.16695 -0.552142 6.51194 -0.521504 0.0779309 -1.01699 1.27222e-14 3.41509e-06 4.26887e-07 8.65409 -1.49144 7.69994 1.45321 1.10176 -5.18593 0 0 0 
0.181529 1.04014 -1.64632 -38.756 -71.2678 32.5461 -0.999956 -0.116902 2.63643 0 0 0 30.8349 -18.2718 -41.1098 -180 78.9584 -180 0 0 0 -19.0319 -13.097 -47.2925 -180 -73.7408 180 0 0 0 4.31914 -0.482429 6.7287 -0.864825 -0.00378707 0.0658195 0 0 0 10.6751 -1.5768 8.23831 0.778744 1.02594 -5.06052 0 0 0 
0.181711 1.03226 -1.64719 -39.7839 -71.6948 34.3688 -1.20126 0.89049 3.81152 0 0 0 29.8928 -16.9318 -44.2764 -180 80.2268 -180 0 0 0 -19.4555 -14.0406 -48.9048 180 -73.6507 180 0 0 0 4.65924 -0.664109 6.82759 -1.46998 0.105484 -1.39706 0 0 0 10.7518 -1.60579 7.55674 0.259942 0.905056 -4.16529 0 0 0 
0.181529 1.03226 -1.65065 -45.3537 -70.4454 40.1791 0.187718 1.08387 3.47281 0 0 -8.53774e-07 28.1344 -15.0032 -45.0988 -180 78.7898 -180 0 0 0 -19.9862 -11.8841 -46.0339 180 -72.9232 -180 0 0 0 6.5279 -0.585915 6.23658 -0.269927 0.125944 -1.39999 0 0 0 14.4849 -1.46121 6.46487 -2.24868 0.632418 -3.1941 0 0 0 
0.180269 1.0294 -1.65065 -40.35 -70.4521 35.2429 -0.563615 -0.816055 3.16069 0 0 0 27.0732 -13.5043 -45.3168 -180 77.682 -180 0 0 0 -20.5692 -8.2527 -45.9491 180 -73.0458 -180 0 0 0 5.75841 -0.667957 6.17526 -0.737303 0.119244 -1.23046 0 0 0 13.5106 -1.37629 5.82224 -2.48496 0.525219 -2.55982 0 0 0 
0.181711 1.0294 -1.65014 -41.2134 -70.2994 37.6679 0.23978 -1.16626 2.18368 0 0 0 26.4016 -12.9012 -45.3291 -180 77.5673 -180 0 0 0 -21.9899 -7.5488 -46.5467 180 -72.1899 -180 0 0 0 5.31771 -0.424865 4.2891 0.0550756 0.0939793 -0.939497 0 0 0 13.4612 -0.97735 4.1681 -1.7779 0.512212 -2.39707 0 0 0 
0.181048 1.0294 -1.65014 -40.6301 -71.347 36.7176 -0.837789 -0.270532 2.65772 0 0 -8.53774e-07 26.8983 -13.0027 -45.253 -180 77.9664 180 0 0 0 -21.1505 -7.85205 -46.6199 -180 -72.658 -180 0 0 0 4.37342 -0.375087 4.60045 0.156861 0.0662362 -0.78715 0 0 0 12.5398 -0.981834 4.56752 -2.22616 0.362715 -1.93263 0 0 0 
0.181048 1.03348 -1.64722 -41.6018 -71.7592 37.6863 -0.205024 -0.0110522 2.46929 -1.27222e-14 3.41509e-06 -4.26887e-07 26.9996 -12.8138 -45.5528 180 77.6606 180 0 0 0 -23.9108 -7.3057 -45.8747 180 -70.9541 -180 0 0 0 4.11683 -0.183483 3.91323 0.571651 0.000885461 -0.0158538 0 0 0 11.803 -0.885781 4.98397 -0.978481 0.448911 -2.71076 0 0 0 
0.181761 1.03445 -1.64638 -40.669 -71.766 36.9234 -0.434466 -0.183615 2.34714 0 0 0 29.7353 -15.7878 -42.9822 180 78.5193 180 0 0 0 -23.7669 -8.36344 -45.1162 180 -71.4893 180 0 0 0 3.14327 -0.206189 3.96464 1.36214 0.0150106 -0.208865 4.26887e-07 7.95139e-16 -2.13443e-07 10.9953 -0.925573 4.9776 -0.307497 0.524212 -2.87257 0 0 0 
0.182525 1.03445 -1.6453 -39.5428 -71.9834 37.9974 0.067964 -0.525975 3.38779 0 0 0 31.4774 -16.0183 -44.9834 -180 77.4852 -180 0 0 0 -19.0592 -8.66617 -49.7564 180 -73.2364 -180 0 0 0 2.50019 -0.0552584 0.852929 1.4246 -0.0174759 0.254654 0 0 0 10.386 -0.339911 1.8965 -0.557036 0.260768 -1.5033 0 0 0 
0.18261 1.03348 -1.64377 -41.4395 -72.5075 37.4565 -0.308422 0.20125 2.38907 0 0 0 33.9828 -17.0517 -45.1439 -180 77.1023 -180 0 0 0 -18.8116 -8.63309 -47.4512 180 -73.996 -180 0 0 0 2.7604 -0.134336 3.75855 1.11822 0.0177026 -0.338494 0 0 0 11.0307 -0.895916 5.22595 -1.56714 0.389938 -2.5692 0 0 0 
0.18261 1.03932 -1.64288 -41.1006 -72.6126 36.7917 -0.42376 0.255736 3.0097 0 0 0 36.0528 -17.4774 -44.44 -180 78.0431 -180 0 0 0 -18.9107 -8.7745 -46.6852 180 -74.1509 -180 0 0 1.70755e-06 2.60205 -0.120465 4.10242 1.12937 0.0157567 -0.340108 0 0 0 10.8824 -0.922557 5.56502 -1.56862 0.374108 -2.56829 0 0 0 
0.181761 1.03502 -1.64288 -40.1672 -73.1024 35.4881 0.878626 -0.165412 2.97327 4.26887e-07 3.41509e-06 1.27222e-14 34.3879 -16.7367 -40.8529 -180 79.0829 -180 0 0 0 -18.1971 -10.9109 -49.23 -180 -77.183 180 0 0 0 1.6888 -0.194946 3.98718 1.76961 -0.0489802 0.674659 0 0 0 10.1426 -1.13642 6.21613 -1.95952 0.420557 -2.67103 0 0 0 
0.179074 1.03502 -1.64154 -39.6098 -72.3126 32.1452 0.203904 -0.0759221 1.49446 0 0 0 34.9395 -18.7506 -37.7997 180 80.3681 180 0 0 0 -15.2873 -13.2161 -43.2157 180 -76.5052 -180 0 0 0 1.89717 -0.41197 8.71204 2.94064 0.107527 -1.1982 0 0 0 10.2349 -1.99354 11.0701 -1.71739 0.832142 -5.23896 0 0 0 
0.179074 1.03915 -1.64003 -38.4757 -72.5578 30.9838 -0.316535 -0.0362833 1.53282 0 0 0 34.9391 -18.7357 -37.2145 -180 79.8407 -180 0 0 0 -14.2955 -17.0162 -47.4526 -180 -74.5786 180 0 0 0 2.52083 -0.445334 8.53932 0.824055 0.0458843 -0.69643 0 0 0 9.16291 -1.921 11.3183 -0.276606 0.935459 -5.56505 0 0 0 
0.179074 1.03915 -1.64003 -38.5342 -72.5869 31.0396 -0.314097 0.0888959 1.53263 0 0 0 34.7153 -18.824 -37.0541 -180 80.0789 -180 0 0 0 -13.9597 -19.6707 -50.6258 180 -74.0279 -180 0 0 0 1.91448 -0.391207 9.00578 1.70526 0.0633952 -0.90143 4.26887e-07 0 0 9.53941 -2.02565 11.6749 -0.869079 1.01713 -6.1856 0 0 0 
0.178802 1.03502 -1.6444 -45.2463 -73.6411 38.3688 1.24185 1.5619 3.34071 0 0 0 35.011 -17.1684 -40.4776 180 79.6132 180 0 0 0 -12.2546 -19.1647 -53.7131 180 -72.5798 -180 0 0 -8.53774e-07 2.47774 -0.452453 7.5256 2.01956 0.0195834 -0.215234 0 0 0 10.1643 -2.18736 11.4519 -0.718256 1.20525 -6.53488 0 0 0 
0.178802 1.02337 -1.64797 -45.585 -75.5615 40.4993 -0.0118229 1.1643 0.855395 0 0 0 32.0705 -16.6852 -40.0084 -180 80.4815 180 0 4.26887e-07 0 -11.267 -14.6061 -54.5475 180 -71.8432 -180 0 0 0 1.21994 -0.11153 5.61114 2.06718 -0.0673494 1.40342 0 0 0 8.57153 -1.42017 10.0059 -0.195992 0.940478 -6.65454 0 0 0 
0.174879 1.01149 -1.65376 -31.4163 -77.6598 26.1211 0.374861 -0.89176 1.77222 0 0 0 24.419 -15.3525 -38.6917 -180 81.4229 -180 0 0 0 -15.9289 -10.1349 -55.6917 180 -75.2238 -180 -3.4151e-06 0 0 -2.15794 0.346853 6.73893 1.00054 0.012308 0.347143 0 0 0 4.87023 -0.796843 11.3853 -0.262151 0.586814 -8.58831 0 0 -1.06722e-07 
0.174617 1.00445 -1.65927 -29.4736 -78.2881 24.0185 0.263511 -0.439219 1.86711 0 0 0 23.4408 -15.7265 -39.1597 -180 81.2116 -180 0 0 0 -16.5463 -10.1093 -53.2263 180 -75.704 -180 0 0 0 -2.929 0.238441 6.30619 0.917239 0.0177839 0.760744 0 0 0 4.09047 -0.894276 10.6005 -0.101062 0.598075 -7.09254 0 0 0 
0.174617 1.00445 -1.66187 -30.0754 -78.2264 24.0111 0.576357 -0.735622 2.86405 0 0 0 21.9504 -13.4509 -40.2976 180 78.5427 180 3.40175e-06 2.5345e-14 -8.53774e-07 -17.1952 -8.69141 -52.3042 180 -76.2695 -180 0 0 0 -3.76835 0.326781 7.07185 2.86292 0.00278696 0.428327 0 0 0 3.81536 -0.808994 10.0339 0.806513 0.428588 -4.64561 5.33609e-08 4.16882e-10 1.94126e-19 
0.174287 1.00444 -1.66187 -29.6586 -78.3213 24.1157 0.609048 -0.600706 1.88978 -5.33609e-08 3.4151e-06 -1.59028e-15 20.9427 -12.3325 -40.5281 -180 79.3666 -180 0 0 0 -17.2743 -7.6679 -51.2182 -180 -75.905 180 0 0 0 -3.97326 0.362041 6.57162 3.01342 0.00593818 0.404267 0 0 0 3.71127 -0.786219 10.7609 0.774201 0.590698 -7.10146 0 0 0 
0.174287 1.00444 -1.66124 -28.3675 -77.8988 22.4832 0.517115 -0.883834 2.41849 0 0 0 20.8519 -12.1842 -40.1083 -180 77.1234 -180 0 0 0 -18.54 -8.03616 -51.4885 -180 -75.6949 180 3.4151e-06 0 0 -4.25418 0.469089 7.86653 2.88634 -0.0491724 -2.31589 0 0 0 3.56541 -0.856185 11.124 1.66721 0.713153 -7.30825 0 0 0 
0.174287 1.00444 -1.66066 -27.7571 -77.9508 21.859 0.24114 -0.504481 2.47549 0 0 0 21.0332 -12.5526 -40.1186 180 76.2013 180 0 0 0 -18.1879 -7.83015 -52.1171 180 -74.7776 180 0 0 0 -4.91254 0.442387 7.18925 3.91448 -0.00929036 -0.762019 0 0 0 3.42716 -0.857974 11.1513 1.66721 0.713153 -7.30825 0 0 0 
0.177847 1.01119 -1.66066 -30.9579 -79.7152 25.9143 0.142598 1.41435 1.78686 0 0 0 24.0593 -12.3945 -40.1572 180 74.418 180 0 0 0 -19.2954 -6.89028 -52.0546 180 -74.7769 -180 0 0 0 -5.12467 0.0434153 5.49761 3.89307 0.00427054 -0.118369 0 0 0 2.96204 -1.2076 9.82733 1.86939 0.953157 -6.52226 0 0 0 
0.178368 1.01119 -1.65789 -37.3873 -75.5372 32.9554 0.410961 -0.354256 2.63786 0 0 0 26.3491 -13.6666 -42.4299 -180 75.3373 -180 0 0 0 -16.8704 -7.2906 -51.9057 180 -75.309 -180 0 0 0 -1.08023 0.0318228 4.73785 2.85959 0.00907394 -0.322926 0 0 0 6.79951 -1.24739 9.5545 1.28941 1.34067 -9.31072 0 0 0 
0.179875 1.01741 -1.65133 -37.2266 -74.7242 33.2865 0.0393935 -0.545961 2.44689 0 0 0 29.7889 -15.3334 -43.391 -180 74.8031 180 0 0 0 -17.7432 -6.43995 -50.8486 -180 -73.1527 180 0 0 0 -0.381329 -0.0381087 4.28442 2.50949 0.00274114 -0.0687211 0 3.41509e-06 0 6.85343 -1.12766 7.99252 2.07653 1.09738 -6.72604 0 0 0 
0.180084 1.02199 -1.64977 -37.4469 -75.1485 34.3521 0.267675 0.213355 2.42834 0 0 0 31.2617 -16.3165 -42.7134 180 73.4613 180 0 0 0 -18.5109 -7.19244 -51.1582 180 -73.1178 180 0 0 0 -0.492928 -0.102312 2.54968 2.21111 -0.0815844 1.38237 0 3.41509e-06 0 6.68935 -1.15519 6.9702 1.97167 1.1979 -6.46522 0 0 0 
0.180904 1.02504 -1.64776 -40.8361 -74.5354 37.0348 0.910939 1.34123 2.39898 0 0 0 32.0152 -17.5122 -42.3975 180 74.4599 180 0 0 0 -20.7995 -8.91957 -49.6415 180 -71.5332 180 0 0 0 0.463687 -0.0849387 3.16434 2.7278 -0.0555059 1.05733 0 0 0 7.65975 -1.14352 7.57968 1.95043 1.24912 -7.36724 0 0 0 
0.181287 1.02199 -1.64759 -35.0014 -72.8814 33.0355 0.579654 -0.489895 3.6576 0 0 0 33.2327 -16.8499 -44.7233 -180 72.9826 -180 3.38841e-06 -8.53774e-07 1.06722e-07 -19.733 -10.5362 -53.3742 180 -71.5856 -180 0 -8.53774e-07 0 0.162574 -0.0968239 1.52648 2.63028 -0.0674413 1.00637 0 0 0 7.16786 -0.796674 4.65468 2.24624 1.02285 -5.48466 0 0 0 
0.181287 1.02546 -1.64759 -34.9555 -72.8647 32.9918 0.578633 -0.489363 3.65726 0 0 0 33.5296 -17.1004 -43.459 -180 72.4876 -180 -5.33609e-08 -8.53774e-07 3.97569e-16 -20.7162 -10.5107 -53.2038 -180 -70.6131 180 0 0 0 -0.0184436 -0.121422 0.717976 3.20991 -0.164519 2.63144 0 0 0 7.56489 -0.725948 4.55411 1.43899 1.04953 -6.26759 0 0 0 
0.180904 1.02199 -1.64776 -35.4005 -73.2583 33.6813 -0.0245306 2.50415 -1.50658 0 0 0 33.1862 -24.201 -40.2582 180 69.8407 180 0 0 0 -21.0496 -11.9733 -47.5864 180 -71.6619 -180 0 0 0 -0.313618 -0.186027 0.617428 3.97009 -0.267545 3.04698 0 0 0 7.55153 -0.495914 2.88308 1.39413 0.574324 -3.14726 0 0 0 
0.178476 1.01689 -1.64897 -33.7626 -74.14 30.1348 0.0930095 3.67401 1.48681 0 0 0 31.9164 -24.4798 -41.5345 180 69.6619 180 0 0 0 -20.7036 -16.2236 -49.1916 180 -74.8663 180 0 0 0 0.124422 -0.1188 4.87889 2.28689 0.00315892 -0.0574731 0 0 0 6.89446 -0.976581 6.88045 1.03339 0.786085 -5.09302 0 0 0 
0.17368 0.988328 -1.65177 -24.7421 -75.4935 19.4807 0.224546 3.99 3.13528 0 0 0 20.9265 -26.4656 -39.5516 180 73.2497 180 0 0 0 -16.1078 -17.4683 -51.4373 -180 -79.5688 180 0 0 0 -4.03503 0.439283 7.34497 3.83782 -0.00817698 -0.764253 0 1.33402e-08 0 4.20265 -0.645578 8.89329 1.19291 0.384867 -4.33213 0 0 0 
0.17368 0.988328 -1.6523 -26.5911 -76.4792 20.215 -0.223433 2.09503 3.33944 0 0 0 20.4233 -20.3396 -36.9344 -180 75.9801 -180 0 0 0 -15.6712 -14.8208 -53.8178 180 -76.0395 -180 0 0 0 -4.08474 0.539948 8.32442 3.4884 -0.00990435 -0.583387 0 0 0 4.26686 -0.777268 10.5208 0.864939 0.493812 -5.75878 0 0 0 
0.172901 0.988328 -1.65891 -32.7588 -76.6357 27.3521 1.49417 2.29806 2.75237 0 0 0 21.45 -21.552 -38.6894 180 73.5162 180 0 0 0 -15.6935 -12.5524 -54.9784 -180 -75.0518 180 0 0 0 -3.43866 0.433388 7.88205 5.12629 0.00594742 -2.17919 0 0 0 5.84204 -0.931014 11.9016 0.0316548 0.811917 -10.1307 0 0 0 
0.17368 0.997672 -1.66022 -32.7373 -76.1226 26.829 2.90599 0.0754543 2.49305 0 0 0 22.7722 -18.5288 -37.2597 180 72.9503 180 0 0 0 -17.6629 -10.4269 -54.3621 180 -73.4239 -180 0 0 0 -3.07899 0.275057 8.15198 4.76932 0.0441012 -1.8994 0 0 0 5.93202 -1.16813 11.8636 -0.2501 0.936174 -9.57486 0 0 0 
0.174212 0.998496 -1.66022 -33.226 -76.9551 27.1076 1.93204 0.0711728 2.01845 0 0 0 23.2057 -17.4513 -36.3741 -180 73.333 -180 0 0 0 -17.3621 -8.86655 -53.5309 -180 -72.7327 180 0 0 0 -3.53816 0.437625 7.83192 4.27024 -0.00183556 -0.860954 0 0 0 4.70039 -1.1049 13.8155 0.987392 1.20326 -13.1911 4.26887e-07 -6.67011e-09 -2.48481e-17 
0.174465 0.998496 -1.6611 -32.6238 -77.3723 26.8013 1.48823 0.0119372 2.44214 0 0 0 23.6121 -17.3428 -37.4666 180 73.4991 180 3.41509e-06 2.13443e-07 6.36111e-15 -16.3716 -7.70585 -53.0415 180 -73.4407 -180 0 0 0 -3.85303 0.341176 6.82748 4.52263 -0.00121871 0.447833 0 0 0 4.2652 -1.04335 13.5647 0.89897 1.12237 -12.8651 0 0 0 
0.174465 0.997672 -1.66199 -29.0477 -77.7616 23.1411 0.631709 -0.170243 2.60456 0 0 0 23.0911 -17.1983 -37.2301 -180 73.075 -180 0 0 0 -14.3273 -5.54004 -50.3823 180 -76.0551 180 0 0 0 -4.78046 0.345773 6.57221 4.6477 0.00178881 1.37415 0 0 0 3.13439 -0.826923 11.9802 1.63037 0.808389 -9.20929 0 0 0 
0.174962 0.998496 -1.66624 -33.0138 -77.3606 27.3311 1.44296 -0.189211 2.31667 0 0 0 23.3497 -17.1546 -37.4344 -180 72.8838 -180 3.4151e-06 0 0 -13.9959 -5.13653 -49.2103 -180 -77.1226 180 0 0 0 -3.834 0.367027 6.25618 4.06309 0.0189559 1.54599 0 0 0 4.07552 -0.80076 11.6829 1.63676 0.803035 -9.23199 0 0 0 
0.174465 0.994947 -1.66633 -23.6674 -78.3748 18.3606 0.483757 -1.2583 1.29239 0 0 0 19.8629 -16.0458 -35.9054 -180 73.075 -180 0 0 0 -14.3239 -0.167697 -47.7804 180 -76.2238 -180 0 0 0 -5.94812 0.456941 5.74717 4.54032 0.069747 2.03767 0 0 0 2.1319 -0.447567 11.4744 1.43611 0.501622 -9.18722 5.33608e-08 0 0 
0.172884 0.994094 -1.66633 -25.9301 -79.4463 20.1883 0.604277 -0.242731 1.97877 0 0 0 19.3369 -15.3717 -35.8681 -180 73.7456 -180 0 0 0 -14.4321 0.00771513 -48.0483 -180 -76.4367 180 0 0 0 -6.58529 0.567902 6.86248 4.95897 -0.0491071 -1.68023 0 0 0 2.48399 -0.601662 12.3763 0.69448 0.498484 -8.67872 0 0 0 
0.172884 0.994947 -1.66624 -26.2706 -79.4775 20.214 0.757969 0.178015 2.63374 0 0 0 19.6551 -15.6035 -36.3462 -180 73.5915 -180 0 0 0 -15.0287 -0.0116041 -50.6704 180 -74.2883 -180 0 0 0 -6.52956 0.671339 7.23247 4.98064 -0.0693704 -1.83686 0 0 0 2.54101 -0.538716 12.7522 1.08258 0.493772 -8.91527 0 0 0 
0.175447 0.998727 -1.666 -26.5619 -77.4967 21.3547 1.02862 -1.19508 1.87683 0 0 0 21.3115 -16.5287 -37.1139 180 72.4421 180 0 0 0 -16.0037 0.221472 -50.4964 -180 -72.4961 180 0 0 0 -5.70952 0.330253 6.54422 6.61654 0.000626026 -0.0973201 0 0 0 3.59867 -0.731215 12.0847 0.660335 0.716715 -10.4952 0 0 0 
0.17476 0.994094 -1.66534 -26.9903 -78.2811 21.5463 0.702267 -0.83006 2.10754 0 0 0 20.4668 -16.1859 -36.7249 -180 73.213 -180 0 0 0 -15.1463 0.569386 -49.9075 -180 -72.979 180 0 0 0 -5.30411 0.451489 6.57364 5.26201 0.00254136 0.187862 0 0 0 3.18029 -0.648917 12.7091 0.676276 0.727633 -12.4951 0 0 0 
0.175494 0.994094 -1.66399 -24.4459 -77.6445 18.9849 0.361949 -0.493209 2.47382 0 0 0 21.2211 -17.5562 -37.937 -180 73.1714 180 0 0 0 -15.0203 -1.90114 -47.7414 180 -73.5006 -180 0 0 0 -5.31174 0.484011 6.68758 4.49052 0.00611824 0.302302 0 0 0 2.48455 -0.691548 12.5051 1.80798 0.856097 -11.7254 0 0 0 
0.175593 0.998727 -1.66332 -24.9266 -77.5241 19.48 0.294246 -0.0690783 2.5534 0 0 0 22.1059 -17.769 -37.6225 -180 71.4515 -180 3.41509e-06 6.36111e-15 -2.13443e-07 -15.2481 -2.21076 -43.3992 180 -74.1263 -180 0 -2.13443e-07 0 -4.67704 0.427614 5.91384 2.50812 0.0994261 2.41045 0 0 0 2.61245 -0.768698 12.3068 1.99143 0.966501 -11.8665 0 0 0 
0.175593 1.00328 -1.66332 -24.7452 -77.132 18.8943 0.336014 -0.857782 3.11753 0 0 0 23.7601 -16.8323 -37.281 -180 70.9366 -180 3.41509e-06 -2.13443e-07 -2.13443e-07 -15.7581 -1.96489 -42.0107 180 -73.8513 -180 0 0 0 -4.37285 0.281766 5.29003 2.30863 0.139654 4.41485 0 0 0 2.96792 -0.900589 12.6354 1.40164 1.03565 -12.1044 0 0 0 
0.175593 0.993588 -1.66534 -27.3818 -78.471 21.909 0.343023 -0.016405 2.69365 0 0 0 21.5306 -16.5099 -35.9822 -180 68.5751 -180 0 0 0 -13.8229 -0.841176 -40.1817 180 -75.2446 -180 0 0 0 -4.77124 0.32239 5.31449 3.28565 0.0706416 2.70923 0 0 0 2.93602 -0.855164 12.7547 1.44122 1.02443 -12.6197 0 0 0 
0.177051 0.993588 -1.67118 -29.9395 -77.7761 24.949 0.424472 -0.273853 2.2938 0 0 0 22.314 -17.2109 -33.999 -180 64.0396 180 0 0 0 -16.7862 0.305337 -39.5133 180 -69.9067 -180 0 0 0 -2.89519 0.307224 4.13297 -0.12632 0.138641 1.82167 -4.26887e-07 3.41509e-06 -1.27222e-14 3.73321 -0.561094 9.71823 1.83246 0.641471 -8.40413 0 0 0 
0.178106 0.992243 -1.67149 -27.6186 -78.7756 23.259 0.182107 -0.605905 3.0399 0 0 0 19.0205 -15.9199 -33.5592 180 64.6076 180 5.33609e-08 0 0 -19.2865 2.13603 -41.6461 180 -68.1816 -180 0 0 0 -4.48968 0.361217 3.34834 1.44077 0.209518 2.2645 0 0 0 2.8716 -0.244003 9.43417 1.67458 0.364502 -8.79469 0 0 0 
0.178106 0.992243 -1.67149 -28.9198 -79.3332 24.5365 0.182098 0.00396118 3.04184 0 0 0 19.0427 -15.9291 -30.755 -180 57.8954 -180 0 0 0 -20.5765 1.04919 -40.5684 180 -62.6426 -180 0 0 0 -4.53053 0.231233 2.6056 2.17389 0.267163 3.36469 0 0 0 3.0658 -0.265662 9.41618 1.51199 0.363962 -8.50765 0 0 0 
0.178106 0.988361 -1.67118 -21.4703 -79.7601 16.9644 0.376496 -0.0684073 2.99532 0 0 0 16.0308 -11.397 -28.4538 -180 57.9078 180 1.81427e-06 6.75868e-15 -4.26887e-07 -22.734 -1.76877 -39.5989 180 -64.7309 180 0 4.26887e-07 0 -6.11931 0.253871 2.87915 2.31442 0.254021 3.3512 0 0 0 1.50672 -0.26759 9.70796 1.27324 0.342654 -8.51199 0 0 -1.06722e-07 
0.1792 0.988361 -1.67144 -22.9956 -79.8853 16.908 0.641311 1.60571 4.7373 0 0 0 15.6539 -10.0721 -24.9784 -180 58.1266 -180 0 0 0 -24.8199 -5.79959 -35.972 180 -66.1594 -180 0 0 0 -5.85977 0.462042 4.68081 2.50626 0.222269 3.047 0 0 0 1.37803 -0.322813 11.6777 2.35398 0.480878 -9.15022 0 0 0 
0.1792 0.988361 -1.67114 -19.6458 -76.1003 12.3507 0.199301 -0.338831 1.47348 0 0 0 17.7205 -1.98072 -20.4499 -180 65.5411 180 0 0 0 -25.9913 -9.75943 -28.8698 180 -71.7348 -180 0 0 0 -5.06329 0.925849 8.68253 3.16745 0.0246201 0.400449 0 0 0 2.61213 -0.364141 13.3489 1.24852 0.399948 -9.55981 -1.06722e-07 3.41843e-06 -3.18366e-15 
0.180353 0.986049 -1.66963 -18.8031 -75.8803 11.7829 0.363993 -0.407957 1.2389 0 0 0 22.9814 1.15254 -20.9334 -180 63.0164 -180 -5.08889e-14 -3.41509e-06 1.70755e-06 -28.0569 -14.3184 -31.8424 180 -76.9995 -180 0 0 0 -5.17569 0.528274 8.67197 3.37929 0.0117125 0.847961 0 0 0 2.83374 -0.981926 13.8593 0.0982764 0.817583 -11.0817 0 0 0 
0.180353 0.986049 -1.66963 -18.7575 -75.8266 11.7387 0.369583 -0.204286 1.23852 0 0 0 23.5763 2.01658 -20.9916 -180 64.5147 -180 0 0 0 -31.9298 -17.6892 -35.2808 180 -78.1432 -180 0 0 0 -5.08665 0.478572 9.05087 3.20318 0.000658319 0.0937439 0 0 0 2.937 -1.10189 13.8204 -0.0745672 0.756013 -9.36363 0 0 0 
0.18448 0.986291 -1.66881 -22.5615 -75.9193 17.8483 0.471209 -0.0866326 3.7453 -1.06722e-07 0 0 24.6465 3.23959 -26.0517 -180 64.8965 -180 0 0 0 -31.414 -18.8744 -39.315 180 -77.2296 -180 0 0 0 -4.40937 0.174351 4.4848 3.15894 0.0173268 2.28225 0 0 0 3.89606 -0.788047 9.43083 -0.0195407 0.622643 -7.38075 0 0 0 
0.185888 0.990824 -1.66511 -31.6827 -76.978 28.8306 0.34755 0.19988 4.72615 0 0 0 25.5901 6.14556 -27.6243 -180 66.3185 180 0 0 0 -30.1624 -17.5241 -45.7512 180 -71.7822 -180 0 0 0 -3.40161 -0.0526346 1.4286 3.90809 0.0551783 3.27926 0 0 0 5.20904 -0.437112 6.49172 0.176369 0.442019 -6.37494 0 0 0 
0.186627 0.99333 -1.66484 -31.2656 -77.2184 28.8837 0.179135 0.193267 4.46504 0 0 0 28.8535 6.41263 -27.5378 -180 65.3181 -180 0 0 0 -28.3762 -17.0571 -45.8701 180 -73.3094 -180 0 0 0 -3.64521 -0.12655 0.861141 4.01974 -0.0103348 3.35892 0 0 0 4.82269 -0.438137 5.15775 0.339946 0.528019 -6.01542 0 1.66753e-09 0 
0.186822 0.99333 -1.66484 -30.8071 -77.1041 28.6135 0.114814 -0.0102215 4.15754 0 0 0 26.8339 5.09421 -26.5241 -180 66.473 -180 0 0 0 -28.39 -16.6124 -45.9686 180 -73.041 -180 0 0 0 -3.76136 -0.154524 0.23756 4.07302 -0.00662653 2.51103 0 0 0 4.92862 -0.41765 4.84603 0.20062 0.516308 -5.87521 0 0 0 
0.186627 0.99333 -1.66484 -29.0343 -77.5301 26.7236 -0.236004 -0.475482 4.14009 0 0 0 26.7129 7.35127 -25.7628 -180 67.687 -180 0 0 0 -26.5682 -15.4483 -44.5833 180 -75.503 180 0 0 0 -4.55906 -0.318311 -0.571726 5.08675 -0.0557173 3.51564 0 0 0 4.6133 -0.42377 4.27004 1.0469 0.550334 -5.16374 0 0 0 
0.186468 0.988676 -1.66484 -29.3757 -78.9382 26.9078 -1.04007 0.955664 4.30633 0 0 0 25.1208 7.20256 -26.5586 -180 68.1138 -180 0 0 0 -24.9471 -15.6161 -44.1473 -180 -76.872 180 0 0 0 -5.05945 -0.278319 -0.398011 4.82801 0.0281981 2.98781 0 0 0 4.31324 -0.382434 5.7839 -0.441756 0.408841 -6.48028 0 0 0 
0.186468 0.98131 -1.66484 -26.4708 -77.2041 22.6882 0.45682 0.204495 3.54028 0 0 2.13443e-07 22.5525 5.64039 -25.6312 -180 69.0072 180 0 0 0 -25.9689 -17.3039 -42.6934 180 -80.6244 -180 0 0 0 -4.97838 -0.0625879 1.71431 4.61336 0.0259633 2.75203 0 0 0 4.37082 -0.515902 7.16004 -0.226586 0.471475 -6.68832 0 0 0 
0.186365 0.98131 -1.66263 -23.989 -77.355 20.1213 -0.0905849 0.393019 3.68612 0 0 0 21.8913 8.37137 -24.8119 -180 70.9123 -180 0 4.26887e-07 0 -25.9574 -17.5485 -42.9005 180 -80.6538 -180 0 0 0 -5.86692 -0.0411761 2.2855 5.24258 0.0101873 2.19797 0 0 0 3.05668 -0.546424 7.97401 0.87784 0.621356 -8.1043 0 0 0 
0.186365 0.982395 -1.66159 -22.7397 -77.3747 18.8442 -0.330826 0.334432 3.74298 0 0 0 22.1021 10.6511 -25.0535 -180 71.3678 180 0 0 0 -26.0457 -17.551 -42.8514 -180 -80.6162 180 0 0 0 -6.38032 -0.0718144 2.38959 5.5531 -0.0123876 2.14577 0 0 0 2.62181 -0.691231 8.86988 1.01159 0.860504 -9.94686 0 0 0 
0.186468 0.988676 -1.65969 -28.8621 -77.2157 24.5863 0.197586 1.33412 4.85424 0 0 0 21.9836 7.9598 -25.1459 180 65.7265 180 0 0 0 -26.706 -17.575 -42.6758 -180 -77.3822 180 0 0 0 -5.36385 -0.100158 1.96662 5.79971 0.0255885 2.43008 0 0 0 3.58483 -0.502956 8.71535 1.46294 0.593322 -8.2964 0 0 0 
0.188394 1.00261 -1.65715 -30.6042 -75.9559 26.7866 0.372795 1.42554 4.73159 0 0 0 25.6664 6.21875 -27.4182 -180 63.6336 -180 0 0 0 -28.7341 -17.7217 -42.0543 -180 -74.8177 180 0 0 0 -4.31132 -0.207946 1.15665 5.48235 0.0295186 4.02259 0 0 0 4.54614 -0.528189 7.87677 1.57412 0.659041 -8.17832 0 0 0 
0.193586 1.02396 -1.65524 -38.1385 -74.5485 35.1905 1.76615 3.80601 4.65961 0 0 0 30.6447 3.4626 -30.8115 -180 62.3106 180 1.70755e-06 -4.26887e-07 1.70755e-06 -26.6066 -19.6363 -40.356 180 -70.7984 180 0 0 0 -1.98144 -0.372644 -0.305081 5.8199 -0.221463 3.88935 0 0 0 6.92908 -0.880645 6.72634 1.62592 1.1489 -8.03257 0 0 0 
0.193586 1.02668 -1.6532 -36.3837 -74.3738 32.3043 1.29636 3.83868 4.64247 0 0 0 30.2985 2.57438 -34.3354 -180 63.3014 -180 0 0 0 -25.2426 -20.7083 -40.5228 180 -73.0654 180 0 0 0 -1.76218 -0.226451 0.667617 4.44959 -0.226625 4.34878 0 0 0 6.65272 -1.12728 7.86629 1.62613 1.5002 -9.65054 0 0 0 
0.193586 1.02668 -1.6532 -30.8953 -71.1392 26.4111 0.504701 -0.593445 1.98483 0 0 0 26.5841 1.71868 -33.7417 180 68.854 180 0 0 0 -19.1877 -18.4818 -43.7872 180 -74.8744 -180 0 0 0 -0.729571 -0.127068 2.95967 3.95568 -0.143119 2.4954 2.13443e-07 1.33402e-08 2.48481e-17 7.75206 -1.11326 7.23656 1.38515 1.35361 -8.17027 0 0 0 
0.190677 1.02396 -1.6532 -34.4489 -72.7805 29.0495 0.656503 1.1906 2.73775 0 0 0 21.7433 1.92029 -33.646 -180 73.5573 -180 0 0 0 -9.99462 -18.9588 -48.4203 180 -83.4884 -180 0 -4.26887e-07 0 -0.549692 -0.145551 3.908 4.15067 -0.231465 4.24443 0 0 0 7.51862 -1.05911 7.48582 2.35681 0.935097 -5.57682 0 0 0 
0.190658 1.02396 -1.65445 -33.2051 -73.1177 27.7252 -0.687823 0.178602 3.08404 0 0 0 21.6575 3.45676 -42.1242 -180 77.7611 -180 0 0 0 -5.40403 -17.5347 -51.1264 -180 -87.6274 180 0 0 0 -0.882451 -0.0649304 3.75849 3.27153 -0.123098 3.04447 0 0 0 7.02548 -1.02391 7.63563 1.73882 0.807067 -5.20773 0 0 0 
0.189286 1.02117 -1.65731 -45.6538 -77.1883 42.0567 -0.774 1.27408 4.83229 0 0 0 20.6158 7.86687 -49.1811 180 80.2136 180 0 0 0 2.75365 -8.46857 -59.0926 0.00156435 -89.5577 -0.00156194 0 0 0 0.17054 -0.078829 0.774348 1.8716 -0.173623 3.60912 0 0 0 6.93161 -0.904076 5.97142 1.99682 0.86488 -5.03465 0 0 0 
0.18671 1.02117 -1.65747 -46.1211 -77.0849 41.848 -0.612731 1.27475 5.49665 0 0 0 15.2876 9.51239 -52.5735 180 84.2531 180 0 0 0 3.6773 -7.33244 -60.3775 -180 -85.7211 180 0 0 0 0.48673 -0.078667 1.41003 1.51266 -0.164265 3.6666 0 0 0 6.96858 -0.994917 6.64586 2.20083 0.879703 -5.06408 0 0 0 
0.185167 1.02569 -1.65731 -51.4544 -77.0299 47.3064 0.418579 -0.880318 4.6348 0 0 0 14.9451 12.2624 -58.5875 -180 85.4494 -180 0 0 0 2.12646 -1.40944 -64.0084 180 -85.0976 180 0 2.66804e-08 0 1.77493 -0.039124 1.04677 0.734356 -0.10011 3.90511 0 0 0 7.91936 -0.936214 6.8123 2.07079 0.860081 -5.38753 0 0 0 
0.18671 1.02696 -1.65731 -44.0951 -75.2082 40.1783 0.490573 -0.526998 4.20139 0 0 0 10.946 9.52342 -61.8196 180 88.6065 180 0 0 0 7.21572 -7.30395 -64.7125 6.94841e-05 -87.9736 -6.70689e-05 0 0 0 1.17748 -0.101872 0.219386 2.19879 -0.21087 4.69245 0 0 0 7.96775 -0.847067 5.85998 2.17473 0.82526 -4.96514 0 0 0 
0.18671 1.02569 -1.65639 -48.6468 -76.7463 44.5466 0.120646 1.26695 3.32076 0 0 0 10.6355 10.0004 -62.8344 -0.000421215 89.2989 -0.000416687 0 0 0 8.56808 -7.27654 -63.5883 0 -85.4479 0 -3.4151e-06 3.18055e-15 1.06722e-07 0.980492 -0.107705 0.618541 2.38037 -0.205705 4.3734 0 0 0 7.74959 -0.978909 7.08204 1.79281 0.856921 -5.41265 0 0 0 
0.188447 1.02696 -1.65639 -42.8735 -75.0344 37.0411 0.265333 0.631509 3.07585 0 0 0 8.60632 8.10587 -63.3336 3.9833e-05 83.0621 4.4974e-05 0 0 0 8.86429 -10.3274 -66.8639 9.36281e-05 -84.2354 -9.84639e-05 0 0 0 1.59559 -0.111214 2.16766 1.47116 -0.237968 5.83104 0 0 0 7.60286 -1.20857 8.75743 2.50649 0.962229 -5.72175 0 0 0 
0.188447 1.02696 -1.65639 -45.8995 -76.578 42.2858 0.107383 1.10786 2.84353 4.26887e-07 0 0 7.82345 8.8161 -65.9321 3.03358e-05 82.1385 3.35128e-05 0 0 0 9.66098 -6.28194 -68.0797 7.16523e-05 -84.3008 -7.40701e-05 0 0 0 0.789067 -0.0569659 0.16875 1.31641 -0.161747 4.53285 0 2.66804e-08 0 8.63316 -1.17028 7.86137 -0.482966 0.951973 -6.55888 0 0 0 
0.188447 1.02426 -1.65666 -38.0378 -75.3208 34.524 -0.634881 -0.119181 3.9853 0 0 0 6.6101 6.76375 -69.2732 -4.74308e-06 82.0219 -6.10473e-06 0 0 0 10.3085 -5.31518 -67.6494 1.94038e-05 -83.9897 -2.66583e-05 -3.41509e-06 0 0 0.587313 -0.0798534 -0.0334204 1.50972 -0.127644 5.79471 0 0 0 8.24727 -0.962207 7.65134 -0.747626 0.778176 -6.52693 0 0 0 
0.1881 1.01618 -1.65996 -31.8168 -74.1966 30.2227 0.104849 -0.629739 0.221817 -1.27222e-14 3.41509e-06 -4.26887e-07 1.35696 2.83939 -69.3 -2.16624e-05 79.6743 -2.52994e-05 0 0 0 11.5047 -6.29243 -65.6609 2.70429e-05 -79.7537 -2.70429e-05 0 0 0 -0.146166 -0.0165788 -0.587343 0.525488 -0.0970907 4.87945 0 0 0 6.82324 -0.493896 3.65407 0.191137 0.475528 -3.465 0 0 0 
0.177572 0.981473 -1.67109 -22.9041 -76.1194 18.0564 0.249146 0.0115201 3.01975 0 0 0 -12.6394 4.64036 -70.303 -3.3891e-05 67.9139 -3.46599e-05 0 0 0 13.3467 -6.90801 -65.3122 -1.02278e-05 -74.5963 7.79095e-06 0 0 0 -4.21273 0.275926 3.74817 1.95728 0.192225 3.37703 0 0 0 4.02662 -0.428945 7.91248 0.172911 0.269225 -4.7476 0 3.4151e-06 0 
0.176245 0.981473 -1.67171 -21.5705 -76.5889 16.2985 0.561183 0.341387 3.31311 0 0 0 -14.3352 5.74958 -71.2872 -6.13342e-06 66.0732 -5.51631e-06 0 0 0 12.7165 -7.02391 -65.1203 1.78343e-05 -74.436 -1.78343e-05 0 0 0 -4.89626 0.339966 4.8413 3.1814 0.107314 2.77838 0 0 0 3.63506 -0.485556 8.72614 0.0506025 0.273731 -4.82552 0 0 0 
0.175653 0.981473 -1.67171 -24.2796 -76.8862 16.5851 0.356202 0.241979 1.88623 0 0 0 -13.3464 8.7474 -67.7051 -3.70736e-06 65.6684 -4.17054e-06 0 0 0 13.3646 -8.59833 -62.354 -7.14109e-06 -73.3943 9.5815e-06 0 0 0 -4.17978 0.663692 8.32518 3.21348 0.035317 1.01067 0 0 0 4.03702 -0.702809 12.4727 0.47907 0.40127 -6.32009 0 0 0 
0.175653 0.982461 -1.67109 -24.5252 -76.8018 16.8296 0.661009 -0.0931227 1.82505 0 0 -4.26887e-07 -13.0484 8.39793 -66.1033 -2.51334e-05 68.7618 -2.23694e-05 0 0 0 13.9578 -8.80671 -62.9373 -3.15708e-05 -72.4008 3.15708e-05 -3.4151e-06 1.27222e-14 4.26887e-07 -4.38387 0.680381 9.0303 3.51472 0.00117234 0.0451181 0 0 0 3.73038 -0.944921 14.8843 0.89821 0.823696 -10.9424 0 0 0 
0.175653 0.989004 -1.66899 -22.1845 -76.9217 14.4317 0.087563 0.00835386 1.90688 0 0 0 -11.2562 7.80233 -65.0728 2.77657e-05 71.9606 2.80713e-05 0 0 0 12.9135 -9.30232 -63.7726 -3.3456e-05 -73.3997 3.3456e-05 0 0 0 -5.03584 0.630538 8.88244 3.76733 0.0124296 0.641058 0 0 0 3.17663 -1.01363 14.9925 0.97647 0.852508 -10.5728 0 0 0 
0.181241 0.994346 -1.66899 -23.694 -77.0512 17.7286 -0.378812 0.243308 3.67849 0 0 0 -9.14345 6.19781 -67.0591 1.44775e-05 74.1874 1.84392e-05 0 0 0 13.5126 -8.85178 -67.8579 3.42802e-05 -73.8015 -3.42802e-05 0 0 0 -5.00523 0.391039 6.69069 3.72418 0.00156054 0.135726 0 0 0 3.17455 -0.931069 12.1266 1.09255 0.884075 -9.85866 0 0 0 
0.182355 0.999985 -1.66899 -22.9332 -76.8361 17.4477 -0.362106 0.0890914 3.19536 0 0 0 -3.06848 5.73925 -64.9244 1.46842e-05 79.7507 5.59218e-06 0 0 0 11.3733 -8.31601 -67.3619 -2.17166e-05 -75.6115 1.68487e-05 9.93923e-17 2.66804e-08 4.26887e-07 -4.8298 0.333024 6.05554 3.36681 0.00429882 0.341578 0 0 0 3.16058 -0.85856 10.9604 1.14132 0.801169 -8.74637 0 0 0 
0.18437 1.00267 -1.67144 -24.8068 -76.6034 20.0518 0.4055 -0.385531 4.15719 0 0 0 -2.93444 2.96792 -62.0019 3.5888e-05 82.3447 2.74172e-05 0 0 0 7.82606 -8.12658 -67.191 1.09119e-05 -78.5703 -1.33388e-05 0 0 0 -4.10215 0.308267 5.55624 3.24849 -0.0107337 -0.682274 0 0 0 3.87661 -0.703573 9.25044 1.01056 0.678335 -7.78027 0 0 0 
0.184782 1.00267 -1.67173 -24.9563 -76.5452 20.3202 0.511156 -0.575766 4.25745 0 0 0 -0.79492 3.12239 -62.6312 5.64721e-05 86.6355 5.14893e-05 0 0 0 5.75354 -8.15053 -64.2568 -3.27163e-05 -81.5341 3.27163e-05 -3.41509e-06 -8.53774e-07 2.54444e-14 -4.25435 0.0705248 3.36052 3.90677 0.0278266 3.7365 0 0 0 3.70224 -0.697923 9.07836 1.60462 0.730381 -7.80672 0 0 0 
0.185924 1.00267 -1.67248 -28.7127 -78.1935 24.3211 0.62405 0.982987 3.94068 0 0 0 1.86553 3.5692 -60.1208 -0.000277997 88.8298 -0.000283732 0 0 0 4.63451 -10.021 -62.943 -3.57855e-05 -82.7522 4.06248e-05 -3.41509e-06 -2.13443e-07 6.36111e-15 -4.24276 -0.0336597 2.11983 3.83756 0.035597 4.31449 0 0 0 3.54767 -0.641814 8.69572 1.56111 0.672557 -7.47803 1.06722e-07 3.41509e-06 3.18055e-15 
0.190234 1.00048 -1.67248 -28.4678 -78.1901 24.7557 0.683956 0.0807731 3.72687 0 0 0 4.28803 4.83385 -60.2666 180 89.8468 180 0 0 0 1.7539 -8.98504 -57.245 -5.45159e-05 -84.9224 5.45159e-05 0 0 0 -4.35911 -0.196883 0.68634 4.17711 0.0105493 5.35102 0 0 0 4.14635 -0.491792 6.60613 0.0747372 0.424038 -5.60449 0 0 0 
0.190381 0.997815 -1.67173 -28.1808 -77.9801 24.5208 0.423205 -0.354892 3.80047 0 0 0 8.84881 -2.66292 -52.7303 -180 84.6475 -180 7.95139e-16 2.13443e-07 4.26887e-07 -0.788228 -10.071 -52.1537 1.91785e-05 -83.9303 -2.64332e-05 0 0 0 -4.27694 -0.18718 0.886419 4.39796 -0.00835277 4.9021 -2.13443e-07 0 0 4.27346 -0.443179 6.15644 -0.338553 0.338221 -4.91651 0 0 0 
0.194574 0.994475 -1.67103 -34.5982 -79.3876 31.9937 0.846934 0.688968 2.34053 0 0 0 14.043 -1.86418 -52.8915 180 80.4084 180 0 0 0 -6.49349 -10.0251 -47.7521 180 -87.7489 -180 0 -4.26887e-07 0 -4.01547 -0.484189 -1.67968 5.02442 -0.112961 6.53239 0 0 0 4.27149 -0.239516 3.18225 0.225331 0.15474 -1.98208 0 0 0 
0.199615 0.993245 -1.67019 -47.1834 -80.7729 44.8285 0.223699 2.38854 1.82399 0 0 0 23.5208 -0.553305 -48.2538 -180 71.5072 -180 0 0 0 -9.81917 -11.0642 -37.6986 180 -82.4318 -180 0 0 0 -2.3372 -0.357183 -3.66993 3.24191 -0.0781562 6.07408 0 0 0 5.3412 -0.201801 2.42608 -1.15993 0.0938497 -1.33581 0 0 0 
0.200373 0.986022 -1.66924 -53.787 -81.8728 50.4956 -0.0423381 1.55401 2.97764 0 0 0 26.3674 -2.99248 -41.0292 -180 68.2843 -180 0 0 0 -19.4102 -9.40016 -35.3795 -180 -74.8118 180 0 0 0 -2.08886 -0.218473 -2.90107 2.26109 -0.0195567 5.31519 0 0 0 5.83069 -0.254557 3.06894 -2.58924 0.0410844 -0.715763 0 0 0 
0.203654 0.971734 -1.66843 -55.6947 -81.6895 52.6923 0.288133 1.52418 2.56111 0 0 0 26.1668 -9.33448 -37.1239 -180 64.2799 -180 0 0 0 -22.6797 -9.84256 -28.1658 180 -68.7697 -180 0 0 0 -1.49064 -0.115447 -2.74689 1.49716 -0.0198651 4.08334 0 0 0 6.10388 0.120245 0.00674411 -2.7195 -0.275522 4.328 0 0 0 
0.203808 0.971734 -1.65321 -52.345 -82.3216 48.9472 2.80321 -0.0739015 3.11678 0 0 0 30.4958 -7.40416 -33.3576 -180 53.382 -180 0 0 0 -39.2721 -10.0404 -22.283 180 -64.5183 -180 0 0 0 -3.18304 -0.179486 -2.23396 2.33738 -0.0106726 3.97056 0 0 0 3.46682 -0.00331752 0.599125 -1.162 -0.240968 4.18318 0 0 0 
0.205426 0.978572 -1.6532 -60.3669 -83.1009 56.8829 0.242067 -2.54786 2.37651 0 0 0 44.3594 -6.13223 -23.6712 -180 48.6997 -180 3.41509e-06 2.54444e-14 -8.53774e-07 -43.7246 -4.06302 -14.6111 -180 -57.4703 180 -1.70755e-06 0 0 -0.986698 0.0625147 -0.36616 -2.77998 0.0342991 0.523147 -9.93923e-17 -2.66804e-08 4.26887e-07 4.81687 -0.0147209 1.7108 -3.60067 -0.0425155 1.99125 0 0 0 
0.214895 0.978572 -1.64785 -140.679 -82.7164 139.122 -0.779346 2.73452 -1.35302 0 0 0 52.5788 -1.15067 -12.1815 -180 51.4879 180 8.53774e-07 1.70755e-06 1.27222e-14 -46.1398 -0.166141 -12.2603 180 -53.293 -180 0 0 0 -2.84478 -0.110142 -5.2759 -1.74158 -0.000610958 -0.0107726 0 0 0 2.53999 0.0867755 -0.0782937 -2.87444 -0.0267054 1.48894 0 0 0 
0.216615 0.978572 -1.63949 -130.123 -82.0087 127.338 0.690396 0.574721 1.39291 0 0 0 55.8355 0.636989 -10.712 -180 48.8762 180 1.70755e-06 -1.70755e-06 3.41509e-06 -51.4169 -0.550089 -7.58281 180 -49.4145 180 0 0 0 -1.8473 -0.0639188 -2.65955 -1.04354 -0.136035 -2.61285 0 -3.41509e-06 0 3.69472 -0.0484357 1.28939 -1.35979 -0.0951851 2.42432 0 0 0 
0.221693 0.978572 -1.6317 -126.055 -81.8054 123.949 0.795773 0.253117 1.16365 0 0 0 56.5966 0.96914 -7.22028 180 46.4251 180 0 0 0 -58.88 -1.73438 -3.68458 180 -47.9312 -180 0 0 0 -1.7774 -0.120235 -2.51664 0.45046 -0.134093 -3.94385 0 0 0 3.96185 -0.02826 0.8796 -1.33068 -0.0528812 1.49848 -6.36111e-15 -3.41509e-06 2.13443e-07 
0.221693 0.97148 -1.63103 -121.352 -81.6697 119.258 1.70373 -0.248357 1.23592 0 0 0 59.1126 3.52678 -5.0226 -180 45.172 -180 0 0 0 -60.3028 -2.64742 2.74663 180 -45.9422 -180 0 0 0 -1.95876 -0.118537 -2.72109 0.472707 -0.113554 -3.82227 0 0 0 3.70993 -0.0178519 0.392137 -0.465324 -0.0768256 1.44702 0 0 0 
0.2218 0.97148 -1.62361 -123.11 -83.2728 120.722 0.647687 -0.705248 0.601328 0 0 0 63.0695 3.01606 0.438003 180 43.9259 180 0 0 0 -61.4181 -2.1943 5.91071 180 -43.8327 -180 0 0 0 -5.55584 -0.255957 -0.804481 3.19647 -0.209574 -5.69783 0 0 0 1.02415 -0.0130927 0.241334 0.385351 -0.0651557 2.19207 0 0 0 
0.22353 0.969484 -1.6186 -137.203 -82.8223 134.797 0.553794 0.0786875 1.02349 0 0 0 66.7653 7.0153 7.5477 -180 43.4894 -180 0 0 0 -62.2642 -4.90746 4.85299 180 -41.1514 -180 0 0 0 -6.44132 -0.279196 -1.79316 3.11246 0.0218389 0.410761 4.26887e-07 0 0 0.429213 -0.0064781 0.603081 -0.140185 -0.00898838 0.888266 0 0 0 
0.224989 0.969484 -1.6186 -136.952 -82.8148 134.845 0.57425 0.182078 0.816749 0 0 0 69.557 7.82026 12.1584 -180 43.2405 180 0 0 0 -64.0962 -7.49285 6.04258 180 -42.2474 180 0 0 0 -6.71503 -0.412182 -2.62113 2.04963 0.478799 6.20713 0 0 0 -0.324823 -0.00204916 0.235765 0.346024 -0.00328161 0.707506 0 0 0 
0.226259 0.969484 -1.61816 -138.607 -82.8204 136.101 0.739683 0.0499736 2.00607 0 0 0 71.1392 9.37188 13.836 -180 43.129 -180 0 0 0 -65.425 -10.7515 7.74768 180 -39.7384 -180 0 0 0 -7.17429 -0.174777 -0.693834 2.15294 0.35958 4.46496 0 0 0 -1.17314 -0.00302743 0.609753 1.02518 -0.00323561 0.718616 0 0 0 
0.226566 0.967132 -1.6186 -142.719 -82.5267 139.258 0.5242 0.7276 2.11436 0 0 0 70.9418 9.57361 13.2871 -180 43.4302 180 0 0 0 -68.1203 -13.1879 9.97269 180 -41.1778 -180 0 0 0 -7.11538 -0.30643 -1.40959 1.42299 1.10113 9.33272 0 0 0 -1.26537 0.0294984 1.02603 0.641909 0.0641117 2.15531 0 0 0 
0.226259 0.965106 -1.62001 -143.977 -84.3891 140.537 1.14463 -0.771083 0.0291718 0 0 0 68.9793 7.35684 15.358 180 42.3226 180 0 0 0 -71 -12.4729 13.3806 180 -40.8197 180 0 0 3.41509e-06 -8.54089 -0.15822 -0.29343 1.38209 1.39337 12.2074 0 0 0 -3.29056 0.00620346 1.24747 2.21148 0.0145836 1.63531 0 0 0 
0.226259 0.963511 -1.62216 -160.12 -83.7078 156.684 0.607748 0.657749 -0.0717061 0 0 0 69.5127 4.41223 16.0808 -180 40.163 -180 0 0 0 -72.6376 -15.1809 15.2261 180 -41.2724 180 0 0 0 -9.77888 0.108338 0.971541 0.438131 1.11489 8.9562 0 0 0 -4.85961 -0.00130647 1.68407 2.80906 -0.00452905 1.58064 0 0 0 
0.225281 0.965106 -1.63212 -147.856 -82.9047 144.083 1.47752 0.591514 0.157499 0 0 0 71.055 2.35152 17.2378 -180 37.7964 -180 0 8.53774e-07 0 -71.0435 -15.754 15.5164 -180 -41.7244 180 0 0 0 -7.78536 0.219949 2.02551 0.68972 0.888944 7.7229 0 0 0 -2.29669 0.0243626 2.20183 2.02277 -0.00610909 1.49502 0 0 0 
0.225281 0.967132 -1.6364 -148.536 -83.0146 144.118 1.46208 0.444814 1.49491 0 0 0 73.4288 1.74802 17.2928 -180 35.7693 180 0 0 0 -73.6524 -21.3945 17.6416 180 -44.4363 -180 0 0 0 -7.51002 0.592541 4.28487 1.25892 0.583482 4.57287 0 0 0 -1.57721 0.0930398 1.59055 -0.53595 0.235759 4.31703 0 0 0 
0.225281 0.966287 -1.64041 -156.254 -83.2606 150.124 0.303993 0.989545 8.50061 0 0 0 75.4444 6.62004 16.9693 -180 35.9269 -180 0 0 0 -73.8975 -28.793 14.3289 180 -45.8877 -180 0 0 0 -8.03208 0.565606 6.22981 0.619151 0.395408 4.71542 0 0 0 -2.79222 -0.00904998 3.20249 0.351585 -0.0199687 5.64045 0 -3.41509e-06 0 
0.225883 0.96963 -1.64511 -144.586 -83.0981 138.229 5.40831 -0.0653432 9.92006 0 0 0 70.341 7.49389 13.0197 -180 34.5406 -180 0 0 0 -80.3012 -30.8871 16.2905 180 -46.1541 180 0 0 0 -7.64115 0.876682 7.53706 2.16535 0.268844 3.06705 -9.93923e-17 -2.66804e-08 4.26887e-07 -2.86628 -0.125136 3.21018 3.8841 -0.175345 6.42155 0 0 0 
0.232227 0.96963 -1.65269 -104.303 -83.8436 99.7734 6.60314 -3.44458 7.55363 0 0 0 70.8373 6.13012 9.6612 -180 33.6846 -180 0 3.4151e-06 0 -80.9969 -30.3725 16.9684 180 -46.4945 180 0 0 3.41509e-06 -8.4836 -0.310517 6.33609 12.043 -0.173711 3.72151 0 0 0 0.424248 -0.328513 -0.159421 4.06599 -0.486561 8.02584 0 0 0 
0.232599 0.974393 -1.65582 -123.08 -82.7405 118.489 7.66234 -1.60884 8.05592 0 0 0 70.1874 6.4225 9.19951 -180 32.7888 -180 0 0 0 -81.9174 -29.4052 16.3841 -180 -45.6628 180 0 0 0 -7.52776 -0.466819 4.86813 10.7835 -0.25603 5.39344 0 0 0 1.08694 -0.2391 -0.177732 3.04752 -0.497534 8.23414 0 0 0 
0.23409 0.968338 -1.68526 -126.747 -79.7695 121.746 5.3415 -0.80153 8.80312 0 0 0 77.0579 6.51828 8.11825 180 33.54 -180 0 0 0 -70.4274 -23.9023 7.04433 180 -39.1615 -180 0 3.4151e-06 0 -2.08537 -0.199167 4.47819 7.20769 -0.22807 5.96824 0 0 0 6.95652 0.247073 -2.06927 -1.03882 -0.673383 13.5183 0 0 0 
0.232599 0.974393 -1.68526 -149.754 -78.8071 143.937 3.49892 0.459696 9.80579 0 0 0 74.6331 10.8896 13.1283 -180 36.1775 -180 0 0 0 -69.7224 -21.5186 3.96837 -180 -37.4447 180 0 0 0 -4.08263 -0.380255 2.84479 5.81753 -0.298544 9.74186 0 0 0 5.31937 0.146198 -0.0250062 -1.71759 -0.608497 10.0464 0 0 0 
0.232227 0.977261 -1.68961 -160.468 -79.5722 155.038 2.76745 0.758833 5.87315 0 0 0 72.3813 6.48113 17.4138 180 35.7843 180 0 0 0 -68.7663 -17.7555 0.551817 180 -36.9123 -180 0 0 0 -6.27716 -0.127725 2.21822 4.14823 0.693576 11.4261 0 0 0 3.49769 0.00973069 -2.16662 0.404275 -0.586009 13.8784 0 -3.41509e-06 0 
0.23191 0.977261 -1.69004 -157.354 -80.4331 151.872 5.71351 -0.978916 6.35512 0 0 0 67.1723 7.4012 17.1331 180 35.8237 180 0 0 0 -71.4201 -18.0395 1.29823 -180 -35.379 180 3.41509e-06 0 0 -5.29491 0.239137 3.44467 2.22361 0.785769 9.60679 0 0 0 4.33029 0.0366612 -1.251 0.134343 -0.520234 10.6666 2.13443e-07 -3.97569e-16 2.13443e-07 
0.224932 0.971662 -1.69055 -149.297 -81.8401 145.209 7.10754 -2.27154 -0.879666 0 0 0 66.9897 3.23876 19.209 180 35.3798 -180 0 0 0 -78 -13.2172 14.5801 -180 -36.2399 180 0 0 0 -4.90073 -0.0245081 2.31111 2.41436 0.446899 10.5976 0 0 0 5.37374 -0.00161642 -3.21128 2.8637 -1.52372 10.5266 0 0 0 
0.223256 0.971662 -1.69004 -148.102 -82.0854 143.792 6.97985 -2.58851 1.30774 0 0 0 66.7126 4.07253 19.5286 -180 34.493 180 0 0 0 -78.6786 -14.8448 14.7543 180 -35.6889 180 0 0 0 -5.96424 -0.0696354 2.44271 3.62428 0.384181 9.7315 0 0 0 4.47938 -0.449799 -3.34089 6.21625 -1.95723 10.3643 0 0 0 
0.223098 0.965482 -1.69004 -153.261 -80.2819 150.929 7.33349 -0.447508 -0.561402 0 0 0 66.0606 1.66782 20.5169 -180 33.2014 -180 1.70755e-06 3.41509e-06 3.41509e-06 -78.5983 -14.1774 15.0315 180 -35.0782 -180 0 0 0 -5.6828 -0.26507 0.221283 3.21713 0.43679 9.91899 0 0 0 4.8082 -0.282341 -4.38616 6.12247 -1.78255 9.35013 0 0 0 
0.212576 0.965482 -1.68427 -152.792 -82.507 151.388 4.64809 2.28821 -4.52693 0 0 0 66.3685 -7.03666 21.0813 -180 29.6768 -180 0 0 0 -78.9257 -17.5971 18.8885 180 -38.7244 -180 1.70755e-06 0 0 -4.19889 0.0382553 0.659724 0.397976 0.731126 8.72677 1.59338e-15 -3.42176e-06 -5.33609e-08 8.69433 0.680254 -6.03476 2.21991 -1.08098 6.17962 0 0 0 
0.200226 0.963689 -1.67299 -162.258 -83.9746 158.666 0.612695 0.163507 2.65989 0 0 0 68.154 -1.87705 18.6608 -180 29.1799 180 0 0 0 -75.3612 -22.6616 12.5532 180 -42.2898 -180 0 0 0 -7.92674 0.175915 3.18275 2.74184 0.413346 6.7925 0 0 0 6.10496 0.0364178 -2.86604 6.32221 -0.116334 0.463535 0 0 0 
0.193541 0.963601 -1.66911 -167.016 -82.9483 162.219 -1.01128 1.10176 5.6161 0 0 0 70.1822 -0.735253 19.0171 -180 29.3725 180 0 0 0 -66.8515 -28.0755 8.58027 -180 -42.3213 180 0 0 0 -8.07036 0.309487 3.91247 2.40585 0.582294 7.52729 0 0 0 6.76201 0.44771 -5.52757 5.22097 -1.06168 4.53089 0 0 0 
0.191704 0.963601 -1.66672 -158.847 -79.4078 155.073 2.94149 -0.214817 3.88288 0 0 0 68.3082 3.63573 26.2809 -180 32.7005 180 0 0 0 -64.2526 -24.1985 2.72305 180 -40.0465 -180 0 0 0 -4.87394 0.189877 1.59333 -0.0866688 1.05847 10.0938 0 0 0 9.63167 0.416759 -4.96821 5.59139 -0.893125 3.53959 0 0 0 
0.184716 0.942724 -1.66574 -161.156 -77.7835 159.657 -11.7187 2.67664 5.35332 0 0 0 83.8322 7.26071 27.685 -180 31.7503 180 0 0 0 -40.629 -28.9717 -17.1542 180 -42.4222 -180 0 0 0 -5.07297 -0.0455298 -0.952113 -0.302847 1.0436 10.4096 0 0 0 10.9493 1.39198 -9.37589 4.64611 -1.90121 6.9579 0 0 0 
0.176496 0.919793 -1.66409 -144.526 -77.9828 143.474 -5.50933 -3.37605 10.4405 0 0 0 80.2769 19.2899 26.1417 -180 40.7409 -180 0 0 0 -19.7417 -39.8969 -38.856 180 -51.8786 -180 0 0 0 -0.906529 0.959034 -6.52363 -2.90063 0.43554 25.595 0 0 0 14.4789 4.00079 -13.6024 2.40932 -4.27835 11.6015 0 0 0 
0.160746 0.910638 -1.65579 -161.906 -71.386 160.537 -5.08741 -0.847401 4.35091 0 0 0 77.8293 15.3812 28.8685 180 40.9554 180 0 0 0 -13.7882 -29.4861 -39.9577 180 -64.3454 -180 0 0 0 0.468296 2.80518 -10.5624 -6.21928 1.02781 30.0682 0 0 0 20.0647 3.99903 -8.27839 -2.95335 -4.29275 10.9054 -1.98785e-16 5.33609e-08 -4.26887e-07 
0.138101 0.910638 -1.6439 -133.138 -64.6246 132.049 24.417 8.50943 -4.05961 0 0 0 57.2472 7.25979 14.6678 -180 43.4973 180 0 0 0 -54.1564 -56.8631 -7.89021 180 -84.0349 180 0 0 0 13.3289 2.75557 -7.91081 -7.51215 1.11142 25.9992 0 0 0 33.7431 3.31918 -6.10443 -4.1147 -3.64654 9.08867 0 0 0 
0.114393 0.910638 -1.62021 -131.203 -70.958 125.038 10.7026 11.6389 -3.39591 0 0 0 64.5498 -8.31761 16.3586 180 32.1942 180 0 0 0 -114.392 -50.1092 45.1968 180 -87.7237 180 0 0 0 12.852 3.33492 0.615096 -12.6514 2.03881 24.2086 0 0 0 30.6024 2.1413 -2.33594 -8.94543 -2.2764 7.12846 0 0 4.26887e-07 
0.100418 0.910638 -1.59075 -53.2236 -73.8169 48.824 -0.709344 -7.13468 -6.6979 8.53774e-07 0 0 68.4812 -9.77786 18.9158 -180 32.0321 -180 0 0 0 -124.227 -44.5078 41.2345 -180 -86.7663 180 0 0 0 5.78134 -1.1421 7.69997 -3.29376 -2.22683 16.3912 0 0 0 19.8205 4.89732 -9.8613 -3.04396 -2.72685 6.55602 -4.26887e-07 3.41509e-06 -1.27222e-14 
0.0790298 0.922903 -1.55719 -32.1065 -52.7225 25.4193 -0.0366813 -6.52015 -2.08001 0 3.41509e-06 0 51.8997 -20.8238 -0.801503 -180 31.6008 180 0 0 0 -138.864 -30.1755 49.585 180 -65.1786 -180 0 0 0 16.31 -4.54139 16.1171 -2.11962 -2.25712 8.90157 0 0 0 21.0927 5.6634 -14.0633 -3.57241 -2.46008 7.7308 0 0 0 
0.078416 0.922903 -1.54119 -34.4728 -49.108 29.2139 -1.32583 2.20963 -0.911967 0 0 0 17.0839 -23.1512 -15.2065 -180 37.2639 -180 0 0 0 -141.236 -23.5099 57.1846 180 -52.5017 180 0 0 0 20.5856 -4.14246 15.0614 -5.99742 -1.79442 8.95964 0 0 0 22.8673 6.56351 -16.865 -5.02975 -2.57096 9.50672 0 0 0 
0.0764109 0.922903 -1.52687 -24.0968 -43.9977 25.5284 -9.69285 0.636789 2.01738 0 0 0 -10.6697 -32.094 -12.589 -180 50.4787 -180 0 0 0 -143.299 -20.4481 31.8221 180 -53.091 -180 0 0 0 17.1286 -3.98895 12.1141 -2.35554 -2.60258 8.7266 0 0 0 14.7294 6.89736 -21.7119 -3.76941 -1.30406 5.31073 4.26887e-07 -2.66804e-08 -9.93923e-17 
0.0622632 0.917065 -1.50255 -24.8306 -37.1993 24.8548 -0.782166 3.98119 -2.21493 0 0 0 -46.5601 -28.6188 27.3759 -180 65.9693 -180 0 0 0 -149.48 -10.2212 41.1971 180 -51.691 -180 1.70755e-06 0 0 19.0004 -4.85692 13.5028 -1.69423 -2.99849 8.9176 0 0 0 15.4775 8.06544 -24.1237 -5.39307 -2.11623 9.49427 0 3.41509e-06 0 
0.0595405 0.917065 -1.48876 -23.6252 -35.8707 30.0688 4.21917 0.905923 -6.22247 4.26887e-07 0 0 -64.6174 -21.8044 33.9289 -180 70.3817 -180 0 0 0 -155.32 -5.43431 46.1412 180 -45.7197 -180 0 0 0 19.0063 -2.22671 7.3541 -5.37866 -3.0042 11.1582 0 0 0 11.0862 8.32834 -32.5302 -1.38756 -2.8293 11.7003 0 0 0 
0.055345 0.916902 -1.48061 -22.383 -36.2719 30.8299 5.35109 -1.86908 -6.95389 8.53774e-07 3.41509e-06 2.54444e-14 -73.0065 -12.6091 30.7646 -180 71.7508 -180 0 0 0 -155.958 -4.0045 36.0077 180 -48.897 -180 0 0 0 17.1912 -1.58555 5.76519 -3.09819 -3.27626 12.5412 -8.53774e-07 -2.54444e-14 -3.41509e-06 9.81682 6.87189 -33.0893 -0.0567066 -2.58274 11.7684 0 0 0 
0.022887 0.917065 -1.47568 -29.6078 -39.4671 33.7115 5.76465 4.37402 -8.57053 0 0 0 -67.4473 3.48526 26.6615 -180 81.6703 -180 0 0 0 162.458 -57.5539 53.5063 17.631 6.10543 2.94073 0 0 0 17.0257 -1.3476 6.48916 -2.56417 -2.67975 13.7715 0 0 0 18.8419 7.94204 -25.8392 -2.82033 -2.0897 8.09298 0 0 0 
0.0124473 0.918524 -1.45145 -20.7699 -31.0791 23.0003 3.76885 -2.8963 -1.80089 0 0 0 -49.1677 19.5217 19.3293 -2.408e-05 78.489 -2.408e-05 0 0 0 140.046 -60.0824 -75.4205 3.88684e-06 -43.0334 -5.2033e-06 0 0 0 15.3004 -4.87087 14.5849 -0.492371 -2.24767 6.83342 0 0 0 11.5756 5.66866 -21.0124 -0.352088 -1.77791 6.60529 0 0 0 
0.00502783 0.920681 -1.43665 -17.7959 -27.1831 23.0176 0.328518 -4.92867 -5.95362 -2.13443e-07 3.41509e-06 -6.36111e-15 72.2299 24.3226 16.3371 -5.89889e-06 55.1289 -1.15302e-06 0 0 0 134.323 -62.7815 -75.487 5.56019e-07 -57.6018 -8.10004e-06 0 0 0 14.2491 -4.48866 13.8061 -1.21625 -0.708032 2.30301 -1.59028e-15 1.06722e-07 -1.70755e-06 6.85276 4.49911 -23.4061 0.835247 -1.09712 5.10814 8.53774e-07 0 0 
-0.00120947 0.928007 -1.42417 -19.0969 -33.4145 21.4255 0.513413 1.83376 -0.80697 0 0 -2.13443e-07 80.8808 23.4782 30.1408 -3.30873e-06 67.4088 -1.65749e-05 0 0 0 120.796 -61.1089 -65.9011 -3.51674e-06 -65.9649 2.28227e-06 0 0 0 11.9274 -3.46259 16.6558 -4.56761 -0.0532924 0.381667 0 0 0 9.37444 3.03082 -17.7517 0.219431 -1.52767 8.54234 -5.33608e-08 3.41509e-06 -1.06722e-07 
-0.0307402 0.929082 -1.42379 -26.4953 -41.6887 23.9886 -0.0274998 4.55084 -2.06177 0 0 0 93.416 14.1563 42.9377 -2.54814e-05 72.793 -1.87841e-05 0 0 0 103.41 -65.3042 -45.7867 0 -73.1579 0 0 4.26887e-07 0 9.2101 -3.18484 21.138 -4.66762 0.378639 -4.48559 0 0 0 16.153 2.65169 -8.52922 -4.78 -0.159931 0.803022 0 0 0 
-0.0340261 0.933341 -1.42291 -25.7283 -47.3676 26.8483 0.400421 1.84017 -1.60094 0 0 0 94.0386 16.9392 54.0748 -5.67497e-06 74.326 -2.14432e-05 0 0 0 79.0837 -60.0671 -23.8553 3.72162e-05 -77.947 -4.32869e-05 0 0 0 4.19886 -1.20528 14.7933 -0.662418 -0.0416475 0.585613 0 0 0 11.8424 2.41652 -10.986 -0.284726 -0.728187 3.37991 0 0 0 
-0.0435854 0.947258 -1.42379 -29.0607 -50.8722 31.0413 0.605433 -0.0182659 -1.29648 0 0 0 92.3682 10.8215 55.3941 -6.88687e-05 82.2261 -6.91713e-05 0 0 0 68.2783 -54.8914 -11.9703 1.71452e-05 -81.3085 -1.47234e-05 0 0 0 4.62627 -0.975118 11.8434 -1.30893 0.173432 -2.75273 0 0 0 12.3443 2.40395 -10.8683 1.0812 -0.920654 3.74179 0 0 0 
-0.0482986 0.968228 -1.42379 -31.7048 -53.4431 34.6996 -0.513464 -1.02698 -0.623918 0 0 0 95.9198 8.13206 55.6826 1.10555e-05 83.197 1.43818e-05 0 0 0 64.3017 -50.2325 -6.24038 -1.36279e-05 -83.4728 7.58096e-06 0 0 0 6.57017 -0.994592 8.75132 -2.99479 0.359859 -4.60396 0 0 0 13.0889 2.82451 -11.3424 0.415051 -0.965315 3.71554 -6.36111e-15 -3.41509e-06 2.13443e-07 
-0.0529983 0.980001 -1.42409 -34.7477 -53.942 38.3354 0.0188916 -1.72381 2.7092 -8.53774e-07 3.41509e-06 -4.26887e-07 93.5812 10.3116 56.9636 -0.000937662 89.539 -0.000939775 0 0 0 63.4041 -44.6649 -5.19849 2.86015e-05 -84.9475 -2.61843e-05 0 0 0 7.37628 0.0456252 -0.384921 -0.24761 -0.401948 4.34211 0 0 0 14.8472 2.75372 -11.7783 0.217852 -0.824062 3.43074 0 0 0 
-0.0548904 0.980001 -1.4253 -35.7391 -55.2762 40.5156 0.428174 0.279782 0.455816 0 0 0 89.8661 7.19732 53.7329 180 85.8259 180 0 0 0 62.7659 -45.21 -5.35385 7.1242e-05 -86.1151 -7.1242e-05 0 0 0 5.73255 0.116101 -6.30338 3.33452 -1.54151 11.2337 -8.53774e-07 -1.33402e-08 -5.33609e-08 13.134 2.62432 -13.6181 4.0712 -1.82056 6.26187 0 0 0 
-0.0576587 0.997266 -1.42561 -33.0964 -54.8365 37.2012 0.210514 -2.39549 2.35198 0 0 0 88.3963 8.3638 54.9407 -180 79.0136 180 0 0 0 60.8287 -43.4333 -3.88334 -2.41561e-06 -87.1237 -2.41561e-06 0 0 0 6.86965 0.433035 -4.61344 2.55817 -1.98626 10.0414 0 0 0 13.0606 3.46139 -13.4868 2.08448 -2.40177 7.72446 0 0 0 
-0.0795501 1.00601 -1.43192 -40.6739 -59.2682 37.6381 -2.01425 4.53469 9.43643 0 0 0 91.803 10.5533 54.4651 -180 75.1212 180 0 0 0 63.9539 -42.582 -4.7338 -2.4154e-06 -87.5365 -2.4154e-06 0 0 0 7.26915 -0.403814 2.27838 1.47817 -1.09031 6.82213 0 3.41509e-06 0 16.0718 1.32544 -4.82355 0.929752 -2.55714 8.19097 0 0 0 
-0.0827737 1.00601 -1.44858 -40.4951 -60.7975 42.1058 -2.45518 -0.569488 1.89602 -8.53774e-07 3.41509e-06 -8.53774e-07 88.5613 8.70991 59.0604 -180 69.4834 -180 0 0 0 55.9333 -40.5809 4.64155 0 -89.4366 0 0 0 0 7.8176 0.212207 -1.97738 0.646514 -1.29838 8.60295 0 3.41509e-06 0 15.3256 2.3878 -9.05607 1.42298 -2.54084 8.30021 0 0 0 
-0.10006 1.00311 -1.44895 -48.4975 -65.3886 49.6933 -1.19527 0.201877 1.23525 0 0 0 87.2334 11.4743 62.8662 -180 67.6984 -180 0 0 0 50.1793 -36.3722 10.0314 -180 -89.0445 180 0 0 0 6.06536 -0.119821 -0.841891 3.42193 -0.888068 5.57147 0 0 0 16.144 2.23409 -8.04477 -0.190851 -3.15214 11.3061 0 0 0 
-0.102254 1.00601 -1.46506 -53.6584 -68.7145 54.3652 -0.143529 0.590809 -0.251473 0 0 0 89.8977 14.9497 65.598 -180 71.3436 -180 0 0 0 45.5006 -35.0268 14.1521 180 -88.4111 -180 0 0 0 5.69893 -0.0870981 -0.279122 2.25096 -0.805402 5.30224 0 0 0 15.5984 1.78534 -5.84959 -1.24422 -2.82093 10.5001 0 0 0 
-0.104737 1.01029 -1.47991 -51.4239 -67.8613 52.0528 0.215019 -0.217848 0.846357 0 0 0 91.333 20.0856 64.0044 180 73.0292 180 0 0 0 45.9904 -34.5046 13.1148 -180 -88.0075 180 0 0 0 7.65396 -0.0870051 0.592006 0.791919 -0.411508 3.5107 0 0 0 16.0144 1.3475 -5.65775 0.623373 -2.5893 9.74591 0 0 0 
-0.106809 1.01139 -1.49709 -51.2461 -68.6567 51.7914 -0.332649 -0.848299 -0.972111 0 0 0 94.2846 24.0172 64.3034 -180 76.9612 -180 0 0 -3.41509e-06 43.9771 -34.8418 15.9887 -180 -87.6386 180 0 0 0 7.51608 -0.120176 0.864386 1.18781 -0.376498 3.18589 0 0 0 15.9582 1.15534 -5.10678 1.02179 -2.48392 9.26391 0 0 0 
-0.115597 1.01139 -1.49844 -48.1514 -69.1525 46.444 0.466248 -1.76334 3.3089 0 0 0 95.0585 31.937 64.5549 180 81.2382 180 0 0 0 43.0032 -33.1808 14.552 -180 -87.286 180 0 1.70755e-06 0 6.78936 -0.355811 2.99127 1.02096 -0.468164 3.7449 0 0 0 15.7233 0.726327 -2.84896 0.144238 -2.34332 8.66216 -2.13443e-07 -3.97569e-16 -2.13443e-07 
-0.116526 1.01139 -1.52356 -42.9797 -68.7434 44.7805 -1.1665 -1.73715 -2.2362 0 0 0 102.732 34.8943 66.0892 -179.999 89.7806 -179.999 0 0 0 43.2252 -35.6588 15.4163 180 -86.7775 -180 0 0 0 7.4696 -0.0707085 0.494735 0.196734 -0.357172 2.61822 0 0 0 16.2172 1.93847 -6.99431 1.20275 -2.59138 8.17622 0 0 0 
-0.118959 1.01139 -1.52453 -40.565 -67.2762 42.127 9.82882 -2.65791 -3.75275 0 0 0 94.7164 42.7041 67.4768 -1.25273e-05 83.903 -1.58525e-05 0 0 0 32.0939 -36.7341 16.4872 180 -86.6155 -180 0 0 0 7.1069 -0.161233 1.40753 2.86169 -0.185527 1.7711 0 0 0 16.9764 1.54198 -7.06871 1.10738 -1.93909 7.69217 0 0 0 
-0.1275 1.01332 -1.53351 -30.3981 -71.1418 30.643 -0.675858 0.168344 -2.07245 0 0 0 112.746 49.2893 75.6437 -9.41993e-06 70.9356 -8.80777e-06 0 0 0 37.4513 -38.8511 15.7118 180 -86.5665 -180 0 0 0 0.0470256 -0.179645 3.98525 4.92916 -0.142979 1.93257 0 0 0 12.1241 0.878813 -4.48848 0.274084 -1.34591 6.52981 0 0 0 
-0.132201 1.01332 -1.54498 -34.9223 -69.3495 34.6694 2.842 -1.04098 -1.01495 0 0 0 119.949 57.2305 85.7916 -6.683e-06 64.3754 -4.20651e-06 0 0 0 36.6741 -37.8023 15.1844 -180 -86.3166 180 0 0 0 4.1658 -0.236241 5.87929 4.08597 0.0390293 -0.449205 0 0 0 14.5479 0.842443 -4.47546 0.822681 -1.22475 5.72317 0 0 0 
-0.132201 1.0146 -1.54498 -40.5193 -72.8854 39.7726 1.64313 1.33245 0.362306 0 0 0 134.227 63.0168 102.475 -5.30837e-06 58.3749 -6.877e-06 0 0 0 37.4136 -36.015 15.15 -180 -86.1951 180 0 0 0 3.09082 -0.324191 6.35297 4.00511 0.00998513 -0.100469 0 0 0 14.62 0.251188 -1.44075 3.01054 -0.292223 1.00715 0 0 0 
-0.132516 1.01731 -1.54414 -37.5952 -72.3715 37.4685 2.94836 1.80668 -1.24943 0 0 0 141.666 66.5523 114.013 5.70775e-06 52.9695 3.79776e-06 0 0 -2.56132e-06 35.9846 -37.8502 15.0798 180 -86.0771 -180 0 0 0 2.39181 -0.373564 5.54513 5.89944 0.0340056 -0.292897 0 0 0 12.8131 -0.0213705 -0.784794 4.39242 0.235296 -0.848048 0 0 0 
-0.134123 1.01995 -1.54458 -35.7108 -74.0924 34.877 0.0614591 -1.14505 -0.979644 0 0 0 161.179 64.7691 136.322 -3.10978e-06 47.9666 -6.99018e-06 0 0 0 35.7303 -34.7564 18.3689 180 -85.7546 -180 0 0 0 0.0266054 -0.190701 7.76475 5.69368 0.138075 -1.59783 0 0 0 10.7359 -0.126454 -0.377386 4.63328 0.157402 -0.606049 0 0 0 
-0.139756 1.01995 -1.54414 -36.0179 -74.0695 34.3013 0.975239 -0.978793 -0.0727737 0 0 0 172.14 65.8289 152.788 -1.01479e-06 44.8023 -1.34175e-06 0 0 0 35.1617 -34.9055 18.147 -180 -85.685 180 0 0 0 0.415009 -0.209753 6.4796 5.96696 -0.0965536 1.09687 1.27222e-14 3.41509e-06 4.26887e-07 11.034 -0.432563 1.4586 4.48849 0.274639 -1.08878 0 0 0 
-0.140892 1.01995 -1.54414 -38.4916 -74.9964 36.6902 1.34942 0.782554 -1.28668 -2.13443e-07 1.33402e-08 -2.48481e-17 179.308 66.4192 165.005 -1.37663e-06 42.4379 -2.36621e-06 0 0 0 34.4723 -36.0773 18.8966 180 -85.532 -180 0 0 0 0.14284 -0.19998 6.57077 6.13447 -0.0890627 1.02248 0 0 0 9.31483 -0.798754 2.56958 6.87162 0.52508 -1.97258 0 0 0 
-0.145493 1.02153 -1.54458 -50.2119 -78.8065 47.5498 0.110377 0.169128 -1.29417 0 0 0 -174.408 61.3576 174.913 -5.5869e-07 41.2399 -1.86361e-06 0 0 0 33.2236 -31.9357 22.8847 180 -85.2157 180 0 0 0 -3.85229 -0.0405233 9.84012 8.30985 0.0400088 -0.454447 0 0 0 9.70306 -1.13689 4.53387 5.72399 0.651053 -2.26514 0 0 0 
-0.145071 1.02153 -1.5643 -59.3275 -80.1531 55.9925 -0.283498 0.0100995 -0.0883195 0 0 0 -168.146 56.2612 -174.616 5.56989e-08 37.9516 -2.46365e-06 0 0 0 33.5691 -29.6072 23.5195 180 -85.0021 180 0 0 0 -1.66663 -0.031404 9.46858 5.76612 -0.0451772 0.615126 0 0 0 10.4629 -1.25531 5.51018 4.78702 0.602213 -2.18327 0 0 0 
-0.145071 1.0175 -1.56496 -77.4047 -81.4636 74.2084 -0.352383 -1.86489 -0.512111 0 0 0 -165.002 51.5554 -167.51 -3.73618e-07 38.1375 -2.38751e-06 0 0 0 32.6366 -25.2024 26.5026 180 -84.6121 -180 0 0 0 -2.11299 -0.290303 7.75846 7.96845 -0.0624625 0.593576 0 0 0 10.4517 -1.95874 8.80576 4.62155 1.47307 -5.33114 0 0 0 
-0.140892 1.0175 -1.56668 -79.2691 -81.0944 76.8054 0.0993094 -1.69067 -1.23539 0 0 0 -162.109 50.8624 -160.945 -3.24099e-07 37.6889 1.69364e-06 0 0 0 32.9788 -25.331 26.3457 180 -84.5635 -180 0 0 0 -1.05767 -0.0933143 7.36182 5.62348 0.0108842 -0.147939 0 0 0 11.3688 -1.61913 7.06665 4.23656 1.215 -4.40716 0 0 0 
-0.140416 1.02115 -1.56668 -84.014 -81.2435 81.6221 0.114622 -0.910826 -1.59995 0 0 0 -160.952 50.3644 -157.098 2.54111e-06 37.2537 8.56504e-07 0 0 -8.53774e-07 33.1225 -25.6224 26.4536 180 -84.5343 -180 0 0 0 -1.04871 -0.35037 7.1711 7.19181 0.0760625 -0.681415 0 0 0 13.5102 -1.85043 7.3651 1.29609 0.959283 -3.54251 0 0 0 
-0.140416 1.01938 -1.56496 -68.9239 -80.992 66.6886 -0.877991 -0.857409 -2.25337 0 0 0 -158.283 52.1061 -151.997 -3.04075e-06 36.9795 -1.01682e-06 0 0 0 34.3662 -28.3103 25.4708 180 -84.6466 -180 0 0 0 -0.0911021 -0.292637 7.90449 4.65638 0.197204 -2.13384 0 0 0 11.6824 -1.83341 7.62037 2.84069 1.35967 -4.92832 0 0 0 
-0.139155 1.01938 -1.55155 -68.5027 -80.6539 66.4096 -0.215004 1.38982 -1.51814 0 0 0 -154.164 54.106 -144.69 0 37.679 0 0 0 0 35.4409 -30.0657 22.8934 180 -84.7148 180 0 0 0 0.34021 -0.306773 8.81619 3.823 0.305351 -3.73581 0 0 0 11.2875 -1.71537 7.39413 3.2109 1.24243 -4.58501 0 0 0 
-0.139155 1.01938 -1.53846 -44.8915 -78.9081 41.6156 0.40991 15.3131 -1.07003 0 0 0 -137.253 67.5878 -119.706 -1.00991e-06 36.6223 -3.34215e-07 0 0 0 42.3493 -46.1403 9.32812 180 -85.4678 -180 0 0 0 -3.46041 -0.42103 10.2589 7.26707 0.421261 -3.55066 0 0 0 10.4595 -1.84185 7.19787 2.81986 1.14125 -3.89389 0 0 0 
-0.122431 1.00324 -1.53285 -9.05607 -52.9754 11.9356 -2.93992 -5.09746 -6.38749 0 0 0 -116.048 71.5091 -93.8102 2.69112e-06 37.62 -2.69112e-06 0 0 0 49.3836 -53.4726 1.41286 180 -85.5093 -180 0 0 0 1.21724 -1.12002 9.59699 2.45495 0.77569 -5.22658 0 0 -9.60495e-07 7.61525 1.07028 -5.28418 2.09366 0.887223 -3.45251 0 0 0 
-0.117736 0.996259 -1.52777 -13.9242 -45.9602 14.0707 1.6771 0.673425 1.78576 0 0 0 -77.5518 64.2018 -51.8391 -4.22367e-06 40.7043 -1.56676e-06 0 0 0 69.2401 -54.6534 -22.9671 -180 -86.3294 180 1.27222e-14 -8.53774e-07 -1.70755e-06 6.83889 -1.13352 11.0843 2.79278 0.703377 -5.01683 0 0 0 12.4631 0.984265 -4.86322 -1.36773 0.973282 -5.87109 0 0 0 
-0.102087 0.992806 -1.52777 -12.5071 -45.5036 14.0355 -2.36082 2.02415 4.72279 0 3.41509e-06 0 -73.0194 59.8084 -50.845 -6.76803e-06 40.0565 -6.10207e-06 0 0 0 77.1825 -51.4062 -28.4332 -180 -86.5053 180 0 0 0 2.55247 -0.437856 9.25107 5.53729 0.400874 -3.64091 0 0 0 8.58144 0.691586 -7.2429 2.76334 0.976684 -5.793 0 0 0 
-0.0967756 0.992806 -1.51455 -12.8048 -41.5498 16.9771 -4.96049 4.32889 3.11583 0 0 0 -55.5511 54.4269 -38.7491 -6.30395e-06 43.1695 -4.33029e-06 0 0 0 89.3323 -50.704 -38.4239 180 -86.3999 -180 0 0 0 2.87938 -0.637152 1.72658 7.79029 -0.584174 3.5693 0 0 0 7.51876 1.03573 -11.6018 3.92811 0.870088 -4.84319 0 0 0 
-0.0866553 0.992806 -1.51199 -11.0268 -34.6701 17.9713 -8.73071 5.27965 4.44618 0 0 0 -43.0072 45.4484 -31.4954 -4.85257e-06 45.3563 1.67356e-06 0 0 -1.70755e-06 103.645 -46.8474 -50.3826 180 -86.7828 -180 0 0 0 1.57714 -1.37856 -2.7659 11.0952 -1.7072 8.21253 0 0 0 5.70521 1.13006 -15.4663 3.07681 0.839144 -5.9426 0 0 0 
-0.0720737 1.00691 -1.51199 -12.9275 -22.8271 20.2675 -0.824508 1.8994 2.42365 0 0 0 -34.2184 39.6737 -24.0419 -6.22466e-06 47.5125 -4.60535e-06 0 0 0 110.883 -46.1095 -62.3213 180 -87.3653 -180 0 0 0 6.30681 -0.847915 -5.0322 11.0845 -2.22927 7.31062 0 0 0 8.63568 3.6065 -23.3166 -0.205464 0.2291 -1.47282 0 0 0 
-0.0655618 1.00711 -1.50647 -10.6355 -16.7277 20.3707 -0.481211 -1.79044 1.06832 8.53774e-07 1.27222e-14 -1.70755e-06 -30.2146 36.8309 -23.7561 1.46729e-06 48.4597 -4.02091e-06 0 0 0 114.192 -45.2698 -66.7245 180 -87.6114 180 2.54444e-14 -8.53774e-07 -3.41509e-06 4.00909 -1.56791 -3.88899 14.4606 -1.43842 3.871 0 0 0 5.67087 3.82053 -26.1149 -0.447853 0.223594 -1.5571 0 0 0 
-0.0655618 1.01165 -1.49305 -12.9826 -15.3679 19.2816 -0.455251 -3.04334 0.796532 0 0 0 -23.9519 38.5696 -25.1197 -3.83134e-06 48.7188 -1.7347e-06 0 -3.41509e-06 0 117.054 -47.2156 -67.1094 180 -87.5873 180 0 0 0 6.93772 -1.58489 -2.30552 13.573 -1.7623 5.11488 0 0 0 8.39232 3.27409 -24.8948 -1.38569 -0.0737233 0.666448 0 0 0 
-0.0655618 1.01165 -1.49305 -15.5566 -22.1806 20.1116 -0.540715 -2.39802 0.737718 0 0 0 -20.428 45.3838 -32.3071 -3.36969e-06 49.8767 -3.45003e-06 0 0 0 110.84 -49.1855 -58.4466 180 -87.5606 -180 0 0 0 7.47874 -1.19979 -2.0015 10.0653 -2.71978 10.1503 0 0 0 7.55503 1.73573 -22.5513 6.062 0.0387821 -0.193102 1.06722e-07 -1.72089e-06 2.66804e-08 
-0.0784014 1.00711 -1.49305 -23.3095 -32.0765 21.9403 3.09711 4.23872 1.36066 0 0 0 -16.863 50.9407 -36.8456 -2.92367e-06 51.5676 -3.78277e-06 0 0 0 105.007 -51.498 -51.7538 -180 -87.3429 180 0 0 0 13.7761 -0.732623 1.19725 3.7514 -3.19761 11.2676 0 0 0 18.1013 5.17076 -17.0176 1.18316 -0.153564 0.461528 0 0 8.53774e-07 
-0.0813059 1.00643 -1.49323 -24.566 -37.2787 23.3823 0.788633 -0.187837 0.271682 4.26887e-07 3.52182e-06 1.31198e-14 -13.2506 65.2844 -46.7806 2.27419e-07 51.0988 -2.49364e-06 0 0 0 93.945 -52.9093 -36.331 180 -86.8724 -180 0 0 0 12.9403 -0.615104 1.47726 2.02065 -3.01512 11.0922 0 0 0 17.259 5.33815 -16.3887 0.162229 0.18813 -0.562611 0 0 0 
-0.0881606 1.00643 -1.49777 -28.6928 -42.206 26.3343 0.310779 3.36665 -0.216294 1.70755e-06 0 0 5.36915 67.7289 -41.7764 2.93237e-06 58.4466 2.6187e-06 0 0 0 92.7392 -52.9418 -32.9692 -180 -86.785 180 1.70755e-06 0 0 14.7068 -0.631083 2.12846 0.121098 -3.11421 12.1682 0 0 0 21.1437 4.18728 -10.9725 0.992524 1.06797 -2.61788 0 0 0 
-0.095408 1.00643 -1.49879 -37.0701 -55.6121 34.9557 -1.2697 -4.38212 -2.88507 0 0 0 105.658 79.7231 47.7796 -1.83798e-06 67.3139 -4.30092e-06 0 0 0 66.1222 -47.7917 1.3783 180 -85.6753 -180 0 0 -3.41509e-06 16.1068 -0.685583 4.04748 -6.46721 -1.64761 8.46442 0 0 0 25.0632 1.43218 -2.66716 -1.77933 3.30389 -7.03113 0 0 0 
-0.100455 1.0011 -1.49879 -45.3377 -60.9158 40.5994 -0.561863 1.56278 -1.06411 -4.26887e-07 0 0 99.3888 68.6496 35.1598 -0.000151673 89.4277 -0.000150164 0 0 0 65.5476 -46.865 1.88862 180 -85.6025 -180 0 -8.53774e-07 0 15.0803 -1.30134 6.30728 -5.61194 -1.43562 8.10506 0 0 0 25.2404 -1.61226 3.35738 -0.824751 3.99052 -8.34427 0 0 0 
-0.100455 1.01006 -1.50681 -63.719 -66.427 58.6334 1.93345 3.54074 -2.25501 0 0 0 106.161 51.2334 39.6052 -180 74.2915 -180 0 0 0 57.9528 -42.5963 11.2572 180 -85.1227 180 0 -8.53774e-07 0 15.6817 -0.380681 5.06841 -7.87452 -0.702841 8.1127 0 0 0 25.1926 -1.91039 4.38257 0.997129 3.05404 -6.90775 -4.26887e-07 -3.33505e-09 4.80248e-07 
-0.100455 1.01256 -1.50876 -72.3312 -71.6826 66.6932 -3.89983 0.272166 -0.358814 0 0 0 121.669 46.3336 58.7221 180 58.8655 -180 0 0 0 55.9738 -36.2272 18.8663 180 -85.0308 180 0 0 0 12.5156 -0.290006 4.46112 -7.39233 -0.863094 8.86317 0 0 0 23.2259 -2.53808 6.18642 -3.31704 2.43836 -6.38726 0 0 0 
-0.095408 1.01006 -1.50876 -71.4373 -73.0919 68.2114 -0.964069 -2.58545 -3.98216 0 0 0 110.159 30.1869 55.0943 -180 45.602 -180 0 0 0 49.9725 -35.0806 22.6125 180 -84.7491 180 0 0 0 10.6059 -0.0866448 3.10004 -6.27521 -0.607199 7.20479 0 0 0 22.3325 -1.41478 4.05652 -4.47112 2.10301 -6.20493 0 0 0 
-0.0931973 0.991873 -1.51071 -76.1116 -73.7753 75.2108 0.413157 -4.52482 -6.52978 0 0 0 103.304 24.4983 55.3021 -180 48.3304 180 3.41509e-06 -5.08889e-14 1.70755e-06 47.595 -32.6271 25.5069 -180 -84.5043 180 0 1.70755e-06 0 10.2015 0.809407 0.250165 -8.0076 0.2038 8.6099 0 0 0 21.7541 0.700395 -1.68538 -3.91957 -0.0932508 0.362943 0 0 0 
-0.0929824 0.99348 -1.51071 -117.192 -74.6365 114.392 0.965189 -2.40782 -1.59292 0 0 0 104.168 22.8249 57.4671 -180 45.4398 -180 0 0 0 44.5855 -23.1525 29.0817 -180 -84.2366 180 0 0 0 8.01575 0.474629 2.00423 -8.50982 0.135704 3.72987 0 0 0 19.8864 -1.47669 5.09393 -4.45408 0.747844 -2.99645 0 0 0 
-0.0929824 0.99348 -1.51575 -134.274 -73.427 131.061 -0.607666 0.673367 -1.59919 0 0 0 105.552 22.2696 59.5027 -180 45.1268 180 0 0 0 44.603 -21.9269 29.997 -180 -84.0902 180 0 0 0 6.42909 0.696795 0.686105 -8.79611 0.188344 4.5466 0 0 4.26887e-07 17.5219 -2.68711 9.62253 -5.0204 1.68067 -7.28528 0 0 0 
-0.0896318 0.99348 -1.51623 -129.129 -74.7886 127.043 -0.657415 -2.12785 -1.65503 0 0 0 105.541 20.6907 56.1267 -180 40.6079 -180 0 -3.4151e-06 0 44.9367 -20.9382 29.8584 -180 -84.0824 180 0 0 0 6.23696 0.749375 -0.52625 -8.423 0.135007 3.77844 0 0 0 17.4569 -1.63556 6.00558 -4.64366 1.14206 -4.87935 0 0 0 
-0.0811692 0.994316 -1.51765 -136.356 -72.2777 134.979 -0.157343 0.707118 -2.34486 0 0 0 105.683 20.4635 56.4467 -180 40.7184 -180 2.54444e-14 -3.4151e-06 -8.53774e-07 45.4232 -20.6921 29.7577 -180 -84.0854 180 0 0 0 6.00283 0.49512 -0.929759 -6.69088 0.0335104 1.5886 0 0 0 17.6872 -1.50115 5.56242 -4.33525 0.854667 -3.71123 0 0 0 
-0.0811165 0.994316 -1.52008 -133.626 -72.3972 132.029 0.244261 -0.00570152 -1.98277 0 0 0 105.166 19.733 56.8257 -180 40.1715 -180 0 0 0 45.9676 -20.9044 29.6409 180 -84.0733 180 0 0 0 7.38226 0.586587 -0.306795 -7.85972 0.0246958 1.03441 0 0 0 18.7907 -1.44851 5.35791 -5.14436 0.770034 -3.36578 0 0 0 
-0.0811165 0.995056 -1.52008 -133.635 -72.4017 131.803 -0.420411 -0.487357 -1.69807 0 0 0 106.09 19.9578 57.0908 -180 40.4045 -180 0 0 0 47.0072 -20.8116 29.8269 180 -84.0703 -180 0 0 0 8.09631 0.599654 0.0818967 -8.26419 0.00516127 0.954715 0 0 0 20.0954 -1.64887 5.72538 -6.47047 0.82999 -3.41894 0 0 0 
-0.0811692 0.996457 -1.52008 -135.922 -71.8691 132.914 -0.640505 0.341521 -1.51293 0 0 0 104.868 19.1262 57.7281 -180 40.9175 -180 0 0 0 47.3855 -21.6846 30.3678 -180 -84.0747 180 0 0 0 8.41638 0.427797 1.33975 -8.54573 -4.00695e-06 0.000356031 0 0 0 19.9381 -2.42883 7.49033 -6.55875 1.06134 -4.03663 0 0 -1.33402e-08 
-0.0861533 0.996457 -1.5168 -123.723 -73.361 119.466 -0.219223 -3.04471 0.404569 0 0 0 104.024 21.4692 59.2043 180 43.1812 180 0 0 0 48.7473 -22.2922 29.7181 180 -84.0636 -180 0 0 0 10.8079 1.14772 0.315006 -10.8613 -0.00281302 5.8553 0 0 0 21.9945 -2.67342 7.8882 -7.48767 0.736094 -2.75762 0 0 0 
-0.0861533 0.995743 -1.5165 -101.919 -73.5153 98.365 0.0314059 -3.60582 0.203336 0 0 0 101.234 25.8629 57.5411 -180 43.4903 -180 0 0 0 52.581 -26.7149 25.3656 180 -84.4553 -180 0 0 0 13.8275 1.76858 -0.64574 -12.058 0.108785 8.79659 0 0 0 23.7709 -2.24608 7.07847 -6.84535 1.51769 -5.67213 0 0 0 
-0.0861533 0.995743 -1.47705 -61.3003 -72.9616 58.9233 -0.670638 13.6424 -0.671982 0 0 0 78.6465 19.3434 31.2314 -180 32.283 -180 0 0 0 70.0698 -43.6833 -5.08901 180 -85.7929 -180 0 0 0 5.80772 0.542452 -1.39847 -4.33083 -0.322549 9.29732 0 0 0 18.0807 -1.84933 5.90478 -2.1331 3.52016 -11.3655 0 3.42843e-06 0 
-0.0599136 0.988078 -1.46854 -9.1628 -45.2476 17.5224 -9.46437 0.136597 -2.54685 -4.26887e-07 0 0 53.9344 11.7831 -0.933254 -180 35.4946 180 0 0 0 97.7967 -46.3851 -38.924 180 -86.9224 -180 0 0 0 -6.10539 -0.50808 -1.4946 6.37391 -0.186612 3.75178 0 0 0 2.33711 1.24461 -15.2592 2.38662 0.491405 -3.74608 0 0 0 
-0.0599136 0.988078 -1.46854 -9.78016 -39.059 16.5006 -10.7982 1.57537 5.03442 0 0 0 30.9996 16.3294 -19.0433 -180 65.3697 -180 0 0 0 107.773 -39.6754 -47.0738 -180 -87.3553 180 0 0 0 -3.44481 -0.243551 1.97113 6.05987 -0.0859649 1.39304 -2.54382e-14 3.41426e-06 -8.53774e-07 2.87173 0.827342 -13.7143 2.16394 0.45269 -4.27119 2.13443e-07 0 0 
-0.054874 0.988078 -1.46802 -11.6058 -35.3109 20.3498 -8.02582 3.06096 1.16706 -6.36111e-15 3.41509e-06 -2.13443e-07 5.98922 23.8854 -23.2018 -9.19704e-06 72.8879 -1.15675e-05 -5.33609e-08 -3.41509e-06 2.13443e-07 112.748 -39.1566 -54.2251 180 -87.518 -180 0 0 0 0.088441 -0.357034 0.0371771 5.66956 -0.295949 4.37449 0 0 5.33609e-08 5.54343 1.19713 -13.2033 -2.81194 0.268927 -13.5127 0 0 0 
-0.054874 0.988801 -1.46802 -12.3544 -22.7023 20.5722 -3.08721 0.62707 2.15071 0 1.70755e-06 0 -17.6452 31.4589 2.43092 5.41395e-07 29.3548 -3.82978e-06 0 0 0 120.643 -34.9521 -65.2048 180 -88.1939 180 0 0 0 6.41958 -0.177908 -0.315505 4.12422 -0.800805 4.1133 0 0 0 7.32796 3.25895 -20.6259 -4.08235 0.531088 -6.80617 0 0 9.60495e-07 
-0.0557034 0.994194 -1.46664 -14.6824 -20.9958 22.3245 0.109726 -1.69208 0.0955406 0 0 0 -14.4152 33.9324 -8.32585 -4.45808e-07 29.7312 1.64834e-06 0 0 0 120.008 -36.1624 -64.5079 -180 -88.2679 180 1.70755e-06 0 0 8.81739 -0.0432301 -2.26358 4.81903 -1.66773 7.01994 4.26887e-07 -5.33608e-08 -1.98785e-16 7.76162 3.27653 -22.4544 -2.77863 0.49751 -5.2019 1.27222e-14 1.70755e-06 8.53774e-07 
-0.0603313 1.00752 -1.46664 -18.8291 -24.7812 24.9407 -1.33768 -0.410789 -1.45284 0 0 0 -4.04734 39.6884 -17.6295 -1.67428e-06 31.2961 -2.02059e-06 0 0 -6.4033e-07 121.92 -37.8808 -61.1622 180 -88.3705 180 0 0 0 12.1454 0.582309 -3.18231 2.96328 -2.51438 7.88641 0 0 0 12.2032 6.32515 -21.9041 -3.59228 1.24588 -5.56926 0 0 0 
-0.0649719 1.01295 -1.46664 -22.3676 -28.4654 25.6785 -2.88747 0.239671 -2.29532 0 0 0 14.5378 41.6003 -30.9618 8.73957e-07 51.76 -6.43567e-07 0 0 0 123.585 -40.362 -58.2811 180 -88.3785 -180 2.54444e-14 -8.53774e-07 -3.41509e-06 17.0021 1.30249 -3.06783 -3.35328 -2.91897 11.1195 0 0 0 17.7109 7.04378 -18.7511 -5.07858 1.62002 -5.95067 0 0 0 
-0.0774043 1.01295 -1.47263 -33.294 -38.5318 30.7717 1.37105 1.74512 -1.69931 0 0 0 29.7975 55.1787 -24.024 3.22547e-06 64.2358 2.52876e-06 0 0 0 113.77 -45.0603 -44.429 -180 -87.7314 180 0 0 0 23.528 1.40902 -0.745889 -8.56527 -2.4958 12.9646 0 0 0 27.1477 5.21138 -11.2279 -3.93647 2.44665 -6.60313 0 0 0 
-0.0811418 1.0088 -1.47286 -32.1453 -41.5189 29.5171 -0.284698 0.778036 0.288763 0 0 0 43.1392 58.7551 -17.2846 1.04111e-05 77.7099 5.09807e-06 0 0 0 110.786 -44.3713 -40.1622 -180 -87.7766 180 0 0 0 20.7542 0.223789 1.91318 -7.95637 -2.13562 10.4545 0 0 0 26.3727 5.68992 -11.1142 -5.45927 1.20397 -3.1974 0 0 0 
-0.0875964 1.01325 -1.47797 -34.0498 -44.5127 32.6314 -0.580133 -3.92428 -1.86817 0 0 0 70.3699 51.9513 1.43746 -180 80.9781 -180 0 0 0 103.893 -46.1678 -29.777 180 -87.2766 -180 0 0 0 18.7311 -0.708737 2.72185 -4.53847 -1.81141 6.34827 0 0 0 26.8859 6.10994 -10.6242 -4.26993 1.31282 -2.80346 0 3.42843e-06 0 
-0.0898025 1.01325 -1.48479 -46.8672 -57.1791 42.1241 -0.689748 -2.36119 -0.345054 -4.26887e-07 3.41509e-06 8.53774e-07 96.5127 46.9538 30.9992 180 72.7566 180 0 0 0 89.4108 -45.3052 -10.5215 180 -86.2029 -180 0 0 0 20.0501 -1.06423 6.45499 -10.864 -0.808727 5.43483 0 0 0 29.1576 -0.308528 1.22941 -4.51824 3.77518 -8.25421 2.13443e-07 3.41509e-06 6.36111e-15 
-0.0980535 1.0088 -1.49635 -57.9957 -61.1878 53.2301 -0.90828 3.12358 -4.18948 0 0 0 94.3226 26.4475 35.8809 180 47.024 -180 0 0 0 90.3248 -47.3265 -9.28628 180 -86.1359 -180 0 0 0 19.0589 -1.05244 5.63916 -8.25178 -0.81419 5.05996 0 0 0 30.2583 -1.41361 3.1187 -3.89543 3.86546 -8.18109 0 3.4151e-06 0 
-0.102731 1.00799 -1.49895 -59.0426 -63.8186 52.9917 0.216196 -1.86656 -2.1147 0 0 0 101.384 20.0136 51.292 -180 45.6498 180 0 0 0 81.3921 -45.0972 0.335187 180 -85.3322 -180 0 0 0 17.6479 -1.60693 7.66659 -9.00926 -0.500302 3.41824 0 0 0 26.0292 -0.519558 1.07658 0.00431355 0.815321 -1.68912 0 0 0 
-0.102731 0.983874 -1.50041 -78.5371 -71.9029 82.0572 -0.428646 2.81428 -19.9427 0 0 0 103.39 7.22773 50.2113 -180 42.4322 -180 0 0 0 71.4629 -49.6869 10.5387 180 -84.4462 -180 0 0 0 11.0323 1.60696 -5.39983 -7.66262 -0.233236 6.06694 0 0 0 22.6002 1.98846 -5.05314 -0.362531 0.180068 -0.465879 0 0 0 
-0.102731 0.983874 -1.50255 -78.8945 -71.6474 82.4086 2.73088 0.0174934 -14.2105 0 0 0 100.262 5.78758 47.6166 180 34.3541 180 0 0 0 69.1339 -42.9243 12.0082 -180 -84.0452 180 0 0 0 9.82941 0.968957 -4.76176 -4.8795 -0.254627 4.36953 0 0 0 23.2207 2.58417 -6.41051 -1.96867 0.0590145 -0.16428 0 0 0 
-0.098823 0.983874 -1.51059 -79.2585 -74.5787 83.6747 -3.22209 -0.74912 -14.7175 0 0 0 106.517 5.02639 53.9148 180 35.2356 180 0 0 0 72.8721 -42.449 12.0823 180 -83.924 -180 0 0 0 6.93663 1.18955 -5.8187 -5.43849 -0.236125 4.881 0 0 0 19.9897 2.81582 -7.08276 -2.30784 -0.0671301 0.193979 0 0 0 
-0.0993652 0.99078 -1.51154 -107.607 -73.6069 109.671 1.28682 -0.913577 -12.5237 0 0 0 105.326 11.4811 50.2093 180 38.7818 180 0 0 0 64.691 -38.6255 21.8784 -180 -84.0079 180 0 0 0 8.0631 1.06376 -4.11705 -6.91295 -0.0581097 4.71179 0 0 0 21.6091 0.185616 -0.0926694 -3.47361 1.02264 -3.19561 0 0 0 
-0.098823 0.998153 -1.52095 -126.916 -72.8068 123.92 -0.303769 2.64217 -3.95918 0 0 0 108.207 14.8229 54.1853 180 41.4634 180 0 4.26887e-07 0 65.4646 -34.2793 21.5357 180 -84.0392 -180 0 0 0 8.33499 1.15514 -0.509549 -10.4524 0.195664 4.89254 0 0 0 18.8979 -2.57177 7.95176 -2.69506 1.77281 -6.0096 0 0 0 
-0.098313 0.999193 -1.52286 -132.252 -72.0671 128.141 -0.806015 -0.845678 -2.00482 0 0 0 110.852 17.2686 57.4312 -180 43.7898 -180 0 0 0 64.0475 -31.3486 26.3449 180 -83.9421 -180 0 0 0 8.26913 1.1038 0.863121 -11.36 0.170218 4.32949 0 0 0 18.6503 -3.46382 10.1947 -2.98807 2.36693 -7.65795 0 0 0 
-0.0904399 0.999193 -1.52286 -133.11 -71.4154 131.005 1.74866 -2.40415 -3.64559 0 0 0 110.593 16.9606 60.2926 -180 45.378 -180 0 0 0 62.1406 -30.0382 28.0911 180 -83.5097 -180 0 0 0 9.00214 1.64889 -1.58699 -12.0085 0.312682 5.03263 0 0 0 19.4816 -2.62274 8.24557 -3.44927 2.05635 -7.19313 0 0 0 
-0.0904399 0.999193 -1.52095 -132.098 -71.6259 132.581 1.92887 0.747138 -7.93949 -8.53774e-07 0 0 108.593 14.117 57.9932 -180 43.7562 180 0 0 0 64.2823 -33.8914 25.0535 180 -83.6505 -180 0 0 0 8.33388 1.82906 -4.28588 -11.3767 0.337465 4.91195 0 0 0 18.5876 -1.60142 5.44828 -2.32705 1.92644 -6.89324 0 0 0 
-0.0900627 0.999193 -1.52045 -130.664 -73.1311 127.599 0.40361 0.397167 -1.26409 0 0 0 108.137 17.4994 59.2742 -180 44.082 -180 0 0 0 67.5463 -32.2709 22.0162 180 -83.8418 -180 0 0 0 8.95309 2.01282 -0.814817 -13.8484 0.505043 5.63275 0 0 0 17.3258 -2.47562 8.40491 -2.41558 1.84833 -6.82464 0 -8.33763e-10 0 
-0.0904399 1.00152 -1.52045 -131.213 -72.6633 129.08 0.439344 -0.524157 -3.3915 0 0 0 103.918 14.5132 57.177 -180 40.6195 180 3.4151e-06 -1.01778e-13 3.4151e-06 68.104 -33.133 23.6392 180 -83.5221 -180 0 0 0 9.1051 2.10215 -1.38514 -13.7557 0.475837 5.89064 0 0 0 16.9119 -2.52615 8.41731 -1.30439 2.28061 -7.86272 0 0 0 
-0.0981316 0.998236 -1.51484 -128.269 -74.5327 125.742 -0.530742 -2.11077 -3.53297 0 0 0 102.522 13.9372 54.384 -180 39.0055 -180 0 0 0 69.5064 -34.3619 23.2764 180 -83.3671 -180 0 0 0 8.1174 1.81978 -1.3195 -12.4968 0.31515 6.38658 0 0 0 16.2953 -3.04452 9.74151 -2.3746 1.99943 -6.95228 0 0 0 
-0.100905 0.999189 -1.51484 -125.685 -74.6163 122.061 -0.551602 0.612516 -2.75154 0 0 0 100.421 14.3416 50.2926 -180 38.3516 -180 0 0 0 73.0955 -36.9674 19.283 -180 -83.8406 180 5.08889e-14 -1.70755e-06 -3.4151e-06 8.61105 2.1127 -1.52323 -13.1369 0.290423 7.48324 0 0 0 16.6258 -3.59966 10.712 -2.30982 2.49816 -7.97342 2.13443e-07 0 0 
-0.0981316 0.999189 -1.51478 -103.78 -74.9856 100.496 0.540289 -0.961443 -1.65339 0 0 0 97.0768 18.4635 43.0489 -180 44.3315 180 0 4.26887e-07 0 78.6229 -38.1227 13.6419 180 -83.9546 -180 0 0 0 10.1818 1.90799 -0.899697 -12.3658 0.309877 9.22231 0 0 0 19.4302 -3.26759 9.58118 -3.11127 2.85124 -9.06639 0 0 0 
-0.0981316 0.999189 -1.49106 -46.1022 -68.6961 45.1905 -0.384855 -1.01815 -3.70119 0 0 0 86.0619 16.5675 30.5732 -180 38.071 180 0 0 0 97.5422 -42.6356 -11.4957 180 -85.3357 -180 0 0 0 8.69773 -0.194734 3.67532 -8.20586 -0.285283 3.42083 0 0 0 21.1187 -1.05545 2.97769 -4.44035 3.46182 -8.77541 0 0 0 
-0.0930698 0.999189 -1.48749 -42.2546 -60.0933 40.6226 0.910481 -0.197825 -0.745704 4.26887e-07 1.06722e-07 3.97569e-16 74.2562 27.1128 18.3144 -180 41.2531 -180 -3.4151e-06 3.4151e-06 -1.70755e-06 109.717 -39.5296 -22.3301 180 -86.0412 -180 0 0 0 11.8111 0.500018 -0.257112 -4.40246 -1.65699 11.3552 0 0 0 24.1519 -0.553181 1.81258 -3.58873 5.08289 -12.2468 0 0 0 
-0.0895566 1.00752 -1.48182 -33.8466 -53.6231 32.9613 -0.702834 -0.632909 0.869785 0 0 0 53.4094 38.5254 9.32335 -180 56.7807 180 0 0 0 118.776 -35.7927 -30.5164 180 -86.417 -180 0 0 0 13.646 1.56243 -3.07982 -5.92268 -2.11094 15.6519 -1.59028e-15 3.41509e-06 -5.33609e-08 24.031 1.58969 -2.60569 -4.58202 3.88343 -10.4473 0 0 0 
-0.0825823 1.00752 -1.47322 -24.9208 -38.4122 25.6375 0.305023 0.169396 -1.04223 0 0 0 29.4948 33.166 -9.78207 -180 81.2888 -180 0 0 0 132.333 -28.8193 -48.4468 180 -87.4498 -180 0 0 0 16.6424 1.12142 -2.1859 -4.75553 -2.37285 13.8802 0 0 0 21.9984 4.16566 -10.2698 -4.85648 2.09271 -7.36093 0 0 0 
-0.0822019 1.01466 -1.46968 -22.8052 -32.2118 23.6893 0.284461 -0.11641 -0.422357 0 0 0 10.7498 47.9033 -17.4154 -1.14932e-06 44.8291 -2.4366e-06 0 0 0 136.97 -24.363 -51.2166 -180 -86.8111 180 0 0 0 15.5619 0.583875 -1.00915 -3.01137 -3.21006 13.0793 0 0 0 20.048 5.52748 -13.0535 -4.42182 1.85196 -5.72701 0 0 0 
-0.0822019 1.01871 -1.46723 -22.5134 -31.0848 22.5663 -1.0913 -1.23308 1.6382 0 0 -1.28066e-06 9.10741 54.6664 -30.3948 -5.04497e-07 36.5318 -1.66513e-07 0 0 0 139.398 -22.7243 -46.2273 180 -84.4132 -180 0 0 0 16.4101 0.456811 0.0611269 -4.50975 -2.75369 12.7804 0 0 0 20.0921 5.07989 -12.5467 -4.36578 1.75716 -5.75034 0 0 0 
-0.0822019 1.01922 -1.46109 -23.2391 -31.2007 23.7872 0.112355 -0.977166 0.00649859 4.26887e-07 0 0 10.2028 54.7172 -29.7079 -1.55995e-06 39.7412 -3.0603e-06 0 0 0 140.129 -22.2867 -37.9794 180 -79.0231 -180 0 0 0 16.5529 0.217218 0.431868 -3.59375 -2.3704 11.4832 0 0 0 20.3606 4.843 -12.7188 -4.21169 2.26027 -7.93328 0 2.66804e-08 0 
-0.0837307 1.01922 -1.46109 -25.5753 -36.4437 25.439 -0.7516 0.961918 -0.766572 0 0 0 15.7583 59.1229 -28.2525 -4.81212e-07 51.9023 -8.30508e-06 0 0 0 141.175 -23.2597 -10.0486 180 -64.4902 180 0 0 0 16.6257 0.102437 1.51763 -4.95974 -1.66648 10.5355 0 0 0 21.6551 3.70908 -9.63043 -3.91309 2.78283 -9.69357 0 2.66804e-08 0 
-0.0860276 1.01922 -1.46109 -27.9776 -39.365 26.4986 -0.279248 0.0907874 -0.38031 2.13443e-06 7.95139e-15 -4.26887e-07 31.4333 59.2049 -17.414 -3.83349e-06 75.6534 -9.46185e-06 0 0 0 140.954 -25.3836 61.3565 180 -56.6444 -180 0 0 0 17.0038 -0.170773 3.21604 -6.22476 -1.24149 9.61413 1.2424e-17 2.66804e-08 5.33609e-08 21.6731 2.71106 -7.93267 -1.07232 2.94021 -9.09017 2.13443e-07 3.41509e-06 6.36111e-15 
-0.0930088 1.01141 -1.46137 -27.9984 -41.6984 25.9737 0.408548 -0.391252 -1.40774 0 0 0 58.9195 52.5582 -0.887127 -180 83.107 -180 0 0 0 140.163 -26.9195 95.0654 180 -66.8959 -180 0 0 0 14.1137 -1.23389 5.73914 -3.34179 -1.27802 6.71602 0 0 0 20.0387 2.64164 -7.42998 0.867373 2.86138 -7.31628 0 0 0 
-0.0947466 1.00588 -1.47043 -31.4889 -46.0187 29.0065 -0.618277 0.259 -0.954358 0 0 0 75.0371 44.3488 11.1584 -180 63.5822 -180 0 0 0 140.636 -28.0641 109.944 180 -73.2686 -180 0 0 0 16.9022 -0.596946 4.38303 -7.13556 -1.58221 9.39448 0 0 0 21.6007 1.99465 -5.2753 0.78954 3.42566 -8.13489 0 0 0 
-0.0998848 1.00568 -1.47585 -37.5065 -53.4814 35.1069 -0.827216 0.439948 -1.51015 0 0 0 89.2575 37.4419 22.4931 180 51.8314 -180 0 -3.41509e-06 0 137.674 -31.5669 122.087 180 -77.6064 -180 0 0 0 15.1813 -0.652472 4.3809 -6.07166 -1.19464 7.71195 0 0 0 22.4198 1.04555 -2.86963 1.18753 3.49791 -7.93045 -4.26887e-07 1.59028e-15 4.26887e-07 
-0.103454 1.00422 -1.47723 -39.105 -55.5877 36.4127 -0.477242 0.0406431 -1.32271 0 0 0 91.5294 26.658 29.7479 180 40.203 180 0 0 0 137.198 -32.3106 126.673 -180 -79.4202 180 0 0 0 14.4514 -0.910465 4.81121 -4.78755 -1.21001 6.97877 0 0 0 22.715 0.475398 -1.30947 0.441308 3.70246 -8.39374 0 0 0 
-0.103454 1.00402 -1.4886 -48.3927 -63.8543 44.4136 -1.85403 -3.06596 -0.523303 8.53774e-07 3.41509e-06 2.54444e-14 101.56 26.7858 48.6248 180 43.6357 180 0 0 0 131.338 -38.3441 139.906 -180 -81.7282 180 0 0 0 13.0461 -1.15631 6.69965 -6.68341 -0.724126 5.66038 0 0 0 22.0049 -1.96992 4.32514 0.520111 4.59729 -10.2315 1.27222e-14 3.41509e-06 4.26887e-07 
-0.103454 1.00402 -1.49834 -67.0888 -67.5094 63.7531 1.82954 -0.880512 -0.276015 0 1.06722e-07 0 102.093 27.396 52.7674 -180 43.0878 -180 0 0 0 126.016 -38.7205 148.621 180 -83.3903 -180 0 0 0 12.9381 -0.9068 6.05405 -5.00178 -0.220102 2.18997 0 0 0 22.9835 -2.29221 5.4552 1.56478 4.17181 -9.83322 0 0 0 
-0.101944 1.00312 -1.50279 -70.5843 -71.4968 68.3291 -0.754934 -0.67958 -0.225548 0 0 0 100.965 22.2778 52.152 180 40.0275 180 0 0 0 124.598 -39.5078 152.566 180 -83.5762 -180 0 0 0 10.0461 -0.713939 3.97501 -2.6994 -0.499323 3.20472 0 0 0 20.28 -2.68555 6.05968 1.9285 4.39244 -9.67565 0 0 0 
-0.101944 1.00312 -1.50717 -77.0941 -72.1114 75.1339 1.39367 -0.0568594 -1.17314 0 0 0 100.383 21.3857 52.7264 -180 39.356 -180 1.59028e-15 1.06722e-07 1.70755e-06 123.985 -40.6537 153.562 180 -83.6953 -180 0 0 0 9.25454 -0.409854 2.84979 -0.974613 -0.556177 4.02149 0 0 0 20.2964 -2.50093 6.20484 1.98465 3.97064 -9.57627 0 0 0 
-0.101944 0.998858 -1.51658 -79.2044 -74.677 76.8445 -0.22045 -1.31671 -1.20242 0 0 0 104.384 21.8278 57.8838 -180 43.4028 -180 0 0 0 122.527 -42.2578 156.389 180 -84.3344 -180 0 0 0 6.74782 -0.348795 3.26221 -0.0348051 -0.444854 4.18532 0 0 0 17.8 -1.99208 5.725 2.43296 2.88241 -7.92186 0 6.67011e-09 0 
-0.101641 0.998419 -1.51659 -83.1517 -75.3515 80.9151 -0.29938 -0.331549 0.698812 0 0 0 96.0566 21.239 52.4995 180 39.0829 180 0 0 0 123.234 -40.6712 157.572 180 -84.3805 -180 0 0 0 6.04305 -0.24892 2.28644 0.177777 -0.537827 4.99875 0 0 0 16.2527 -2.36115 7.02322 2.82464 3.3756 -9.49003 0 0 0 
-0.0994167 0.997846 -1.52458 -85.8888 -76.8716 86.2978 -0.999105 -0.609783 -3.84772 0 0 0 97.0728 19.5513 52.2696 -180 40.4225 -180 0 0 0 123.804 -43.441 157.476 180 -84.2708 -180 0 0 0 4.10931 0.0257891 -0.910541 0.909292 -0.548584 5.63918 0 0 0 14.8764 -0.990482 2.71955 3.07618 2.399 -7.0677 0 0 0 
-0.0975147 0.997846 -1.52838 -116.229 -74.4606 116.2 0.513364 3.50018 -4.33372 0 0 0 96.1126 18.4393 48.6194 180 38.6995 180 0 0 0 123.014 -45.3368 160.838 -180 -84.5824 180 0 0 0 5.36861 0.210592 -3.43079 1.09417 -0.810811 7.74756 4.26887e-07 -3.4151e-06 -1.27222e-14 16.0408 -1.68275 5.07127 3.21725 2.57868 -7.44105 0 0 0 
-0.0975147 0.998858 -1.53604 -123.277 -75.1781 121.096 0.258184 4.54168 -0.964119 0 0 0 97.6401 19.6336 44.8599 -180 37.8023 -180 0 0 0 121.978 -45.326 162.261 -180 -84.2904 180 0 0 0 3.93866 0.0489785 -1.39911 0.8208 -0.723825 7.70468 0 0 0 14.0709 -2.22625 7.29258 4.00134 2.26446 -6.55843 0 0 0 
-0.0975147 1.01272 -1.53822 -129.35 -75.3407 127.125 -0.57315 1.55917 -1.11056 0 0 0 100.209 22.5841 44.107 180 40.7259 180 0 0 0 120.563 -49.9145 166.545 -180 -82.4263 180 0 0 0 2.96862 -0.0325089 -0.432718 1.02817 -0.348312 5.50974 0 0 0 13.155 -1.70355 6.54685 3.69839 1.44618 -4.82583 0 0 0 
-0.0975147 1.01272 -1.54291 -132.767 -75.8215 130.581 -0.536043 0.343773 -1.11598 0 0 0 101.758 22.7596 47.8522 -180 40.8421 -180 0 0 0 119.522 -51.5795 168.493 -180 -82.2626 180 0 0 0 1.19659 -0.138214 -0.703482 2.77605 -0.46208 5.8242 0 0 0 11.8417 -1.73915 6.59465 4.54836 1.4831 -4.80077 0 0 0 
-0.0975147 1.01272 -1.54801 -134.341 -74.6824 131.558 0.0777198 -2.14028 -1.71879 0 0 0 102.851 22.7829 47.6881 180 42.4191 180 0 0 0 117.668 -55.4228 172.718 -180 -82.1528 180 -1.70755e-06 0 0 2.39444 -0.122017 -0.0239767 2.21963 -0.485581 5.7735 0 0 0 12.0888 -2.59547 9.2071 6.21755 2.45055 -7.12403 0 0 0 
-0.096165 1.00897 -1.55216 -142.619 -72.6782 139.93 0.0731598 0.51922 -2.09384 0 0 0 97.6782 23.7978 44.7366 180 42.2642 180 0 0 0 117.9 -57.5199 173.417 -180 -81.3355 180 0 0 0 1.90714 -0.11348 -0.577782 2.36945 -0.512055 6.05676 0 0 0 11.5015 -2.56266 9.52017 6.1646 2.03828 -6.0411 1.26228e-14 -3.38841e-06 -4.26887e-07 
-0.096165 1.00518 -1.55956 -146.206 -70.1971 145.411 -0.101185 0.113618 -1.38035 0 -3.36173e-06 0 101.344 26.2192 47.2456 -180 44.993 180 0 0 0 113.314 -57.4298 -178.846 180 -81.7188 -180 0 0 0 4.24611 0.275985 -3.41568 -0.373766 -0.472119 6.89489 0 0 0 12.5484 -2.24117 7.72239 6.28277 1.96597 -5.63883 0 0 0 
-0.096165 1.00518 -1.55956 -146.646 -69.9498 145.878 -0.0635307 0.161789 -1.48842 0 0 0 100.763 24.4864 43.6503 -180 45.6718 180 0 0 0 114.035 -60.6918 -178.101 180 -80.2897 -180 0 0 0 4.68825 0.416841 -4.40608 -0.613668 -0.589178 7.82685 0 0 0 12.9646 -2.33846 7.86731 6.0616 2.02403 -5.67967 0 0 0 
-0.0981484 1.00518 -1.5598 -148.106 -69.216 146.999 -0.0615969 -0.395731 -0.503491 -5.08889e-14 -3.41509e-06 1.70755e-06 100.644 24.4373 43.9454 -180 46.2811 180 0 0 0 111.873 -63.6735 -173.861 180 -78.814 -180 0 0 0 5.3594 0.578596 -4.34116 -2.05869 -0.504103 7.87292 0 0 0 15.6795 -1.42535 4.76077 1.9 -0.742179 2.2839 1.27222e-14 -3.41509e-06 -4.26887e-07 
-0.103122 1.00728 -1.56163 -147.944 -68.8946 145.604 0.231361 -2.5267 0.680726 0 0 0 96.9027 21.7329 44.9977 -180 50.7622 180 0 0 0 107.409 -68.0395 -167.261 180 -77.5258 -180 0 0 0 6.73423 0.713796 -2.82353 -4.43493 -0.40173 7.76746 0 0 0 18.7522 -0.393815 1.98704 -3.61045 -2.8956 10.3115 0 0 0 
-0.103122 1.00728 -1.56163 -147.865 -68.9358 145.53 0.297061 -2.67973 0.74275 0 0 0 92.429 18.6907 40.8637 180 56.1774 180 0 0 0 101.158 -73.4884 -159.64 -180 -74.2532 180 0 0 0 6.61179 0.713509 -3.15836 -3.86479 -0.502945 8.14807 0 0 0 20.3763 0.726197 -0.113331 -5.74154 -3.94895 14.663 0 0 0 
-0.103122 1.00844 -1.56163 -144.928 -69.7452 142.704 1.10716 -2.80508 0.904642 -4.26887e-07 5.33609e-08 4.26887e-07 82.7168 10.1485 43.1055 -180 62.2422 -180 0 0 0 90.0433 -79.8523 -147.518 180 -69.7479 -180 0 0 0 7.92591 1.05838 -3.20471 -6.53903 -0.214511 8.13033 0 0 0 22.6962 1.43507 -1.65066 -6.04621 -4.56189 15.4939 0 0 0 
-0.103758 1.00793 -1.56163 -141.401 -71.0964 139.759 1.47738 -0.982478 -0.0210177 0 0 0 79.6283 6.13135 42.8846 180 74.2573 -180 0 0 0 59.128 -87.4543 -114.589 180 -64.52 -180 0 0 0 11.075 3.48263 -6.40096 -12.8639 0.706566 14.459 -8.53774e-07 6.36111e-15 8.53774e-07 24.9943 1.62666 -3.71755 -1.17318 -5.9518 14.1627 4.26887e-07 0 0 
-0.103758 1.00793 -1.55716 -141.707 -70.8264 139.747 2.78336 -0.617584 0.884755 0 0 0 70.8629 -1.5346 41.3395 -180 71.082 180 0 0 0 -37.8606 -81.5445 -15.6746 180 -59.4004 -180 0 0 0 12.5158 4.09406 -5.71996 -15.387 1.13415 13.6106 0 0 0 26.4778 2.56617 -5.13204 -2.86357 -5.88891 14.7722 1.28066e-06 0 0 
-0.104688 1.00624 -1.54732 -154.171 -69.2097 151.998 -0.164944 2.79464 0.480606 0 0 0 69.2503 -7.63395 41.2383 -180 70.6184 -180 0 0 0 -42.1186 -70.5343 -7.83349 -180 -54.11 180 0 0 0 10.8803 4.3821 -5.27434 -16.58 1.05286 12.4165 0 0 0 26.6895 2.07118 -4.00811 -0.421318 -4.98702 9.67595 0 0 0 
-0.11098 1.00624 -1.54559 -157.739 -63.3725 153.207 -2.31574 3.64755 2.96824 0 0 0 70.7996 -7.68513 47.2196 -180 71.512 -180 0 0 0 -34.5578 -54.7706 -7.24117 180 -48.0705 -180 0 0 0 12.6915 3.88602 -2.10272 -17.5417 1.03827 10.7563 0 0 0 29.5156 0.126493 0.15285 -2.9502 -4.69347 9.58619 0 0 0 
-0.117729 0.984504 -1.54279 -151.674 -62.852 151.929 0.751028 -4.98855 -3.01707 0 0 0 67.8773 -5.78706 56.8966 -180 71.5322 180 -2.54444e-14 -8.53774e-07 3.41509e-06 -28.0479 -35.8586 -10.5 180 -44.4783 -180 0 0 0 14.783 6.23411 -7.79687 -18.2087 0.97543 14.9426 0 0 0 34.2344 2.6727 -3.68868 -2.70076 -6.39676 10.5198 0 0 0 
-0.126084 0.954982 -1.53335 -159.31 -57.0102 157.803 1.06102 -2.54355 -2.32199 0 0 0 64.52 -4.47707 56.7734 180 71.6196 180 -1.28066e-06 0 0 -23.24 -28.2713 -18.6661 -180 -44.1969 180 5.08889e-14 -3.4151e-06 -1.70755e-06 16.4805 9.9616 -7.90082 -24.2099 2.40965 17.2501 0 0 0 38.313 2.60984 -1.69146 -9.05946 -8.75419 15.9612 0 0 0 
-0.160587 0.930735 -1.4961 -169.062 -53.9462 165.171 1.1385 2.27881 -2.16555 0 0 0 58.6337 -7.17647 58.3902 -180 69.1588 180 0 0 0 -38.9215 -10.2327 2.54531 180 -43.2241 180 0 0 0 7.75689 9.23075 -11.3794 -21.4735 5.65717 22.9518 0 0 0 34.2336 0.760749 2.59926 -13.3355 -6.1269 17.1123 0 0 0 
-0.167137 0.918166 -1.47592 -167.647 -58.0955 164.539 0.591028 1.96591 -0.752823 0 0 4.26887e-07 63.4308 -9.77806 58.3945 180 68.3897 180 0 0 0 -51.7388 -3.63879 21.7731 -180 -46.955 180 3.41509e-06 0 0 5.33493 8.00448 -12.3208 -19.2089 6.00235 24.2037 0 0 0 31.6183 1.86122 -1.41094 -7.64738 -7.24338 16.7966 0 0 0 
-0.188967 0.918121 -1.44356 -166.226 -72.4844 164.062 0.638798 -0.791023 0.388708 0 -3.41176e-06 0 70.7003 -20.598 54.4082 -180 65.6923 -180 0 0 0 -71.033 5.51604 26.1313 180 -46.9068 -180 -4.26887e-07 4.26887e-07 -1.59028e-15 -3.02359 4.95827 -9.73452 -15.5918 6.85139 23.2383 0 1.06722e-07 0 24.9401 6.82497 -11.4885 -6.81992 -7.74491 21.0002 0 0 0 
-0.209657 0.918121 -1.39097 -165.094 -86.092 164.211 0.763264 1.01187 1.34738 0 0 0 81.7714 -28.6078 48.0091 -180 62.3947 -180 0 0 4.26887e-07 -81.5658 22.4374 21.3331 180 -53.2412 -180 0 0 0 -12.7645 2.73537 -4.24767 -11.5325 7.23279 21.0158 0 0 0 10.2409 4.38697 -18.5433 3.84017 -6.14393 17.0128 0 1.06722e-07 0 
-0.231854 0.918121 -1.36057 -22.9001 -73.2705 20.0512 0.940191 -1.13231 0.667793 0 0 0 103.818 -32.9221 40.563 -180 61.4898 -180 0 0 0 -73.0703 22.1659 44.225 180 -52.5169 -180 0 0 0 -6.51219 2.81905 9.57849 -8.04011 4.69641 17.4001 0 0 0 9.09362 2.16802 -20.3981 7.26948 -3.92498 13.2661 0 0 0 
-0.23829 0.924512 -1.31015 -15.2473 -57.7922 13.3757 0.296979 -0.000388123 -0.26048 0 0 0 116.727 -26.6045 37.2048 -180 62.0966 -180 0 0 0 -74.7157 14.0947 61.5873 180 -60.6568 -180 0 0 0 0.635492 3.06659 15.6503 -14.0159 4.2693 15.9959 0 0 0 5.26381 1.82976 -21.8197 1.47798 -1.0054 8.57105 0 0 0 
-0.241653 0.936561 -1.27311 -13.627 -44.5941 13.4511 -8.22088e-05 -2.50391 0.294313 0 0 -2.13443e-07 119.407 -12.97 40.9004 -180 66.2796 -180 0 0 0 -68.7995 5.81527 69.3309 -180 -55.5137 180 0 0 0 4.19647 -0.698139 21.9244 -11.4753 0.800798 7.34447 0 0 -3.41509e-06 1.25128 0.869869 -24.4907 2.88025 -0.949337 9.70768 0 0 0 
-0.256281 0.936561 -1.25779 -14.393 -39.8508 14.4362 1.36449 1.15925 -1.7835 0 0 0 124.297 4.4749 42.5882 -180 80.2577 -180 0 0 0 -73.2592 -0.547588 68.7681 180 -52.9025 180 0 0 0 6.14987 -1.70783 22.2954 -9.69969 0.306732 6.06938 0 0 0 1.28775 0.491124 -26.0557 3.91391 -1.02536 10.0028 0 0 0 
-0.268353 0.936561 -1.23512 -12.0605 -39.3927 16.8033 0.712818 2.78636 -2.80329 0 0 0 126.441 26.2539 51.2579 -0 84.934 -0 0 0 0 -84.3735 -6.57358 71.595 180 -50.1893 -180 0 0 0 3.99755 -1.4661 19.9156 -8.31804 0.148979 3.86964 0 0 0 -0.476392 0.564879 -30.361 2.36242 -0.884225 12.6466 0 0 0 
-0.269726 0.919314 -1.19804 -6.71509 -44.0781 13.2211 0.662779 -3.73239 -2.48549 0 0 -3.73526e-07 141.974 46.0979 81.6779 4.16021e-06 64.1545 6.6378e-06 0 0 0 -91.7489 0.323512 67.8608 180 -43.889 -180 0 0 0 -2.59155 1.82406 23.4882 -9.08626 0.109379 0.515444 0 0 0 -7.36602 -4.25142 -26.2657 5.89966 0.424024 10.848 0 0 0 
-0.292593 0.919314 -1.17488 -13.6379 -48.9173 19.3715 9.62252 -2.11796 -5.83992 0 0 0 139.21 51.6285 95.4751 -4.50236e-06 62.4645 -1.0718e-05 0 0 0 -106.274 2.097 68.4603 180 -57.7002 180 0 0 0 -3.68579 3.03843 17.0094 -8.91622 1.42553 4.79411 0 0 0 -2.12379 -3.93007 -27.6127 7.0123 -0.111796 12.8516 0 0 0 
-0.301304 0.919314 -1.16008 -16.0636 -50.9338 21.4685 8.81271 1.86016 -5.07753 1.06722e-07 2.23633e-16 -2.40124e-07 138.501 59.4174 99.59 3.33849e-06 64.3462 2.10017e-06 0 0 0 -95.4685 -5.88557 74.7877 -180 -57.0543 -180 0 0 0 -8.29378 3.07505 12.887 -3.29976 1.5493 5.40207 0 0 0 0.947559 -1.93555 -25.7191 3.66003 -0.0195838 11.6174 0 0 0 
-0.331092 0.965185 -1.15191 -12.9185 -36.5461 18.9131 4.04645 -2.03315 -1.94321 2.48481e-17 -2.66804e-08 -1.06722e-07 116.979 51.7396 68.7006 7.33401e-06 73.8016 1.23609e-06 0 0 0 -85.8973 -10.2983 88.1609 180 -56.1377 -180 -5.33609e-08 -1.59028e-15 -3.4151e-06 -0.833269 0.447807 15.5556 -3.92443 0.436991 5.21852 0 0 1.06722e-07 -2.55629 -1.48289 -23.2364 4.7784 -0.261107 7.65903 0 0 0 
-0.3357 0.996788 -1.13117 -18.094 -39.3702 24.5289 2.71219 5.52849 1.76531 0 0 0 107.618 46.5579 57.6546 -4.74446e-06 82.2905 -1.32156e-05 0 0 0 -82.5467 -15.9003 89.2802 180 -64.5028 -180 0 0 0 5.40008 0.249826 9.75747 -10.1859 0.634713 6.99186 8.53774e-07 0 0 0.581349 -0.372143 -24.945 5.47131 -0.855549 8.5588 0 0 0 
-0.344225 1.00122 -1.11846 -15.45 -39.7746 24.8434 0.660941 -1.35388 -0.0410005 0 0 0 111.125 41.3739 66.6986 -3.43569e-05 80.1457 -2.89033e-05 0 0 0 -81.0969 -8.15823 86.3864 -180 -67.3204 180 0 0 0 -0.713531 0.702205 4.73629 -5.77217 1.22596 11.0173 0 0 0 -1.57786 -1.36372 -26.1296 6.58358 -0.736924 8.66196 0 0 0 
-0.356882 1.00605 -1.11608 -19.8436 -42.7309 28.3595 0.605554 -0.983633 -0.35458 8.53774e-07 3.41509e-06 2.54444e-14 111.461 36.0137 69.8347 -2.67977e-05 77.3471 -3.89459e-05 0 0 0 -74.974 -6.32278 85.7695 180 -76.0873 -180 -8.53774e-07 -2.54444e-14 -3.41509e-06 -2.019 0.591301 0.664647 -4.46076 1.76268 11.8987 0 0 0 2.41445 -0.866777 -25.9064 7.98631 -1.5635 10.9065 0 0 0 
-0.36033 1.00734 -1.1011 -24.3545 -45.5931 33.0348 0.326232 -0.575769 2.27792 0 0 2.13443e-07 106.635 32.7715 67.9254 6.04577e-06 80.7106 5.13722e-06 0 0 0 -75.9629 -5.03278 81.8353 180 -86.3052 -180 0 0 0 -0.140062 0.498957 -1.41758 -5.18259 0.804861 9.17473 0 0 0 4.37399 0.980325 -25.6835 8.89267 -2.54088 10.4913 0 0 0 
-0.371452 1.00932 -1.09777 -26.1745 -47.3339 34.5905 0.881829 -0.213629 2.92321 0 0 0 101.425 28.5238 66.003 -1.2711e-05 82.048 -1.55855e-05 0 0 0 -75.7416 -3.20881 79.506 0.000119568 -87.0624 -0.000115944 0 0 0 -2.32246 0.0781023 -5.52818 -2.13651 1.0538 13.7633 0 0 0 5.3935 1.25719 -24.0233 9.12123 -2.30668 8.82221 0 0 0 
-0.373085 1.00969 -1.09048 -28.0156 -48.6116 36.6375 -0.152426 -0.249135 3.84749 0 0 0 97.2754 25.2612 62.6167 0.000920117 89.6283 0.000918948 0 0 0 -82.8163 -12.0403 88.0062 -2.43946e-05 -73.7406 1.82962e-05 0 0 0 -2.20694 0.0133396 -6.16405 -1.97986 1.00208 13.3211 0 0 0 6.39647 1.62585 -24.0519 8.70324 -2.6329 9.74572 0 0 0 
-0.373459 1.0121 -1.0823 -30.4088 -49.3493 39.2632 -0.224523 -0.0806713 3.40554 0 0 0 90.0158 18.5728 60.1839 180 80.1292 180 0 0 0 -84.0315 -9.27753 84.2158 -1.06969e-05 -62.3841 4.48011e-06 0 0 0 -1.16049 0.16031 -7.45196 -2.26539 0.74182 13.1049 0 0 0 7.14883 2.00003 -24.4436 9.13707 -3.12339 10.4408 0 0 0 
-0.375228 1.0121 -1.0823 -32.65 -50.0353 40.8975 0.541056 0.619225 3.49671 0 0 0 84.0079 13.2679 57.2921 180 69.7907 180 0 0 0 -84.7803 -8.36214 83.0322 1.41608e-05 -61.5702 -1.04242e-05 0 0 0 -0.743226 0.0581055 -7.15822 -1.94301 0.724621 12.4064 0 0 0 8.52517 2.03681 -23.7824 9.28318 -3.48096 11.1644 0 0 0 
-0.378274 1.0121 -1.0823 -33.1074 -51.0311 41.9486 0.777991 0.118977 4.02009 0 0 0 83.2773 9.92206 54.4803 -180 67.4591 -180 5.08889e-14 -3.41509e-06 -1.70755e-06 -79.1167 -11.1096 86.4277 -2.36921e-06 -66.6683 3.60209e-06 0 0 0 -1.23625 0.0599262 -8.18907 -1.89144 0.681588 12.6402 0 0 0 7.97573 2.20044 -24.4506 8.81687 -3.75519 12.2499 1.06722e-07 -3.41676e-06 -2.13443e-07 
-0.378274 1.01896 -1.08372 -35.4156 -54.1717 46.9799 0.305965 -0.0623701 3.14991 0 0 0 84.5118 12.284 56.6714 -180 68.6329 -180 0 0 0 -73.6368 -10.6471 83.3571 -8.85347e-07 -72.372 6.99458e-06 0 0 0 -0.944137 0.282963 -11.4113 -2.83491 0.542986 10.8307 0 0 0 8.03373 3.29651 -27.1227 7.53342 -3.96593 12.9967 -6.3549e-15 3.41176e-06 -2.13443e-07 
-0.378274 1.01103 -1.08788 -36.063 -54.9281 47.6635 0.38362 -1.16819 3.33912 0 0 0 84.4782 12.1199 54.5029 -180 68.9761 180 0 0 0 -72.5445 -8.94397 80.7829 -2.63657e-05 -73.4353 2.39254e-05 0 0 0 -0.312658 0.348055 -10.6399 -4.07939 0.63917 8.8463 -8.53774e-07 -3.18055e-15 -4.26887e-07 7.59478 2.37667 -27.6397 8.88187 -4.33504 14.2195 -2.13443e-07 3.41426e-06 -2.13443e-07 
-0.377735 1.01103 -1.08851 -41.6409 -57.7493 52.3883 0.926313 2.43938 3.86109 0 0 0 84.0804 11.2322 50.2405 -180 68.4455 -180 0 0 0 -73.2477 -8.00667 79.3406 0 -68.7117 0 0 0 0 0.480249 0.57027 -11.2441 -4.85206 0.843174 10.5552 -8.53774e-07 3.41509e-06 -4.26887e-07 8.94394 2.67405 -26.961 8.79937 -4.70605 14.6632 0 0 0 
-0.377735 1.01103 -1.09425 -44.3779 -58.1599 55.3634 0.633751 1.01353 2.99284 -1.70755e-06 3.52182e-06 1.70755e-06 85.1823 12.8117 48.7194 -180 68.294 -180 0 0 0 -74.2014 -9.63981 80.2395 -2.47394e-07 -65.4682 -5.93073e-06 0 0 0 2.14434 0.881904 -12.7308 -5.64061 1.02186 12.1489 0 0 0 10.5317 3.12016 -27.4401 8.06823 -4.77936 15.0401 0 0 0 
-0.376657 1.00988 -1.09633 -45.3433 -59.1859 55.771 0.24753 -0.657508 3.61315 0 1.06722e-07 0 85.8981 14.399 50.4933 180 67.0449 180 0 0 0 -76.3659 -9.26402 77.6166 -1.99036e-05 -63.3114 6.25341e-06 0 0 0 1.89896 1.11131 -12.5393 -4.76403 0.715435 14.6213 0 0 0 9.97785 3.26377 -26.1196 8.54872 -4.86448 14.1785 0 0 0 
-0.376657 1.00933 -1.11146 -46.0008 -60.7859 55.9794 0.664931 -0.0604665 3.51882 0 0 0 87.4691 14.8568 50.1506 -180 65.0117 -180 3.41509e-06 1.70755e-06 5.08889e-14 -82.2329 -12.6358 82.6126 4.23351e-06 -60.3576 -4.86588e-07 0 0 0 1.75954 1.29363 -12.4235 -5.18126 0.940699 16.7608 0 0 0 9.71123 2.97123 -25.0829 8.97007 -4.73456 13.6201 0 0 0 
-0.376987 1.00933 -1.12033 -46.0043 -61.1873 55.6764 0.869221 -0.17866 3.78121 0 0 0 88.7058 15.8449 49.0729 -180 62.3834 -180 0 -3.41509e-06 0 -89.3813 -14.6194 89.6008 1.35714e-06 -54.6921 -2.62423e-06 0 0 0 2.94011 1.69149 -11.1465 -5.96952 0.892232 17.9839 0 0 0 10.1966 3.19664 -23.839 8.63527 -4.27094 12.1273 0 0 0 
-0.377901 1.00933 -1.13374 -46.9651 -61.7147 56.0738 0.895071 0.419874 3.61048 0 0 0 89.4803 15.7055 48.4704 -180 60.0984 180 0 0 0 -90.5146 -16.3001 94.771 1.61097e-05 -55.803 -8.53019e-06 0 0 0 4.19715 1.80516 -8.26896 -7.32736 0.759982 15.265 0 0 0 11.3138 3.78043 -21.916 7.38352 -3.4433 9.70361 0 0 0 
-0.378457 1.0088 -1.1368 -43.2595 -62.9997 51.6542 0.274038 -0.639483 3.77571 0 0 0 86.4174 15.8546 47.2758 -180 55.5785 -180 0 0 0 -90.0473 -16.4878 95.0051 1.11909e-05 -60.8038 -5.57628e-06 0 0 0 3.47942 1.77692 -5.48521 -8.87354 0.909585 13.1647 0 0 0 9.52813 3.2817 -20.8561 7.47494 -3.38662 9.87267 0 0 0 
-0.379574 1.0088 -1.13991 -43.4457 -61.9912 50.6298 0.241573 -0.405456 0.622883 0 0 0 84.0639 13.6635 45.0586 -180 51.6414 -180 2.54444e-14 -1.70755e-06 -1.70755e-06 -89.6684 -13.3278 97.4133 6.86045e-06 -62.9465 -1.1207e-05 0 0 0 4.09061 1.14861 -2.00477 -7.88285 0.724865 11.4826 0 0 0 10.7978 2.90358 -17.9475 6.82228 -2.68589 8.15232 0 0 0 
-0.379574 1.00526 -1.16633 -41.2117 -63.2932 47.6575 -0.318641 -0.690288 0.407385 0 0 0 83.7701 17.9289 44.2398 -180 51.5789 -180 0 0 0 -86.7983 -19.5514 105.532 2.31853e-05 -67.1353 -1.641e-05 0 0 0 3.39813 0.343691 2.76053 -6.15579 0.311991 7.46278 0 0 0 8.31332 1.15813 -15.3856 11.1554 -1.58589 4.38851 0 0 0 
-0.379574 1.00526 -1.19644 -43.5618 -61.6869 48.7508 1.03601 -0.911278 3.10319 0 0 0 85.6673 22.9672 42.1177 -180 49.7339 -180 0 0 0 -83.6137 -25.9298 108.639 4.33793e-06 -72.9849 -5.864e-06 3.4151e-06 3.4151e-06 -3.4151e-06 8.84424 0.585855 2.86828 -8.91082 0.205768 8.30924 -1.70755e-06 3.41509e-06 -5.08889e-14 14.2404 3.19284 -15.1698 6.11996 -1.23669 3.48835 0 0 0 
-0.371294 1.00139 -1.21592 -53.5649 -66.9749 59.5292 0.420861 3.6541 1.09004 0 0 0 85.6988 28.0997 39.0465 -180 48.4973 -180 0 0 0 -84.5501 -33.0445 114.439 -1.30282e-05 -73.7221 2.97577e-07 0 0 0 6.75306 0.531924 3.12634 -9.06278 0.295396 6.01678 0 0 0 14.3201 3.22767 -14.7238 6.8998 -1.34064 3.46504 0 0 0 
-0.368529 0.997555 -1.24179 -62.0798 -71.0177 67.7966 -0.263799 2.8386 -1.33822 0 0 0 90.6223 34.0071 42.3782 180 53.0046 180 -3.41509e-06 2.13443e-07 -3.41509e-06 -81.9224 -33.7686 112.296 8.18828e-06 -72.1273 -1.12439e-05 0 0 0 6.76148 1.48025 1.20933 -11.9392 0.847408 8.94063 -1.70755e-06 2.54444e-14 1.70755e-06 14.5126 2.95951 -12.3266 5.40685 -0.407846 1.11001 0 0 0 
-0.366879 0.985042 -1.27289 -79.7874 -72.6979 85.1132 1.63625 -5.83688 -2.23353 0 0 0 104.56 41.4023 58.9278 180 58.9663 180 0 0 0 -64.2051 -19.8469 55.7446 -180 -71.7423 180 0 0 0 6.38671 1.00553 0.54507 -9.89937 0.154304 7.26198 0 0 0 16.4853 3.01209 -10.0197 6.90029 0.631531 -1.29073 0 0 0 
-0.361845 0.985042 -1.29436 -87.9984 -70.9236 93.6222 9.10843 -4.27187 -3.37158 0 0 0 93.6231 39.2604 54.9552 -180 53.1676 -180 0 0 0 -64.533 -18.5137 49.7 180 -65.7758 -180 0 0 0 9.91836 1.5029 -1.08515 -10.8122 0.378296 8.49631 0 0 0 22.8186 3.35187 -8.80368 2.81532 1.28923 -2.83871 0 0 0 
-0.350626 0.985042 -1.32675 -87.2044 -70.551 95.7962 7.14947 -3.96227 -10.4284 0 0 0 93.1246 30.1729 52.375 180 51.3818 180 0 0 0 -51.9945 -12.7362 42.0881 -180 -55.765 -180 0 0 0 12.4702 2.63221 -3.94144 -13.3528 0.61266 8.93597 0 0 0 22.6139 2.38805 -8.44359 5.54051 4.42732 -9.13855 0 0 0 
-0.347891 0.991891 -1.33356 -73.4183 -74.993 75.6032 0.735272 0.918594 1.93531 0 0 0 87.785 27.9108 42.6609 180 48.3612 180 0 0 0 -52.805 -33.0895 43.0312 180 -61.607 -180 0 0 0 7.03395 0.892461 0.0929068 -8.59945 0.251435 8.03369 0 0 0 17.44 1.0347 -4.65224 4.35251 3.29872 -8.14279 0 0 0 
-0.344931 0.991891 -1.33797 -42.8036 -74.0916 45.0817 0.375432 -0.690975 -0.263995 0 0 0 83.5315 16.288 37.6108 180 41.6197 180 0 0 0 -59.2268 -36.2356 49.9973 -180 -60.9791 180 0 0 0 4.41592 0.332824 3.34229 -7.63347 0.230742 5.84479 0 0 0 11.541 0.577951 -5.09548 5.02619 3.15828 -9.72465 0 0 0 
-0.343123 0.998499 -1.34228 -34.6308 -74.6429 36.4501 0.551419 1.50915 -0.0484909 -1.26228e-14 3.38841e-06 -4.26887e-07 81.114 7.4232 36.0083 -180 38.2779 -180 0 0 0 -61.8517 -39.211 51.8901 180 -59.328 -180 0 0 0 2.47424 0.310674 4.02573 -7.70752 0.280362 6.15772 0 0 0 9.14717 0.501443 -4.98956 5.53777 2.6848 -8.41892 0 0 0 
-0.343123 1.01331 -1.34553 -21.1776 -71.2823 23.0001 0.500858 -3.07354 0.122406 0 0 0 79.0238 -1.15399 40.5214 180 36.9076 180 0 0 0 -63.4175 -36.836 53.6412 180 -56.1923 -180 0 0 0 0.248226 0.310121 6.30296 -4.83412 0.442269 5.11369 0 0 0 5.73393 0.558299 -7.0654 3.15855 0.39886 -2.62991 0 0 0 
-0.322788 1.01331 -1.35565 -28.7729 -77.7315 32.1762 0.149559 0.693374 1.83456 1.2424e-17 -3.33505e-09 -4.26887e-07 76.369 -2.32839 40.3097 180 38.7288 180 0 0 0 -61.6085 -37.2961 50.2178 180 -54.2872 -180 0 0 0 -4.77774 0.224086 2.56898 0.0436343 0.440889 5.10029 0 0 0 1.55401 -0.193637 -9.53462 6.74229 -0.253493 1.79511 0 0 0 
-0.321797 1.00924 -1.36362 -24.6826 -78.1852 27.3782 0.160716 -0.509299 3.94419 0 0 0 76.443 -5.46137 40.8542 180 37.5843 180 0 0 0 -59.462 -36.8285 47.439 180 -51.1272 180 0 0 0 -5.71698 0.473677 3.94157 -0.0245327 0.545816 4.55273 0 0 0 -1.13698 -0.973506 -9.29404 7.28779 -0.500483 5.75203 0 0 0 
-0.314234 1.01397 -1.36398 -34.0488 -82.7958 38.4153 -0.539258 2.01171 1.50633 0 0 0 77.4024 -7.2825 42.6787 -180 37.9884 180 0 0 0 -59.2238 -34.2074 47.0073 180 -49.3988 -180 0 0 0 -7.52484 0.16967 1.5087 0.113516 0.294255 2.62832 0 0 0 -1.20505 -0.395872 -11.3989 4.20554 -0.579925 8.33446 0 0 0 
-0.308773 1.00924 -1.37137 -65.824 -86.1366 71.2213 -0.721239 3.35919 0.498315 0 0 0 78.5658 -9.06566 42.9688 -180 39.9485 -180 0 0 0 -57.082 -30.9396 44.3657 180 -46.2207 -180 0 0 0 -8.41037 -0.327471 -2.23316 0.31136 0.628 4.61017 0 0 0 -4.77084 -1.86588 -12.516 7.75081 -0.527155 9.62348 0 0 0 
-0.306161 1.00448 -1.37137 -92.5584 -86.3184 96.6538 -0.62407 -1.15479 1.79101 0 0 0 77.3265 -9.21489 42.6234 -180 40.9833 180 0 0 0 -54.3554 -26.8533 39.3907 180 -44.7287 180 0 0 0 -9.60156 -0.0561602 0.0530381 2.395 0.200558 1.87779 0 0 0 -4.72722 -1.61482 -11.2839 7.36896 -0.689749 10.8756 0 0 0 
-0.305882 1.00448 -1.37245 -147.883 -82.5833 149.203 -0.724585 1.26288 1.5347 0 0 0 76.527 -8.13505 40.4622 -180 40.2146 180 0 0 0 -54.524 -20.2962 40.8083 180 -42.5971 -180 0 0 0 -9.84597 0.361288 2.42934 2.46924 -0.0436882 -0.343628 0 0 0 -5.69993 -2.10116 -7.63826 9.72412 -0.840511 11.6008 0 0 0 
-0.299309 1.00448 -1.37245 -161.767 -76.6392 163.386 -1.06916 -0.794628 1.96189 0 0 0 76.4335 -1.56684 42.339 -180 43.4359 -180 0 0 0 -53.327 -13.3079 37.1646 -180 -40.2773 -180 0 0 0 -10.4769 0.15452 2.55825 5.42026 -0.370789 -4.05186 0 0 0 -4.96614 -1.81587 -8.01504 8.22905 -0.657532 12.0448 2.13443e-07 -3.41509e-06 -2.13443e-07 
-0.297107 0.999135 -1.37245 -163.705 -75.3862 164.783 -1.68576 -4.62125 3.45001 0 0 0 78.879 4.5777 42.9931 -180 47.5722 -180 0 0 0 -51.2498 -9.19321 33.3261 180 -37.5717 -180 0 0 0 -11.1609 0.113488 2.63812 5.96063 -0.236512 -3.21576 0 0 0 -5.00991 -1.55103 -6.27258 8.17086 -0.914225 12.3793 0 0 0 
-0.289762 0.998898 -1.37245 -168.605 -66.9675 171.31 0.0576521 -1.58465 1.34079 0 -3.41551e-06 0 79.6248 7.2631 43.9635 -180 48.8812 -180 0 0 0 -54.2943 -1.92402 35.1463 180 -34.6051 180 0 0 0 -12.8581 -0.961422 3.46341 10.9787 -0.293595 -13.1319 0 0 0 -5.08303 -1.54786 -5.89083 10.1335 -0.722866 6.90698 0 0 0 
-0.277132 0.990321 -1.37507 -168.346 -59.9041 173.46 1.4288 1.88613 -1.97321 0 -3.33505e-09 0 78.8775 8.34081 45.5746 180 51.0496 180 3.97569e-15 -2.13443e-06 -2.13443e-07 -52.1021 3.54842 32.8645 180 -30.4704 180 0 0 0 -8.95709 -1.10342 -2.64733 7.03059 -0.22556 -9.23168 0 0 0 -3.4878 -1.50235 -8.21916 9.51507 -0.976451 8.36645 0 0 0 
-0.275474 0.990321 -1.37827 -168.314 -60.3187 172.256 0.37017 -1.83804 0.391082 0 0 0 80.418 12.4932 47.0997 -180 53.3058 -180 0 0 0 -50.5182 5.53049 30.253 180 -28.7339 -180 0 0 0 -9.26627 -0.827454 1.19668 7.18005 -0.32414 -14.1378 0 0 0 -3.5022 -1.36968 -6.21997 10.1875 -0.855208 6.33296 -1.06722e-07 0 0 
-0.268171 0.989778 -1.38339 -167.853 -56.0403 172.148 0.175772 -0.0105403 0.156296 0 0 0 75.0676 19.5434 46.6544 -180 58.4008 -180 0 0 0 -49.378 7.6157 29.426 180 -27.5223 -180 -3.41509e-06 8.53774e-07 -2.54444e-14 -9.89458 -1.40805 3.46597 10.3639 0.26844 -18.0069 0 0 0 -0.526848 -0.641631 -5.14991 8.10218 -0.655648 4.45836 0 0 0 
-0.258627 0.989778 -1.3842 -168.249 -53.2817 172.608 0.590253 1.08492 1.06226 0 0 0 74.7959 20.6873 45.8035 -180 56.5637 -180 0 0 0 -50.4665 7.30078 28.729 180 -27.7955 180 0 0 0 -10.1932 -1.00225 4.06497 9.85637 -0.0675385 -16.4093 0 -1.33402e-08 0 0.125714 -0.616663 -4.95991 8.23184 -0.624685 4.0201 0 0 0 
-0.231669 0.989778 -1.38761 -167.169 -49.4471 173.171 0.25898 0.217881 0.0347267 0 0 0 82.0627 27.0972 48.8108 -180 61.7742 -180 0 4.26887e-07 0 -46.6852 9.85504 21.0207 180 -26.2761 180 0 0 0 -6.11417 0.0158784 3.71317 3.39652 -1.17474 -16.2575 0 0 0 4.53732 0.196183 -8.10899 4.63806 -0.812107 5.65803 0 0 5.33608e-08 
-0.213841 0.978333 -1.38761 -175.384 -47.8104 179.76 -1.19814 -1.36086 -1.39554 0 0 0 84.893 31.7725 50.3653 180 63.7376 -180 0 0 0 -45.7501 10.9127 9.79695 -180 -26.4514 180 0 0 0 -9.27157 0.576524 3.57774 -0.153366 -2.29759 -16.4341 0 0 0 -0.387696 -0.0574939 -8.21475 4.5501 -0.601936 5.56284 -1.94126e-19 4.16882e-10 -5.33609e-08 
-0.213417 0.978333 -1.38761 -178.105 -43.6631 -179.755 1.22362 3.14505 1.35651 0 0 0 73.7072 31.145 43.3275 180 59.9353 180 0 0 0 -49.2572 7.67761 7.61339 180 -27.8556 -180 0 0 0 -9.37224 1.40595 5.373 -3.09086 -3.56087 -16.7379 0 0 0 -1.70935 -0.297537 -6.8286 4.02497 -0.347375 5.5574 0 0 0 
-0.207326 0.976819 -1.39063 -178.214 -40.5728 179.196 2.43968 3.06933 2.78448 0 -3.41509e-06 0 76.0709 34.7831 45.3321 -180 62.0584 -180 0 0 0 -50.5467 10.3785 5.05057 180 -26.4779 -180 3.41509e-06 -3.41509e-06 -1.70755e-06 -8.2082 2.31918 7.0282 -5.43434 -4.96335 -17.6896 -2.54444e-14 -3.4151e-06 8.53774e-07 -2.35491 -1.00726 -6.54305 6.46983 -0.517831 8.98875 0 0 0 
-0.198173 0.969663 -1.38727 178.224 -38.7946 -178.724 0.464093 2.95309 1.77361 0 0 0 77.7336 33.6049 46.5781 -180 62.7311 180 0 0 0 -51.9883 11.415 5.5291 180 -27.1548 -180 0 0 0 -10.3187 2.77201 7.73702 -6.43302 -5.59394 -17.7832 0 0 0 -5.73179 -1.4758 -7.4377 6.98419 -0.372946 10.9539 0 0 0 
-0.194866 0.969663 -1.38727 176.198 -37.0232 -178.001 0.263557 7.04095 1.00943 0 0 0 73.9621 32.2748 43.7905 -180 61.7886 -180 0 0 0 -52.1702 6.29445 6.6771 180 -31.3516 -180 1.59028e-15 -1.06722e-07 -1.70755e-06 -11.7981 3.57905 8.54018 -6.11788 -6.97596 -17.5676 0 0 0 -8.5724 -2.75728 -8.43787 8.09882 0.585248 14.3952 0 0 0 
-0.19468 0.966853 -1.3874 172.594 -36.7308 -177.344 0.814052 8.12752 1.45 3.18055e-15 -3.41509e-06 -1.06722e-07 61.5633 41.2917 36.895 -180 65.4839 -180 0 0 0 -53.6976 4.93262 6.13893 -180 -32.6871 180 0 0 0 -14.9901 3.95158 10.1413 -5.22846 -6.66077 -16.4054 0 0 0 -12.385 -3.45893 -8.10094 10.0214 0.626776 15.4463 0 0 0 
-0.184992 0.959783 -1.3874 168.722 -35.9577 -174.742 0.785184 10.6814 1.75503 0 0 0 35.3564 52.4458 22.3211 -180 71.94 -180 -4.26887e-07 -2.13443e-07 7.95139e-16 -54.7445 -0.517158 4.65942 180 -36.2054 -180 0 0 0 -18.809 3.88002 9.97589 -3.73254 -6.31106 -15.4879 0 0 0 -16.5892 -4.62567 -9.20703 11.6198 0.845616 17.499 0 0 0 
-0.181955 0.953867 -1.38656 165.956 -36.6298 -173.57 0.646989 11.6617 0.99893 0 0 0 -17.6951 64.6805 -10.9345 -180 81.9629 -180 4.26887e-07 -3.41509e-06 -1.27222e-14 -54.7524 -2.15129 4.57248 180 -37.4408 180 0 0 0 -21.5136 3.95711 11.0465 -2.14765 -5.49348 -14.4638 0 0 0 -20.2494 -5.73652 -9.79612 13.5944 0.677278 18.7273 -2.13443e-07 -1.33402e-08 2.48481e-17 
-0.166532 0.952815 -1.3874 165.357 -36.2024 -172.222 -1.53257 10.7561 0.956104 0 0 0 -55.7071 64.6472 -33.3874 -180 79.2179 -180 -4.26887e-07 0 0 -53.0709 -2.40584 2.65683 180 -37.0138 -180 0 0 0 -23.4271 3.5928 9.92488 0.782329 -4.65135 -12.8462 0 0 0 -21.2913 -7.15606 -11.2818 15.1382 0.710993 19.8905 0 -3.41509e-06 0 
-0.159869 0.952815 -1.3874 166.33 -38.3061 -171.363 -0.564273 10.244 -0.5716 0 0 0 -105.967 76.6548 -78.5272 -180 75.4991 -180 1.27222e-14 -3.41509e-06 -4.26887e-07 -52.6017 -5.59894 2.93919 180 -38.9733 -180 0 0 0 -23.6527 3.48786 9.32678 3.93123 -3.88355 -11.1566 0 0 0 -18.4881 -6.4869 -12.5377 12.3058 1.61582 19.7404 0 0 0 
-0.15633 0.959783 -1.39532 165.144 -37.8901 -172.602 -0.792178 12.5503 -1.02204 0 0 0 -166.84 56.6505 -116.917 -180 85.3655 -180 0 0 0 -53.7439 -6.6981 6.54955 180 -40.5481 -180 0 0 0 -26.3115 4.38797 10.709 8.22803 -3.14917 -9.2442 0 0 0 -20.7351 -6.62451 -9.35378 14.6404 1.72367 17.5338 0 0 0 
-0.137219 0.965452 -1.40442 168.637 -41.9594 -174.234 0.4669 11.3932 -0.895203 0 0 0 -152.442 56.4249 -99.9602 -180 78.7547 -180 0 0 0 -51.7357 -11.5315 7.03479 180 -42.4795 -180 0 0 0 -24.1532 4.68254 11.3306 12.0983 -2.46803 -7.64723 0 0 0 -15.114 -6.05623 -9.85361 13.3566 1.69852 14.4477 0 0 0 
-0.128046 0.965452 -1.40732 169.363 -41.8637 -173.959 -0.0950453 10.85 -1.03252 0 0 0 -154.259 53.5209 -102.199 -180 80.02 -180 0 0 0 -50.0562 -12.231 5.33194 -180 -42.5648 180 0 0 0 -25.9552 3.48788 10.1535 16.9395 -1.53423 -5.05976 0 0 0 -12.0479 -5.05621 -9.87217 10.5268 1.9833 12.6376 0 0 0 
-0.110159 0.965452 -1.40877 169.305 -43.5095 -174.097 -0.0371264 4.95688 -0.536508 -4.65902e-18 -3.33505e-09 1.60083e-07 -154.285 49.6809 -103.134 180 81.3317 -180 0 0 0 -49.2228 -9.64935 1.88744 -180 -42.1492 180 0 0 0 -27.9001 2.25689 10.5863 21.9635 -0.724712 -2.73227 2.13443e-07 0 0 -11.7783 -5.19564 -9.50534 10.8765 2.08233 12.1229 0 0 0 
-0.0990757 0.962113 -1.41324 167.567 -44.4662 -173.081 -0.154452 2.90007 -1.76544 0 0 0 -144.218 48.971 -93.459 180 73.404 180 0 0 0 -48.4284 -8.64297 -0.070732 180 -42.5628 -180 0 0 0 -31.4616 -0.135524 10.7807 27.023 0.0979765 0.438097 0 0 0 -11.7542 -4.81506 -9.19736 9.80027 2.24652 11.7651 0 0 0 
-0.0871692 0.962113 -1.41731 169.025 -46.33 -174.385 -0.432037 1.7791 0.344497 -4.26887e-07 -3.33505e-09 2.13443e-07 -139.501 48.2887 -89.4592 -180 74.5232 -180 0 0 0 -46.4656 -11.9421 -1.21406 180 -43.724 -180 0 0 0 -32.5539 -3.07771 11.2972 31.6435 0.81344 4.06158 0 0 0 -8.4025 -4.06953 -8.57933 7.27955 2.57229 10.8077 0 0 0 
-0.0673645 0.961727 -1.42583 172.202 -48.3387 -175.145 0.766186 -4.34478 -0.020249 0 0 0 -142.147 44.1518 -93.4506 180 75.8424 180 0 0 0 -42.3874 -8.85709 -7.89806 180 -42.7711 -180 0 0 0 -32.8048 -8.98075 10.4824 35.9212 1.38663 8.80941 0 0 0 -3.59712 -4.46407 -10.8233 5.98589 2.84512 12.0171 0 0 0 
-0.0629773 0.958636 -1.4283 169.332 -50.8414 -174.723 -1.45825 -9.45255 0.904002 0 0 0 -145.744 42.1832 -97.8067 -180 79.3019 -180 0 0 0 -41.3654 -7.01057 -9.38854 180 -43.1503 -180 0 0 0 -37.4025 -12.6235 13.2173 39.8735 1.39188 12.9662 0 0 0 -4.99788 -4.32954 -9.70485 6.92831 2.87115 12.6767 0 0 0 
-0.0601672 0.958636 -1.43352 171.001 -53.1969 -176.521 -0.447369 -11.4182 1.36206 0 0 0 -145.595 42.4907 -97.6311 180 79.5606 180 0 0 0 -41.4551 -7.83952 -8.81143 180 -43.5038 -180 0 0 0 -39.1692 -17.9781 14.8123 42.6634 1.56052 18.2676 0 0 0 -2.06782 -4.40432 -10.212 5.73309 3.62323 14.3905 0 0 0 
-0.0597783 0.957916 -1.4283 168.802 -55.8424 -173.84 -0.997016 -15.3385 0.214255 0 -3.41176e-06 0 -146.195 41.8475 -98.1453 -180 79.7088 180 0 0 0 -41.6486 -6.33709 -9.54269 180 -42.7448 -180 0 0 0 -42.9615 -24.3284 15.914 44.4088 1.11654 23.4033 -4.26887e-07 -1.70755e-06 6.36111e-15 -2.24715 -5.12805 -12.5347 5.18552 4.22731 16.4399 0 0 0 
-0.0597783 0.957916 -1.43352 170.532 -57.239 -175.99 -0.832016 -16.1161 0.778813 0 0 0 -143.773 43.6476 -96.5159 -180 79.0232 -180 0 0 0 -41.2882 -7.09176 -8.49751 180 -43.0621 -180 0 0 0 -44.6431 -28.4708 17.5125 44.9434 0.469749 28.3091 0 0 0 -0.564019 -5.16674 -13.3468 4.44561 4.99619 19.1682 0 0 -4.26887e-07 
-0.0601672 0.955388 -1.43374 170.625 -59.8105 -175.789 -0.565187 -16.5425 0.288053 0 0 0 -141.644 44.6816 -94.8232 -180 77.7772 -180 0 0 0 -42.3502 -9.8973 -5.63356 180 -44.0672 -180 0 0 0 -46.1563 -31.519 19.0182 45.3075 -0.237975 30.7299 0 0 0 -0.1042 -5.65442 -14.6872 4.74719 5.18971 20.591 1.27222e-14 -3.41509e-06 -4.26887e-07 
-0.065604 0.953891 -1.43352 170.585 -61.6068 -175.61 -0.109229 -15.7522 -0.512475 0 0 0 -137.422 47.3015 -92.1174 -180 76.2169 -180 1.70755e-06 -3.4151e-06 -5.08889e-14 -44.1746 -12.0939 -2.00046 -180 -44.4624 180 0 0 0 -46.6214 -32.5539 19.7446 45.2342 -1.14764 31.7299 0 0 0 -0.429683 -5.55052 -14.3606 5.39134 4.65041 20.2086 0 0 0 
-0.0941235 0.955388 -1.43295 174.499 -63.8114 177.841 4.28706 -11.9375 1.24676 0 0 0 -142.012 57.5693 -93.432 -180 80.391 -180 0 0 0 -48.8389 -17.4425 3.26943 180 -45.7561 -180 0 0 0 -44.2116 -27.3566 22.5327 45.6697 -2.58106 28.7909 0 0 0 -0.346991 -4.25658 -9.92832 7.27095 3.21224 18.434 0 0 0 
-0.110556 0.956267 -1.43295 179.251 -68.2304 175.962 0.912102 -5.64924 -2.47362 0 -3.41509e-06 0 -116.659 70.506 -74.5771 180 79.8057 180 0 0 0 -51.6428 -28.3046 17.5997 -180 -51.4855 180 0 0 0 -39.312 -26.1698 21.7964 46.2821 -3.09861 24.1953 -4.26887e-07 -1.06722e-07 3.97569e-16 2.66035 -2.68831 -9.13483 3.87361 2.02729 11.1128 4.26887e-07 6.67011e-09 -4.26887e-07 
-0.120132 0.956267 -1.41359 -176.532 -75.08 177.52 1.37093 2.04137 -3.8278 0 0 0 -51.8103 53.7378 -9.89892 -180 61.9646 -180 0 0 0 -67.1308 -43.5743 37.6029 180 -57.7027 -180 0 0 0 -32.687 -24.9984 18.4344 46.516 -3.21189 16.795 0 0 0 2.53135 -2.76291 -12.8811 1.48504 0.971533 5.28165 1.27719e-14 -3.42843e-06 -4.26887e-07 
-0.124213 0.956267 -1.38822 -17.9289 -88.6637 18.1729 -0.475821 -5.45588 0.596644 0 0 0 -30.2502 31.8205 13.4287 -180 53.0299 -180 0 0 0 -84.0564 -53.9707 56.8196 -180 -65.1339 180 1.06722e-07 0 0 -24.8519 -15.6865 22.8746 45.4607 0.189131 -0.643138 0 0 0 -3.84104 -3.59786 -13.8305 3.90113 0.597723 3.34485 0 0 0 
-0.125947 0.956267 -1.38106 -26.1542 -86.1653 27.2529 1.1717 -4.74523 -0.629561 0 0 0 -26.2669 24.6386 14.8826 -180 68.3976 -180 0 0 0 -93.8825 -53.9893 66.8695 180 -67.9812 -180 0 0 0 -17.9286 -9.62181 20.0572 39.1942 1.35182 -4.90957 0 0 0 -4.32496 -2.92619 -12.0823 2.48501 -0.251193 -1.29553 0 0 0 
-0.125947 0.948876 -1.37754 -9.66834 -83.8895 11.5564 -0.605339 -0.301697 -0.0690837 0 0 0 -29.0319 13.6125 12.7524 -1.72953e-05 80.0477 -1.79392e-05 -1.06722e-07 4.26887e-07 -5.33609e-08 -106.715 -57.9489 81.3036 180 -70.6791 180 0 0 0 -13.7684 -5.14745 17.3795 31.0819 1.53493 -5.70557 0 0 0 -5.04017 -2.1662 -13.496 0.735966 -0.0640022 -0.430898 0 0 -8.53774e-07 
-0.12751 0.93748 -1.37651 -18.8886 -82.1993 21.9427 0.119935 3.77044 -1.39999 0 0 0 -30.7314 2.98522 14.0969 -1.82822e-06 55.4588 3.8617e-06 -5.1684e-14 1.70755e-06 -3.46846e-06 -117.521 -56.1932 93.6343 180 -72.5985 180 0 0 0 -8.36229 -2.24518 14.2461 22.1684 0.677226 -2.99361 0 0 0 -4.11076 -1.54345 -14.7286 -0.913427 -0.214724 -1.74176 0 0 0 
-0.12985 0.93748 -1.37161 -10.322 -79.033 15.8117 0.0176993 2.17202 -5.07949 0 0 0 -28.5688 -0.339076 5.24246 2.10773e-07 42.6138 5.40412e-07 -5.08889e-14 3.41509e-06 -1.70755e-06 -123.246 -53.7504 98.5567 180 -74.7647 -180 0 0 0 -6.3984 -0.834076 12.1432 15.6795 0.154772 -0.948108 0 0 0 -5.41783 -1.7643 -17.2009 -1.08706 -0.166193 -1.33632 0 0 0 
-0.141442 0.938861 -1.37161 -13.6545 -77.0716 17.5272 -1.13739 0.349968 -2.09889 0 0 0 -24.5103 -1.57731 1.6967 -4.63341e-06 47.5926 -2.04322e-06 0 0 0 -123.518 -53.9146 101.483 180 -75.6965 -180 0 0 0 -3.27503 -0.48711 13.1383 10.4436 -0.835529 6.11484 0 0 0 -4.24986 -1.03046 -15.6679 -2.45783 -0.13259 -1.16744 8.53774e-07 0 0 
-0.144561 0.948876 -1.37161 -19.379 -79.0266 23.9866 0.322277 0.0686839 1.29718 0 0 0 -24.1774 -1.14251 -4.39401 -1.02721e-06 47.7329 -2.32169e-06 0 0 0 -124.848 -55.6689 102.744 180 -76.1235 -180 0 0 0 -3.0418 0.253119 12.0329 7.22719 -0.413123 9.05308 0 0 -8.53774e-07 -3.1901 -1.53615 -17.7556 -1.88653 0.170142 1.37954 0 0 0 
-0.153536 0.94686 -1.37387 -50.513 -84.3772 52.4711 -0.697209 5.25772 -1.23611 0 0 0 -15.5989 -2.25992 -11.2224 -1.04907e-06 55.4162 -1.9975e-06 2.13443e-07 -7.95139e-16 4.26887e-07 -119.544 -51.422 97.5485 180 -76.9902 -180 1.33402e-08 0 0 -3.35647 0.155158 13.8303 3.95095 -0.326189 11.1548 0 0 0 -3.57491 -0.740259 -13.42 2.93522 0.0142917 -3.50798 0 0 0 
-0.154499 0.953503 -1.38046 -62.3307 -83.182 65.0069 1.32675 -0.335853 1.87257 0 0 -1.33402e-08 -3.05491 -0.194931 -29.8692 -9.6482e-06 75.7338 -8.58347e-06 0 0 0 -114.804 -51.974 92.6292 -180 -77.0026 180 0 0 0 -1.50185 0.403308 13.0598 3.07839 -0.00838187 10.8155 0 0 0 -0.586161 -0.666767 -15.5061 2.14015 0.00556497 2.63921 0 0 0 
-0.155723 0.953503 -1.38103 -121.658 -83.6804 125.023 -0.240113 3.24183 -3.17631 2.13443e-07 1.33402e-08 2.13443e-07 9.37414 0.460186 -30.9357 0.000136633 88.6113 0.000135709 0 0 0 -108.62 -46.8663 86.2933 180 -76.3517 -180 0 0 0 -4.12211 0.765292 11.587 2.62412 0.463897 11.2666 0 0 0 -1.39848 -0.901027 -14.9392 5.66871 0.0351454 -0.621511 0 0 0 
-0.168772 0.958031 -1.3831 -123.055 -83.2864 123.493 0.255047 -2.44987 -0.812685 0 0 0 15.4168 10.5348 -30.6861 180 84.7325 180 0 0 0 -103.251 -47.2101 78.5585 180 -76.7977 -180 0 0 0 -4.25089 0.872221 14.5739 3.3269 0.185297 9.14308 0 0 0 -1.32984 -0.727827 -13.1273 6.14584 -0.19523 2.48887 0 0 0 
-0.168772 0.956976 -1.38532 -164.472 -76.0414 164.098 0.32287 0.0341818 0.0403474 0 0 0 13.6192 9.26629 -24.52 180 73.7714 180 0 0 0 -97.2218 -43.2352 69.41 -180 -74.5374 180 0 -4.26887e-07 0 -8.45772 1.40191 13.7012 2.35548 0.55749 7.6681 0 0 0 -2.43264 -0.603459 -10.4333 7.46857 -0.342271 2.78882 0 0 0 
-0.168772 0.956976 -1.38601 -169.119 -71.3751 168.609 0.584002 2.20298 0.153682 0 0 0 13.0247 7.04422 -22.1403 180 62.3052 180 0 0 0 -95.8532 -40.4389 67.2273 -180 -73.6184 180 0 0 0 -9.61278 2.0954 12.8647 2.30373 1.04698 7.8045 0 0 0 -2.28164 -0.869048 -8.48816 7.16329 -0.267826 3.30421 0 0 0 
-0.166829 0.956976 -1.41005 -164.309 -67.1007 163.188 0.277847 0.0925354 -0.0653773 0 0 0 -2.55511 1.17594 -15.0286 -180 46.9256 -180 -2.13443e-07 0 0 -82.9577 -36.8287 56.6784 180 -68.7737 -180 0 0 0 -5.4367 1.8995 12.8106 -0.309345 1.28291 8.45583 0 0 0 3.36746 -0.136456 -6.71625 4.44112 -0.287907 3.22597 0 0 0 
-0.166829 0.956976 -1.4104 -170.297 -66.2372 168.756 -0.138609 -1.50888 -0.832468 -2.13443e-07 0 0 -9.93087 0.798312 -10.1425 -180 40.3533 -180 0 0 0 -83.1174 -33.4211 54.4085 -180 -67.7061 180 0 0 0 -7.45959 1.82449 12.3264 -0.808849 1.37852 8.79131 0 0 0 2.00376 -0.0214466 -5.96313 4.23407 -0.244059 2.41753 0 -3.40175e-06 0 
-0.165186 0.956932 -1.41088 -171.864 -65.1894 169.729 1.93324 -1.54235 -2.63071 0 0 0 -17.1263 -1.40871 -9.92022 -180 34.2035 -180 0 0 0 -84.6966 -30.8822 53.1819 180 -67.289 180 0 0 0 -7.98015 1.52529 12.6518 -1.21826 1.1849 8.82318 0 0 0 2.092 0.179838 -5.0832 3.96593 -0.301721 2.21084 0 0 0 
-0.162574 0.948783 -1.41288 -178.878 -63.6322 175.496 0.2303 -0.671447 -0.534316 0 0 0 -25.9926 -3.91723 -14.4938 -180 32.146 -180 0 0 0 -85.2582 -30.634 52.5862 180 -66.3169 -180 0 0 0 -11.5924 3.62543 13.2433 -0.15891 2.34838 8.52063 0 0 0 -0.433994 -0.524867 -4.05483 5.05492 -0.0681001 2.96049 0 -3.4151e-06 0 
-0.155092 0.948783 -1.41727 -176.407 -63.3743 174.3 -0.203775 -6.0978 0.121901 0 0 0 -28.6932 2.78701 -17.6291 -180 35.1606 -180 0 0 0 -78.5918 -28.3986 45.8016 -180 -63.0864 180 0 0 0 -10.7918 3.85723 12.1432 0.324418 2.71033 8.67577 0 0 0 0.461292 -0.762412 -5.20288 3.9738 0.16319 4.39262 0 3.33505e-09 0 
-0.152044 0.948783 -1.41818 -176.494 -65.1158 175.366 0.694352 -7.92969 -0.381611 0 0 0 -32.7157 2.5049 -16.9179 -180 35.2543 -180 -8.53774e-07 1.59028e-15 2.13443e-07 -80.3699 -28.9732 46.3892 180 -63.5758 -180 0 0 0 -11.2821 4.03939 11.6993 1.38605 2.78653 8.54321 0 -3.41509e-06 0 -0.639036 -1.56912 -7.28275 6.19989 0.248536 6.04699 0 0 0 
-0.152044 0.954908 -1.41818 -176.577 -64.6757 175.441 0.559784 -7.6201 0.29224 0 0 0 -34.6591 2.26466 -15.2169 -180 36.7867 -180 -8.53774e-07 -2.54444e-14 -3.41509e-06 -82.3305 -28.2775 48.4157 180 -64.0285 180 0 0 0 -12.0566 4.85782 11.8326 2.37672 3.15022 8.35146 0 0 0 -0.621188 -2.45029 -8.99736 6.44303 0.807336 9.45626 0 0 0 
-0.155092 0.954908 -1.41727 -175.021 -65.7028 174.372 2.4493 -7.33315 -1.10156 0 0 0 -37.9575 2.14148 -12.3284 -180 39.5467 -180 0 0 0 -86.6133 -28.2 51.552 180 -65.8666 -180 0 0 0 -12.2138 5.17851 12.0797 3.59307 3.01524 7.96829 0 0 0 0.234218 -2.71623 -10.1605 5.8166 1.12124 11.0881 0 0 0 
-0.171475 0.954908 -1.40583 175.794 -68.0418 -178.736 -0.734547 -5.71363 -0.950762 0 0 0 -39.5954 -0.651201 -7.14578 -180 41.5498 -180 -8.53774e-07 -2.54444e-14 -3.41509e-06 -93.5181 -28.1677 58.3489 -180 -69.4843 180 0 0 0 -16.0354 5.99363 14.5402 4.82925 2.56177 7.45728 0 0 0 -5.05698 -2.90765 -9.01109 7.92904 0.820639 10.7334 0 0 0 
-0.176853 0.952106 -1.40362 174.095 -67.9267 -177.825 -0.776465 -4.22866 -1.10828 0 0 0 -41.6164 1.20223 -4.60329 -180 47.1777 -180 0 -1.70755e-06 0 -97.9104 -28.5865 61.4038 -180 -72.3665 180 0 0 0 -17.59 5.65738 15.4866 5.51169 2.07351 7.18185 0 0 0 -8.58813 -3.32426 -8.20872 10.968 0.21376 11.1542 0 0 0 
-0.177429 0.952106 -1.40297 174.523 -68.4227 -178.431 -0.566122 -2.5647 -0.887767 0 0 0 -42.3515 2.24893 -2.13211 180 53.5412 -180 0 0 1.06722e-07 -100.431 -29.6687 64.3017 180 -73.9105 -180 0 0 0 -17.9173 5.45576 16.1711 6.122 1.74326 6.8806 0 0 0 -8.81487 -3.01279 -7.4868 11.2801 -0.111846 10.6164 0 0 0 
-0.186054 0.952106 -1.39588 177.159 -70.3268 178.622 0.618813 -3.38891 -2.6817 0 0 4.26887e-07 -41.9009 6.80112 1.56114 -180 61.5353 -180 0 0 0 -106.341 -28.3703 67.7603 180 -78.5463 -180 0 0 0 -16.7765 5.11664 17.5307 6.58052 1.31557 6.50823 0 0 0 -8.5593 -2.63276 -6.35866 11.673 -0.404767 9.40502 0 0 0 
-0.186054 0.953891 -1.38991 -174.348 -71.9733 172.802 2.83324 -0.421038 -3.78184 0 0 0 -39.4861 2.10051 5.02067 -180 65.9923 -180 0 0 0 -116.261 -26.9496 77.2338 180 -84.5805 -180 0 0 0 -13.5876 3.77242 16.2466 6.36971 0.908333 6.13976 0 0 0 -4.57089 -1.48642 -7.1785 8.13891 -0.348568 7.4192 0 0 0 
-0.187566 0.965279 -1.38678 -158.025 -75.6787 159.387 -0.345327 -3.33309 -0.343137 4.26887e-07 -7.95139e-16 2.13443e-07 -26.4825 0.237681 3.06431 -180 74.082 -180 0 0 0 -115.698 -31.1082 84.0664 -180 -88.1606 180 -3.41509e-06 8.53774e-07 1.70755e-06 -8.63453 2.32826 14.8034 6.33214 0.463411 5.98488 0 0 0 -0.894498 -0.918278 -7.44827 7.56248 -0.235649 2.9082 0 0 0 
-0.187566 0.966482 -1.38379 -103.724 -83.075 105.576 -1.06044 -12.0906 -0.32521 0 0 0 -23.0981 0.695094 4.18965 -180 81.4151 -180 0 0 0 -117.52 -30.5585 88.0395 -5.96186e-05 -89.4454 6.50521e-05 0 0 0 -3.36807 0.99372 16.013 6.7069 -0.127009 5.15266 8.53774e-07 -6.36111e-15 8.53774e-07 -0.23229 -0.587372 -7.08572 5.77275 0.159597 -2.54771 0 0 0 
-0.179458 0.967384 -1.36218 -56.8385 -81.9307 61.7266 -0.273757 0.00773141 -1.64 4.26887e-07 -1.33402e-08 -4.26887e-07 -21.0677 -20.7744 8.13012 -180 82.1785 -180 0 0 0 -133.523 -29.3961 109.7 -5.28727e-05 -85.2844 4.98516e-05 0 0 0 -0.249851 -0.291338 13.1192 5.4057 -0.47649 5.28628 0 0 0 2.87573 0.634148 -12.0069 -2.15227 0.00653227 -0.535217 0 0 0 
-0.17618 0.966482 -1.36218 -28.8087 -76.1821 34.5939 -1.21782 -1.15298 -3.07408 0 0 0 -19.0227 -24.9052 8.93835 -180 88.1966 -180 0 -5.33609e-08 0 -135.943 -29.0232 115.317 -1.54805e-05 -85.8539 1.78969e-05 0 0 0 3.91674 -0.960781 11.635 3.88116 -0.752756 5.7412 0 0 0 2.60451 0.784577 -15.0238 -4.76428 0.0224331 0.51692 0 0 0 
-0.171742 0.965279 -1.36145 -25.0855 -73.158 32.0579 -0.374832 -2.98761 -3.71448 0 3.41509e-06 0 -17.7369 -23.9349 6.22827 -2.83354e-05 85.4998 -3.31688e-05 0 0 0 -137.218 -28.8253 116.96 -6.06484e-05 -85.4812 6.18567e-05 0 0 0 7.35364 -1.15693 9.17156 -0.736436 -1.01114 8.58053 0 0 0 2.44586 1.17698 -16.3061 -6.89481 -0.115046 -1.57898 0 0 0 
-0.168658 0.967878 -1.35869 -29.1932 -72.5993 35.589 -1.96645 -2.53353 -1.27394 0 0 0 -10.5739 -22.5738 0.558062 -1.07012e-05 80.8938 -1.78173e-05 0 0 0 -135.367 -29.6881 118.884 1.44616e-05 -85.2149 -1.44616e-05 0 0 0 8.57654 -1.21961 9.03062 -0.746965 -1.25434 9.90742 0 0 0 3.71226 1.31719 -15.9379 -6.89951 -0.0883284 -1.40503 0 0 0 
-0.167751 0.967878 -1.35869 -32.1364 -71.3433 36.5254 -1.36756 0.713982 0.280786 0 0 0 -7.26344 -25.7638 -3.06001 -1.26176e-05 78.9296 -1.39823e-05 0 0 0 -136.546 -28.7449 122.052 6.89173e-05 -85.5787 -7.19381e-05 0 -4.26887e-07 0 10.0701 -1.63753 10.6754 -0.74391 -1.49544 10.3829 0 0 0 5.40617 1.62077 -12.7938 -7.96581 -0.286235 -4.67369 0 0 0 
-0.167751 0.981153 -1.34086 -32.9458 -71.1105 37.3703 -0.505126 0.582888 0.059988 0 0 0 0.0651003 -25.3936 -11.2493 -2.13533e-05 77.3755 -2.12015e-05 -8.53774e-07 -1.06722e-07 7.95139e-16 -137.101 -26.3526 121.754 -4.04172e-05 -84.1382 4.22307e-05 0 0 0 8.61289 -2.3296 13.4867 1.06562 -0.186945 0.970487 8.53774e-07 1.06722e-07 7.95139e-16 4.12445 1.70916 -11.9148 -6.88368 -0.198244 -7.51431 0 0 0 
-0.167751 0.993317 -1.34086 -33.8234 -70.8295 38.1059 -2.04382 -0.580108 1.03283 0 0 0 8.13963 -24.2822 -18.43 -5.78067e-06 78.479 -7.75269e-06 0 0 0 -133.76 -26.2174 120.785 -4.12568e-05 -84.255 4.30702e-05 0 0 0 8.95661 -2.76116 17.0196 0.120127 1.43857 -8.53161 0 0 0 3.78372 1.19058 -11.5887 -5.26961 -0.18036 -7.45077 0 0 0 
-0.167235 0.993317 -1.34086 -43.0176 -73.8237 46.6782 -1.97095 0.855433 1.41013 0 0 0 14.1941 -19.3543 -24.1492 -8.28869e-06 79.2651 -1.04678e-05 0 0 0 -132.662 -28.3779 118.731 9.13048e-05 -84.444 -9.55357e-05 0 0 0 6.38813 -2.77648 17.7978 3.2678 1.82982 -8.94273 0 0 0 4.50307 1.34771 -11.5997 -3.25 0.224026 -4.81799 0 0 0 
-0.166528 0.998981 -1.34483 -88.6278 -77.1271 91.3033 -0.973676 0.307728 0.793191 0 0 0 19.5457 -3.38144 -25.0472 1.24986e-05 79.4647 9.69459e-06 0 0 0 -125.574 -31.0769 106.545 4.95538e-05 -83.9008 -5.25766e-05 8.53774e-07 0 0 6.05321 -1.61456 15.4941 3.15514 0.886994 -5.89579 0 0 0 8.71196 1.41044 -8.82928 -2.99274 0.614291 -7.05991 0 0 0 
-0.163719 0.998981 -1.3484 -94.5992 -76.1764 97.8133 0.248368 -0.520915 0.12118 0 0 0 28.975 -4.25033 -23.4758 180 89.1047 180 0 0 0 -124.349 -31.0097 103.973 5.9973e-05 -83.869 -6.4205e-05 0 0 0 4.08656 -1.54671 9.00823 9.17799 -1.30775 5.46759 0 0 0 9.23517 1.93992 -11.4559 -1.60597 0.466238 -3.38222 0 0 0 
-0.163719 1.0071 -1.35116 -101.838 -75.9242 102.025 -0.0323512 -1.10061 0.926192 0 0 0 40.0124 -5.35715 -25.1758 -180 81.4751 -180 0 0 0 -120.549 -30.3264 99.4385 -4.19876e-05 -85.2603 4.5613e-05 0 -8.53774e-07 0 8.02945 -1.56515 12.028 1.27099 -0.319683 2.11126 0 0 0 9.48595 1.31624 -8.58288 -0.189722 0.351239 -2.33588 0 0 0 
-0.16307 1.00717 -1.35427 -128.478 -73.3752 126.443 0.14367 1.00016 -0.136342 0 0 0 49.122 -0.600708 -21.6812 -180 72.7527 -180 1.73423e-06 -2.54382e-14 1.68087e-06 -116.298 -30.9572 91.8802 -1.34711e-05 -86.5914 6.82734e-06 0 0 0 5.92822 -1.41758 13.5733 1.85651 -0.433035 3.23691 0 0 0 9.47927 0.511165 -3.34036 0.540047 0.846197 -4.92298 0 0 0 
-0.162735 1.0087 -1.35532 -134.672 -71.9722 131.515 0.187456 0.405116 -0.109719 0 0 0 56.5584 -2.65667 -20.8084 -180 60.3542 -180 0 0 0 -114.466 -29.33 88.2045 -8.9515e-05 -86.6679 9.73665e-05 0 -8.53774e-07 0 2.41885 -1.07063 14.0933 6.20481 -0.970713 6.39487 0 0 0 9.56174 0.238507 -1.71359 0.90477 0.90487 -4.96435 0 0 0 
-0.162735 1.0087 -1.35749 -147.07 -71.965 143.197 -0.195623 -2.25517 0.0968504 0 0 0 64.7017 2.53192 -19.2727 -180 61.0282 -180 0 0 0 -109.081 -30.3706 80.0972 -180 -88.9797 180 0 0 0 -1.59122 -0.72898 13.1913 8.89182 -0.864139 5.77209 0 0 0 6.87865 0.114514 -1.19564 1.13606 0.745835 -4.6763 0 0 0 
-0.151751 1.0087 -1.36413 -150.501 -70.2636 145.858 0.499886 -3.3325 0.522555 0 0 0 67.9069 4.40558 -15.7075 180 53.521 -180 0 0 0 -105.036 -30.5576 75.1166 180 -86.4766 -180 0 0 0 -0.594803 -0.103897 14.7756 5.61105 -0.398455 4.91884 0 0 0 6.77105 -0.0713973 0.15916 1.55896 0.486793 -3.51283 0 0 0 
-0.146088 1.00693 -1.37217 -158.599 -70.2188 153.623 -0.453501 1.27118 1.86048 0 0 0 70.1407 2.87839 -20.193 -180 45.4361 180 0 0 0 -105.267 -33.7698 77.2418 -180 -84.4899 -180 0 0 0 -3.20238 0.636468 14.6937 3.88609 -0.046746 4.02715 0 0 0 3.00272 -0.106649 -1.62834 4.68957 -0.0123818 0.0913604 0 0 0 
-0.14215 1.00693 -1.37538 -162.266 -69.5353 157.92 0.0711208 2.45099 0.221498 0 0 0 73.2386 -1.11456 -23.8272 180 38.1354 -180 0 0 0 -104.722 -32.7466 76.0205 180 -83.0171 -180 0 0 0 -1.47358 0.433477 14.0114 -5.09802 0.373578 3.70474 0 -3.41509e-06 0 1.99332 -0.0324709 -2.60939 4.32946 -0.0391519 0.308804 0 0 0 
-0.14023 1.00693 -1.3797 -166.518 -70.9157 161.771 -1.68622 1.07957 -0.391352 0 0 0 73.5348 -6.78655 -25.2857 -180 30.1476 -180 0 0 0 -101.939 -31.9127 73.8291 -180 -81.1165 180 0 0 0 -0.770332 0.588083 14.6886 -10.2904 0.536676 3.4521 0 0 0 -0.129527 -0.197366 -1.68497 5.44383 0.151632 -1.11308 0 0 0 
-0.130975 1.00428 -1.3797 -171.026 -69.2543 163.958 -2.92114 -4.10386 1.86495 0 0 0 76.2923 0.969782 -19.2234 -180 32.57 -180 0 0 0 -94.9778 -31.5831 64.2625 180 -78.7135 -180 0 0 0 -0.911995 0.409287 15.461 -13.3826 0.673592 4.32792 0 0 0 -0.549628 -0.159786 -0.814566 5.0511 -0.270793 1.49195 0 0 0 
-0.118517 1.0055 -1.38275 -168.198 -67.2724 164.006 2.95605 -13.0021 -2.40313 0 3.41509e-06 0 73.8801 8.38116 -5.53525 180 35.6132 180 0 0 0 -90.0362 -26.5896 51.338 180 -74.3051 -180 0 0 0 1.48859 1.57158 12.5394 -15.8644 0.979194 4.43241 0 0 0 1.31988 0.0416841 -3.08677 4.17702 -0.171763 1.23676 0 0 0 
-0.117647 1.01 -1.38275 -173.153 -68.0434 167.244 0.376014 -15.4317 -0.0444647 0 0 0 72.3206 12.86 -4.55114 -180 36.5056 -180 0 0 0 -87.872 -26.9239 48.5648 180 -73.4776 180 0 0 0 0.246508 1.92497 13.8974 -17.3518 1.13794 4.60694 0 0 0 -0.765332 -0.0857075 -2.07072 4.55334 -0.263981 1.96087 0 0 0 
-0.111356 1.0055 -1.38275 -172.971 -68.5947 167.707 0.80586 -18.5835 0.146743 0 0 0 72.2945 17.3962 -3.29785 -180 39.8643 -180 0 0 0 -85.3114 -26.7272 44.8437 -180 -71.9279 180 0 0 0 0.263631 2.04357 13.0576 -17.3292 1.27655 5.10825 0 0 0 -0.500617 -0.062292 -2.09366 4.43246 -0.159794 1.1965 0 0 0 
-0.107554 1.0055 -1.38707 -174.19 -68.9613 167.515 -0.0439616 -18.5102 -0.383472 0 0 0 71.7825 19.0704 -5.9808 -180 44.5604 -180 0 0 0 -84.9648 -24.4694 45.047 180 -71.3024 -180 0 0 0 -0.442437 2.28581 14.1689 -16.5508 1.56134 5.67007 0 0 0 -1.02067 -0.17019 -0.765905 4.50705 -0.146359 1.44983 0 0 0 
-0.105471 1.01133 -1.38707 -177.445 -69.3377 170.588 -1.12489 -21.5287 -0.461605 0 0 0 71.7835 26.3848 -5.62724 -180 54.2766 180 0 0 0 -82.2879 -22.4597 41.3708 180 -69.211 -180 0 0 0 -2.13596 2.89263 14.1082 -15.0453 2.01641 6.23286 0 0 0 -2.03679 -0.203107 -0.611696 4.42895 -0.0574137 1.42251 0 0 0 
-0.10056 1.01133 -1.38753 -177.529 -70.3962 172.114 0.230394 -21.1564 -1.54082 -4.26887e-07 0 0 69.971 32.3782 -9.23957 -180 64.8631 -180 0 0 0 -82.2446 -23.413 41.7723 -180 -68.3353 180 0 0 0 -2.98166 2.90762 12.7057 -12.6943 2.29443 6.92642 0 0 0 -2.35191 -0.334811 -1.71417 4.70693 -0.00426422 1.14103 0 0 0 
-0.10056 1.00384 -1.39516 -169.259 -72.8355 164.077 3.92487 -21.3316 -2.12247 0 0 0 65.131 38.9564 -15.5698 180 79.4654 180 0 0 0 -84.031 -24.3545 43.8148 180 -68.2749 180 0 0 0 -1.26195 2.69305 13.0415 -9.98943 2.35855 7.82911 0 0 0 -0.439252 -0.493474 -2.57478 5.07439 0.0160519 2.07752 0 0 0 
-0.10056 0.98506 -1.39516 -174.905 -74.3693 170.051 2.17746 -21.7826 -2.72817 0 0 0 59.1546 50.0563 -23.3483 5.20862e-05 79.7482 5.16978e-05 0 0 0 -83.3306 -26.788 43.2627 -180 -69.4748 180 0 0 0 -4.31692 1.81549 12.4939 -7.72692 1.81368 8.18961 6.36111e-15 -3.41509e-06 -2.13443e-07 -2.60335 -0.763808 -6.79844 5.67816 -0.328668 6.4859 0 0 0 
-0.10935 0.962706 -1.39516 -178.678 -73.4899 171.561 1.04721 -19.7199 3.25348 0 0 0 34.1803 66.4631 -50.55 -3.40098e-06 52.6237 -1.073e-05 0 0 0 -83.4887 -32.3401 43.0743 -180 -70.2719 180 0 0 0 -6.13601 1.48499 14.5563 -6.09814 1.44841 8.40539 0 0 0 -3.35731 -0.35088 -3.51086 4.97439 -0.386061 5.07102 0 0 0 
-0.115415 0.959566 -1.39601 -175.632 -74.8695 171.053 3.53872 -17.9777 -1.60228 0 0 0 14.0645 69.0108 -77.5777 -1.87421e-06 33.1284 5.67772e-06 0 0 0 -86.6844 -31.2292 46.9929 180 -70.862 -180 0 3.41509e-06 0 -5.64857 1.3256 12.2556 -4.05091 1.38052 9.18672 0 0 0 -4.32853 -0.808766 -4.34449 7.78614 -0.270459 3.2419 0 0 0 
-0.122344 0.959566 -1.39734 -175.789 -74.5128 169.938 3.15409 -12.87 -0.306903 0 0 0 -9.21376 65.5368 -99.0115 -6.30105 15.7406 -1.39812 0 0 0 -89.8222 -35.36 51.7449 -180 -73.5409 180 0 0 0 -6.72648 0.90307 12.9798 -1.43267 0.881446 10.4918 0 0 0 -3.96254 -0.563284 -2.93946 7.56694 -0.339134 2.73973 0 0 0 
-0.134423 0.959566 -1.39734 -174.618 -74.2974 168.958 -0.99487 -2.80812 -3.2397 0 0 0 -7.63649 49.9252 -98.796 -4.81511 2.57942 -0.404308 0 0 0 -92.5788 -32.7388 63.6702 180 -74.2971 180 0 0 0 -6.67325 0.790516 12.7906 0.158114 0.652378 10.9882 0 0 0 -3.94395 -0.458236 -1.86681 7.0218 -0.0200347 0.182993 0 -3.4151e-06 0 
-0.134423 0.961071 -1.39734 -148.136 -77.7287 146.142 0.521872 -0.770399 -1.66966 0 0 0 -13.5968 38.7188 -107.409 -5.99662 -6.96899 1.45977 0 0 0 -101.918 -37.1937 77.545 180 -79.7035 -180 0 0 0 -0.833812 0.154064 9.69848 2.00937 0.0297298 12.3247 0 0 0 4.96038 0.306853 -4.43266 -0.915026 0.160912 -3.41275 0 0 0 
-0.133584 0.971647 -1.38617 -136.703 -80.4524 137.669 0.59834 -1.39457 -1.12295 0 0 0 -19.3715 33.4733 -113.091 -7.81718 -13.3108 3.30253 0 0 0 -106.946 -39.3095 83.5359 180 -81.3993 -180 0 0 0 1.70781 -0.0881629 6.81012 -0.778551 -0.151254 13.1749 0 0 0 4.64912 0.619963 -7.43212 -0.971458 0.320755 -5.23701 0 0 0 
-0.133584 0.974794 -1.36092 -53.3827 -82.898 55.7591 -1.12153 -2.3513 1.73841 0 0 0 -19.022 14.0782 -114.222 -1.86321 -18.5328 5.08026 0 0 0 -117.883 -37.8182 99.7137 180 -84.2703 -180 0 0 0 -1.40125 -1.09909 5.8221 8.90738 -1.60985 13.1396 0 0 0 -0.123323 -0.204368 -11.0435 0.363589 -0.0593522 -5.46875 0 0 0 
-0.133584 0.979042 -1.35523 -23.2485 -76.8575 29.8406 0.441777 0.00122131 0.118096 0 0 0 -20.3755 -0.83328 -113.442 1.56828 -20.1313 5.71892 0 3.41509e-06 0 -129.06 -36.6539 113.227 -180 -85.5421 180 0 0 0 0.109464 -1.34336 2.00464 8.77565 -2.31589 12.7322 0 0 0 -1.37091 0.166512 -17.6546 -4.56251 -0.139559 -1.72412 1.06722e-07 -2.66804e-08 -2.48481e-17 
-0.133584 0.983143 -1.35253 -24.8046 -69.7498 33.398 -1.30562 -4.5727 -0.688118 0 0 0 -12.4181 -3.34937 -113.598 3.92026 -16.5181 4.53636 0 0 0 -125.999 -35.3019 116.271 -180 -87.4333 -180 0 0 0 5.58612 -0.968909 2.55845 7.58187 -1.56494 6.32644 0 0 0 -0.521002 0.187265 -19.3438 -3.11821 -0.154555 -3.05614 0 0 0 
-0.141079 0.983143 -1.35142 -24.0717 -68.8542 31.0675 -0.7183 -3.10821 2.43589 0 0 0 -12.7367 -8.0898 -114.877 7.17872 -17.5868 4.3965 0 0 0 -128.072 -35.1568 119.505 180 -87.2909 -180 0 0 0 5.72559 -0.945794 5.57248 5.32278 -0.879185 4.24888 0 0 0 -0.755656 0.111543 -18.2922 -3.44276 -0.246394 -3.94585 0 0 0 
-0.152293 0.983143 -1.35137 -30.7114 -72.3282 37.7391 -1.66603 -1.09221 -0.943228 0 0 0 -11.9282 -5.51642 -112.4 7.16372 -17.1657 4.36384 0 0 0 -125.198 -33.1126 115.55 -180 -88.0048 180 0 0 0 4.37479 -0.957364 6.03627 6.6708 -0.76236 3.76455 0 0 0 0.330141 0.307824 -18.9795 -2.6734 -0.0615027 -1.80986 0 0 0 
-0.153781 0.970322 -1.35142 -28.8123 -74.7478 35.4093 -1.14149 0.549926 -0.013267 0 0 0 -17.6351 -5.85151 -113.75 6.56352 -20.6662 5.02779 0 0 0 -127.18 -34.1838 115.538 180 -87.3578 -180 0 0 0 2.84382 -0.605644 8.14225 5.90007 -0.15607 1.11036 0 0 0 -1.55365 -0.716211 -17.6937 -1.25131 -0.194171 -2.98212 0 0 0 
-0.154979 0.970322 -1.35246 -28.6289 -75.0893 34.8579 -0.46201 0.370684 0.155741 0 0 0 -16.2321 -6.8584 -113.327 10.8061 -16.5689 3.47998 0 0 0 -127.186 -34.264 114.659 -180 -87.0224 180 0 0 0 2.67543 -0.569175 8.39982 5.3111 -0.24083 1.84716 0 0 0 -2.23348 -0.923183 -17.8635 0.193276 -0.0905172 -1.84649 0 0 0 
-0.155367 0.961862 -1.35246 -27.3455 -74.955 33.4735 -0.449348 -1.0024 0.247724 0 0 0 -16.4955 -7.54628 -113.906 13.958 -17.4836 3.17 0 0 0 -127.832 -35.0737 114.162 180 -87.8179 -180 0 0 0 1.64224 -0.950928 9.45477 7.90086 -0.536753 3.00231 0 0 0 -2.75664 -0.729467 -17.612 0.106323 -0.0662205 -1.64882 0 0 0 
-0.161217 0.961862 -1.35246 -37.7152 -77.2327 41.8851 -0.328722 1.37556 0.728831 0 0 0 -13.5493 -8.54433 9.40009 -1.29881e-06 27.4313 1.88009e-06 0 0 0 -126.212 -34.439 112.328 180 -87.9145 -180 0 0 0 1.26098 -0.986122 10.2344 8.82382 -0.937434 5.39205 0 0 0 -1.30864 -0.486804 -15.7962 0.284784 -0.0196555 -0.753146 0 0 0 
-0.163536 0.966201 -1.35246 -36.2032 -76.7386 39.7834 -0.441388 0.525462 0.030693 0 -2.66804e-08 0 -12.4822 -10.0165 5.9057 1.09461e-06 32.4619 -2.34899e-06 0 0 0 -124.142 -33.1426 110.511 180 -87.1913 -180 0 0 0 0.269687 -1.18488 11.6448 11.545 -0.296808 1.44285 0 0 0 -1.38127 -0.492035 -14.733 1.16886 -0.00816847 -0.655717 0 0 0 
-0.163908 0.966201 -1.34495 -31.0444 -79.8808 33.0989 -2.56541 0.0882241 -0.649796 1.27222e-14 3.41509e-06 4.26887e-07 -11.0788 -10.4737 -0.807487 -1.61021e-06 39.7382 -1.94363e-06 0 0 0 -122.262 -32.4562 106.488 -180 -87.0363 180 0 -4.26887e-07 0 -3.70825 -1.1659 13.0958 12.4332 -0.875208 4.39074 0 0 0 -4.43596 -0.551338 -12.7464 2.2797 -0.000116494 -0.598911 0 0 0 
-0.163908 0.955504 -1.34495 -32.0623 -80.1049 33.7503 -2.62417 -1.56272 -0.923776 -4.26887e-07 0 0 -10.2462 -11.1329 -3.66797 -1.92533e-06 47.6088 -2.24909e-06 0 0 0 -120.94 -31.8828 104.222 -180 -87.4418 180 0 0 0 -3.82916 -0.640677 13.7453 12.6899 -0.700676 4.33526 0 0 0 -4.77062 -1.23763 -13.4133 2.97507 0.0755777 2.23409 0 0 0 
-0.163659 0.966201 -1.34495 -50.9378 -83.0197 52.1571 -0.760765 0.0402196 -1.15029 0 0 0 -9.28996 -8.56849 -10.4985 2.78469e-06 57.4751 1.52694e-06 0 0 0 -120.412 -32.5068 101.116 180 -86.891 -180 8.53774e-07 -8.53774e-07 -6.36111e-15 -3.31881 0.111133 12.2965 4.69512 -0.334811 7.7002 0 0 0 -4.51875 -0.870751 -11.5748 4.19686 -0.00530583 0.489126 0 0 0 
-0.163908 0.966201 -1.34622 -135.244 -82.02 135.911 0.0286298 -0.813412 -1.1435 0 0 0 -1.62774 3.60612 -20.9051 -3.49066e-06 63.3055 -5.6623e-06 0 0 0 -114.044 -33.5493 89.4417 -180 -86.8781 -180 0 0 0 -5.09288 0.333225 8.70553 3.08916 0.217696 11.3992 0 0 0 -2.69129 -0.463438 -10.1695 3.82925 0.0132263 -0.393822 0 0 0 
-0.164731 0.969075 -1.34792 -144.777 -80.8495 145.156 0.857459 -0.175765 -0.811733 0 0 0 4.60974 -1.279 -28.4946 3.45187e-06 80.6634 -1.82924e-06 1.70755e-06 0 0 -112.567 -32.1848 87.2743 180 -85.2595 -180 0 0 0 -5.3721 0.646079 8.5829 2.54433 0.688363 11.724 0 0 0 -3.56463 -0.986249 -9.74708 5.52909 2.53481e-06 -0.00026913 0 0 0 
-0.163659 0.969075 -1.35475 -152.799 -79.0337 152.887 0.188148 1.78965 -0.169946 0 0 0 13.4941 -8.46558 -30.3321 -180 84.7974 -180 0 0 0 -110.027 -32.8818 86.0018 180 -83.6331 -180 0 0 0 -7.59266 0.583463 8.96344 7.73268 -0.00071114 5.33923 0 0 0 -2.81021 -0.68449 -9.0991 4.77669 -0.000256333 0.00866948 0 0 0 
-0.164731 0.969075 -1.3596 -159.088 -78.2937 158.917 -0.641503 0.245416 -0.0391906 -2.13443e-07 0 0 25.4674 -4.81555 -38.3316 -180 75.994 -180 0 0 0 -105.348 -33.4877 81.2644 180 -81.2372 -180 0 0 0 -9.86003 0.702836 8.86941 9.11043 0.0707057 5.29661 0 0 0 -2.93759 -0.5691 -8.37077 3.67578 0.00440686 -0.436673 0 0 0 
-0.167321 0.969755 -1.36046 -177.66 -75.7479 173.23 0.23164 4.2277 -2.10402 -2.13443e-07 0 0 31.2641 -15.5775 -45.4254 180 60.4821 180 0 0 0 -106.616 -27.5853 78.6842 180 -79.4948 -180 0 0 0 -14.3335 2.19721 12.3582 9.7264 0.394298 4.98419 0 0 0 -6.90532 -0.699915 -3.96918 5.05986 -0.00266448 -0.0861519 0 0 0 
-0.168099 0.969755 -1.36046 173.136 -81.6024 -179.701 -2.28324 -4.8114 0.704986 0 0 0 37.5885 -10.2621 -44.999 -180 55.0305 -180 0 0 -1.06722e-07 -101.846 -30.2569 73.5605 180 -77.5974 -180 0 0 0 -15.8156 3.43776 17.832 11.0588 0.127722 2.17753 0 0 0 -9.96707 -0.462968 -1.15658 5.76243 -0.0211179 -0.482551 0 0 0 
-0.168099 0.969755 -1.35997 164.078 -76.0056 -173.638 0.0307539 -0.183475 -1.36167 0 0 0 45.7234 -14.6022 -43.0517 -180 43.8344 -180 -3.41509e-06 2.62396e-14 8.80454e-07 -103.476 -24.9382 70.6527 180 -75.7975 -180 0 0 0 -21.5083 5.86734 18.8061 13.0489 0.489484 3.14119 0 0 0 -13.992 0.163631 3.27116 8.2612 -0.225225 -2.30136 0 0 0 
-0.169431 0.972756 -1.35997 162.872 -75.9828 -173.032 0.711077 -0.838896 -0.990054 0 0 0 50.1884 -16.0114 -47.7967 -180 35.1681 -180 3.41509e-06 -4.26887e-07 -1.27222e-14 -103.154 -24.8826 69.4201 180 -75.0607 -180 0 0 0 -21.8435 6.37954 19.1089 13.1094 0.631605 3.61506 -8.53774e-07 -5.33609e-08 4.26887e-07 -16.5406 -0.351084 2.69471 11.2651 0.0470081 0.465332 0 0 0 
-0.168099 0.972756 -1.36021 155.828 -74.698 -166.563 -0.26033 -0.586595 -2.65716 0 0 0 53.7596 -18.2414 -38.9594 -180 26.7071 180 0 0 0 -102.263 -22.765 67.5654 180 -73.8698 -180 0 0 0 -24.3741 6.44182 18.4767 13.1148 0.895696 4.68234 0 0 0 -19.5756 -0.66632 2.82775 13.1034 0.000258189 0.00267742 -2.13443e-07 2.66804e-08 -4.96962e-17 
-0.16639 0.973794 -1.36021 152.208 -73.7253 -162.905 -0.930774 -1.22273 -1.8678 0 0 0 54.1758 -17.035 -38.7572 178.947 22.0659 179.812 3.41509e-06 0 0 -100.722 -23.0399 65.8503 180 -72.2794 -180 0 0 0 -25.8437 6.71677 17.1073 13.1264 1.41556 5.94749 0 0 0 -21.981 -1.65096 1.83263 15.6658 0.175383 1.56258 0 0 0 
-0.150697 0.972756 -1.36812 163.9 -61.0852 -173.332 0.117277 1.49412 0.1303 0 0 0 58.8924 -1.16142 -8.22964 -180 25.7255 -180 0 0 0 -93.5733 -24.0934 54.6467 180 -69.5825 -180 0 0 0 -24.0064 0.845682 3.88411 7.44122 5.10423 16.2704 0 5.33609e-08 0 -19.6414 -3.48537 -3.13486 14.9663 0.559106 5.2933 0 0 0 
-0.150355 0.96641 -1.37483 165.191 -56.3049 -174.309 0.919566 5.53281 -1.78875 6.41081e-15 -3.44178e-06 -2.13443e-07 58.1056 -2.36816 -3.40783 -180 24.4034 -180 0 0 0 -91.2564 -21.6286 52.3282 -180 -67.392 180 0 0 0 -21.7821 -0.734291 -1.03076 3.95566 6.55346 19.8887 0 0 0 -17.5115 -3.8316 -4.85038 15.0071 0.236305 3.75821 0 0 0 
-0.150355 0.96641 -1.37483 163.105 -53.7349 -171.556 0.284721 7.829 -2.09143 0 0 0 54.0963 -0.508665 -5.27388 -180 25.4334 -180 -3.81667e-14 -1.70755e-06 2.56132e-06 -92.1395 -21.9242 52.2648 180 -67.2676 -180 0 0 0 -21.0532 -1.50232 -4.80111 1.33969 7.81309 22.064 0 0 0 -17.6487 -4.7573 -6.92836 15.8196 0.204574 4.991 0 0 0 
-0.150465 0.969299 -1.37641 162.344 -53.0733 -171.281 -0.193545 8.01095 -1.25864 0 0 0 48.7648 3.35773 -8.40438 180 29.5485 -180 0 0 0 -91.98 -21.5273 52.1389 -180 -66.802 180 0 0 0 -20.2261 -1.34187 -5.28898 0.0731742 9.04609 22.8932 8.53774e-07 0 0 -17.3968 -4.96363 -6.41011 16.5606 0.187603 3.532 0 0 0 
-0.150465 0.960746 -1.38062 163.334 -52.1502 -172.3 -0.576264 6.71279 -1.05486 0 0 2.13443e-07 41.4985 10.4798 -12.0579 180 36.3538 180 0 0 0 -89.3258 -20.1276 49.6797 180 -65.3126 -180 0 0 0 -18.6186 -0.629118 -5.45244 -1.84461 8.22485 23.0503 0 0 0 -15.784 -4.81112 -7.63747 16.6974 -0.0570977 3.40778 0 0 0 
-0.150355 0.960746 -1.38362 164.863 -52.0829 -173.397 0.80861 0.825584 -1.45362 0 0 0 32.5631 31.0287 -11.6898 180 54.3167 180 0 0 0 -86.5995 -17.1373 43.4906 180 -63.0299 -180 0 0 0 -16.6355 -0.263337 -5.68606 -3.05736 8.42967 23.3528 0 0 0 -13.8641 -4.22514 -7.49239 15.4522 -0.0424593 3.27672 0 0 0 
-0.133892 0.959698 -1.39334 171.685 -51.5406 -176.927 2.62373 -9.91536 -0.050703 0 0 0 18.5098 62.0122 -20.6051 -180 76.6227 -180 0 0 0 -80.4005 -13.6969 32.6702 -180 -58.9665 180 -3.41509e-06 4.26887e-06 1.70755e-06 -12.2824 -0.334546 -6.70391 -3.98867 8.01509 22.4888 0 0 0 -7.91344 -4.41697 -9.50301 15.6436 -0.386149 5.95617 0 0 0 
-0.130118 0.953789 -1.39827 172.422 -56.4463 -176.779 0.0746947 -18.8071 1.64364 0 0 0 -22.1995 69.5738 -57.8782 -179.999 89.1411 -179.999 0 0 0 -75.3167 -10.7177 28.8265 -180 -55.3812 -180 0 0 0 -12.3575 -0.206723 -4.94095 -2.62786 6.56428 21.7467 0 0 0 -4.52221 -3.6339 -13.1292 12.9704 -1.15253 10.963 0 0 0 
-0.130118 0.944664 -1.39827 172.765 -59.5477 -176.488 0.953665 -25.8899 0.222831 0 0 0 -59.8243 65.9698 -87.2828 -3.47303e-05 82.2896 -3.26125e-05 0 0 0 -74.2188 -6.85537 25.1313 180 -53.1671 -180 6.36111e-14 4.26887e-06 1.70755e-06 -12.7934 0.050175 -3.05967 -1.83541 4.74986 20.4068 0 0 0 -2.26807 -2.51914 -17.3766 10.0684 -2.89816 18.6257 0 0 0 
-0.130118 0.943168 -1.39827 175.305 -64.3552 -175.877 1.35846 -32.1921 -0.275451 0 0 0 -74.4086 58.1875 -96.5077 -6.32302e-06 77.6409 -1.33063e-05 0 0 0 -74.2009 -5.96002 25.7854 180 -52.6335 -180 0 0 0 -12.593 -0.35064 -2.93828 0.0987327 3.29683 18.9623 1.70755e-06 6.36111e-15 -4.26887e-07 -1.30942 -2.09817 -21.9067 9.77141 -3.86143 20.8517 0 0 0 
-0.14256 0.943168 -1.39095 177.534 -69.873 -175.175 1.81079 -37.9637 0.545616 0 0 -4.26887e-07 -74.3552 48.2609 -92.129 -2.8911e-05 79.0793 -3.77047e-05 0 0 0 -76.5014 -5.28056 29.3001 -180 -51.8239 180 -3.41509e-06 5.08889e-14 1.70755e-06 -12.5216 -0.626613 -2.3011 2.21272 2.15525 17.0661 0 0 0 -2.01978 -2.66105 -24.3207 11.8092 -4.14147 19.4592 0 2.66804e-08 0 
-0.198787 0.940405 -1.38818 175.544 -65.7297 -179.28 1.12772 -22.6332 0.420482 0 0 0 -60.9075 39.6198 -65.7931 5.91967e-05 87.2066 5.2252e-05 0 0 0 -86.4247 -8.59648 42.0394 180 -60.0815 -180 0 0 0 -14.5556 0.393747 4.73828 1.3703 1.30852 15.2299 0 0 0 -3.49527 -1.11765 -14.0824 11.4093 -4.33827 15.2726 0 0 0 
-0.234577 0.943168 -1.36959 -173.669 -73.678 172.581 0.726003 -11.2514 0.833532 0 0 0 -42.4337 15.6097 -42.11 -180 77.412 -180 0 -8.53774e-07 0 -100.481 -12.8387 50.7264 180 -67.1322 -180 0 0 0 -11.988 0.339462 6.60164 4.53037 0.661146 13.1851 0 0 0 -1.39113 0.00958328 -11.9752 7.84679 -0.779988 4.08465 0 0 0 
-0.253431 0.950861 -1.35343 -149.18 -78.0422 150.212 -0.0284245 0.364095 -0.924322 0 0 0 -36.4008 -7.08605 -28.9925 -180 65.1507 -180 0 0 0 -112.548 -9.45152 58.3739 180 -70.5249 -180 0 0 0 -8.55892 0.394897 8.13196 7.10867 0.233604 11.0463 0 1.06722e-07 0 1.71506 0.182969 -13.2588 4.73639 -0.28908 2.54317 4.26887e-07 0 0 
-0.257526 0.952571 -1.33878 -125.156 -80.7237 126.494 -0.469139 1.73338 -1.37074 0 0 0 -31.146 -12.4243 -23.9 -180 62.9025 -180 0 0 0 -112.492 -5.19428 57.06 180 -55.7299 -180 0 0 0 -8.20965 0.472973 10.7147 9.62974 -0.20458 8.93137 0 0 0 0.761387 -0.28544 -13.5423 6.35015 -0.275176 2.34092 0 0 0 
-0.265353 0.952697 -1.33819 -97.6225 -82.6107 99.1328 -0.66316 -0.211602 -2.0432 0 0 0 -31.573 -12.8718 -18.7736 -180 60.8327 -180 0 0 0 -111.296 -3.27347 52.4939 180 -44.4493 -180 0 0 0 -9.64415 0.339802 12.9115 12.0706 -0.507403 7.1536 0 0 0 -0.984606 -0.410241 -15.3933 7.08739 -0.43867 3.40592 0 0 0 
-0.271125 0.958108 -1.33647 -99.8568 -83.0174 100.812 -1.19759 0.239197 -1.83119 0 0 0 -30.4526 -9.89225 -13.7013 -180 57.9257 180 0 0 0 -110.644 -2.8663 51.6445 180 -44.8226 180 0 0 0 -10.8536 0.471164 13.3451 12.6203 -0.492638 7.62251 0 0 0 -1.937 -0.868329 -17.5093 7.03701 -1.03202 9.01795 0 0 -4.26887e-07 
-0.289158 0.970613 -1.32821 -65.6888 -85.418 65.6329 1.22098 0.135288 -2.0098 0 0 0 -32.4832 -12.2749 -7.92028 -180 53.3004 -180 0 0 0 -111.787 0.421269 54.8309 -180 -42.3391 180 0 0 0 -15.0888 2.57195 18.0764 15.7872 -0.0464392 4.0789 0 0 0 -7.78456 -3.63043 -15.1212 10.7623 -0.402199 9.79925 0 0 0 
-0.304257 0.971243 -1.32772 -50.146 -84.6085 48.6522 0.991858 0.0445287 -2.84907 0 0 0 -25.9305 -12.3514 -0.00946087 -180 49.5752 -180 2.62396e-14 -1.70755e-06 -1.76091e-06 -106.679 -2.46855 61.8996 180 -51.315 -180 0 0 0 -14.5544 3.71791 22.5067 16.1047 -0.0215504 1.3409 1.59028e-15 2.13443e-07 8.53774e-07 -10.9141 -4.29346 -10.7915 14.1714 -0.308434 7.17841 0 0 0 
-0.312289 0.973029 -1.32621 -61.2088 -85.7566 59.1339 0.489426 1.8006 -3.95328 0 0 0 -10.407 -4.5444 9.30994 -180 53.9661 -180 0 0 0 -101.474 -3.0482 64.1042 -180 -52.2255 -180 0 0 0 -16.4495 4.31179 22.9512 17.0271 -0.000728562 1.71085 0 0 0 -11.2509 -3.67246 -8.88925 13.4091 -0.178051 6.34135 0 0 0 
-0.323363 0.973688 -1.32048 -30.1469 -82.7317 26.7394 0.769808 -0.392183 -3.73165 0 0 0 1.63987 -10.0917 23.6486 -180 54.2138 -180 0 0 0 -101.389 -1.47877 68.055 -180 -52.7116 180 0 0 0 -14.6906 4.9325 27.9098 17.1628 0.0424373 -1.45765 1.59028e-15 2.13443e-07 8.53774e-07 -12.6626 -2.75543 -4.46437 13.577 -0.0320208 2.9291 0 0 0 
-0.323363 0.974606 -1.3182 -31.4769 -83.4943 28.71 -0.244914 -0.567755 -4.67681 0 0 0 43.7922 50.3624 34.0384 -7.92483e-06 56.8572 -4.77548e-06 0 0 0 -101.337 -5.51536 70.4269 180 -59.6356 -180 0 0 0 -15.7971 4.65873 26.4828 17.4582 0.00750499 -0.266958 0 0 0 -13.3501 -2.80833 -4.53485 13.76 -0.0248242 2.07817 0 0 0 
-0.323363 0.979907 -1.3182 -37.3446 -83.6101 34.5863 -0.358098 -0.524424 -2.31197 0 0 0 74.5788 53.5575 44.617 2.44857e-07 44.3115 2.86523e-06 0 0 0 -98.718 -7.71623 71.2882 180 -59.8231 -180 0 0 0 -15.6789 4.16051 25.4055 17.3142 -0.0424014 1.17511 0 0 0 -12.7611 -2.60362 -4.18344 13.6057 -0.0384641 1.5485 -4.26887e-07 0 0 
-0.322909 0.979907 -1.3182 -64.0381 -85.8637 61.145 -0.221261 -0.240124 -1.75744 0 0 0 85.3853 49.3537 47.1231 7.17951e-06 45.1877 -1.6361e-06 0 0 0 -94.3015 -7.33041 69.2012 -180 -58.2203 -180 4.26887e-07 3.41509e-06 1.27222e-14 -17.6382 3.95379 22.5571 17.4491 -0.0510083 4.34169 0 0 0 -12.6624 -2.54888 -4.3509 13.3413 -0.0360184 1.45166 0 0 0 
-0.322755 0.979907 -1.32161 -84.6324 -85.4303 81.7427 0.394695 -0.351313 -1.58809 0 0 0 88.3691 45.8887 46.3419 -3.71095e-06 47.7464 -1.47135e-05 0 0 0 -93.2298 -3.11784 65.4816 180 -59.4883 -180 0 0 0 -18.0968 3.62446 21.5538 18.7499 -0.0846126 5.47967 0 0 0 -11.1788 -2.35299 -4.43134 12.6717 -0.0349601 1.4847 0 0 0 
-0.318807 0.983666 -1.33551 -93.1158 -84.1514 90.6185 -0.673381 -1.00863 -1.0536 0 0 0 94.7458 36.0615 42.2629 8.00377e-06 54.5151 1.18069e-05 0 0 0 -87.5559 -1.81778 63.9854 180 -56.3197 -180 0 0 0 -14.7558 2.5905 20.2864 16.3472 -0.243064 6.38042 0 0 0 -7.36531 -1.54148 -4.89275 10.1922 -0.0649054 1.2133 0 0 0 
-0.318255 0.982218 -1.34156 -115.228 -82.2131 112.334 1.72482 -0.687022 -0.398483 0 0 0 87.984 25.9297 39.9134 -6.01948e-06 66.9675 -9.10004e-06 0 0 3.41509e-06 -83.3986 2.04054 60.7343 -180 -53.7669 180 0 0 0 -14.2897 3.03469 19.8699 17.077 -0.0782033 5.13104 0 0 0 -4.84033 -1.15967 -3.16013 9.24463 0.067409 -1.73259 0 0 0 
-0.313352 0.982218 -1.34383 -139.849 -80.5078 137.9 0.935138 1.94481 -1.36135 0 0 0 80.7782 12.9836 37.5271 6.27254e-05 82.1985 6.15152e-05 8.53774e-07 -2.54444e-14 3.41509e-06 -81.9955 6.15557 58.6542 180 -51.7094 -180 0 0 0 -16.3165 2.31245 16.1742 16.0751 0.183781 10.0196 0 0 0 -4.75129 -1.34415 -4.33234 9.88801 0.078712 -1.22776 0 0 0 
-0.309022 0.983666 -1.34532 -149.85 -80.5982 147.305 0.909192 0.499652 -1.20266 0 0 0 71.9902 1.97372 38.2389 -180 83.7679 -180 0 0 0 -82.2071 7.26711 57.3199 180 -49.9065 -180 0 0 0 -16.4973 2.5017 15.8617 14.3031 0.358016 9.90822 0 0 0 -5.84723 -1.27214 -4.03107 9.69093 0.0568804 -0.929223 0 0 0 
-0.303113 0.983666 -1.35058 -159.454 -80.2089 155.796 0.472472 -1.41983 0.250339 0 0 0 64.9251 -3.63866 40.2226 180 74.5383 180 0 0 0 -81.4433 7.85806 54.6935 180 -48.8623 -180 0 0 0 -18.1686 2.10171 16.4522 16.717 -0.018135 8.87144 0 0 0 -7.0643 -1.17132 -2.93279 9.79458 0.0789138 -1.22575 0 0 0 
-0.296754 0.985435 -1.35598 -161.283 -78.9177 158.905 0.825494 0.0287868 -2.0005 0 0 0 59.8788 -10.5908 40.0612 -180 66.6609 -180 0 0 0 -80.773 8.51546 57.5035 180 -48.9856 -180 0 0 0 -17.073 1.67155 13.5168 14.7544 0.323005 10.4929 0 0 0 -6.32412 -1.34408 -5.32242 9.18414 -0.0169093 0.350127 0 -3.41509e-06 0 
-0.285891 0.985435 -1.36975 -170.773 -74.6917 168.442 0.692045 0.629903 -0.28487 0 0 0 59.0725 -6.49844 41.3717 -180 67.698 -180 0 0 0 -79.0121 7.88058 53.7366 -180 -46.5429 180 8.53774e-07 3.41509e-06 2.54444e-14 -17.7837 1.13525 9.64401 10.5581 1.43384 15.3217 0 0 0 -5.14817 -0.937609 -6.33154 7.50686 -0.0746282 1.20279 0 0 0 
-0.272802 0.985435 -1.37738 -176.92 -71.0094 174.065 -1.40089 0.617809 -1.05329 0 0 0 54.9505 -3.43908 41.8648 -180 65.7342 -180 0 0 0 -78.8067 7.30024 53.1102 180 -48.0734 -180 0 0 0 -12.2429 1.98211 4.60587 -1.69089 5.87664 25.4324 0 0 0 -6.16574 -1.35564 -6.54637 8.93373 -0.14071 2.33277 0 0 0 
-0.270063 0.985376 -1.38514 -174.617 -70.0909 170.085 2.11408 -0.12337 -0.411857 0 0 0 46.5403 -0.680148 42.7239 -180 61.7016 180 0 0 0 -81.5978 5.48811 56.3914 180 -49.945 180 0 0 -3.41509e-06 -7.69336 4.24717 4.57754 -5.74995 9.25485 31.0771 0 0 0 -5.0096 -1.4778 -4.8291 9.40103 -0.0634615 2.36382 0 0 0 
-0.264903 0.984533 -1.38524 176.837 -69.6979 177.596 0.555001 -0.0719593 -0.606477 0 0 0 40.7304 -2.7939 42.8208 -180 56.9754 180 0 0 0 -81.7818 3.93863 57.2231 -180 -54.1254 -180 0 0 0 -8.4177 6.15506 3.59948 -7.69137 11.5387 35.0967 0 -4.26887e-07 0 -8.0871 -1.94389 -5.22961 10.5273 -0.0754229 4.1454 0 0 0 
-0.249814 0.984533 -1.39682 171.959 -65.0844 -178.527 0.425583 0.609193 -1.25353 0 0 0 36.9422 0.106803 45.0312 180 56.2796 -180 0 0 0 -85.8925 2.15054 52.5858 180 -57.5598 180 0 0 0 -8.15068 9.22352 0.557452 -10.2879 14.1986 39.552 0 -4.26887e-07 0 -10.6159 -2.74328 -5.91228 12.5886 -0.213854 6.48205 -4.26887e-07 3.97569e-16 1.06722e-07 
-0.240874 0.984533 -1.40468 166.857 -63.3539 -174.345 -1.08688 -2.27701 1.56931 0 0 0 34.7733 4.21732 46.1012 -180 54.2183 -180 0 0 0 -85.0382 -3.22685 53.577 180 -57.1493 -180 0 0 0 -8.53814 11.231 -0.0601865 -11.522 14.8245 42.0185 0 0 0 -12.0375 -2.39086 -5.47961 11.9133 -0.274256 6.56294 0 0 0 
-0.23166 0.984205 -1.41285 169.428 -61.4625 -175.845 0.716358 -1.08672 -0.226065 4.26887e-07 0 0 31.0581 1.70449 47.259 -180 52.0203 -180 0 -4.26887e-07 0 -87.8342 -3.80207 54.9789 180 -56.5367 180 0 0 1.70755e-06 -4.62033 14.1931 -3.89305 -12.8142 14.8897 45.9848 0 0 0 -9.89874 -2.61541 -8.37551 11.2713 -0.468573 8.30336 1.27222e-14 -3.4151e-06 -4.26887e-07 
-0.218324 0.984205 -1.42564 171.026 -56.5643 -175.555 0.32864 -1.4809 -1.86161 0 0 0 32.9311 9.39314 49.2679 -180 53.8736 -180 0 0 0 -87.823 -5.45919 54.0699 180 -58.2767 -180 0 0 0 -3.26279 16.0713 -7.13353 -14.3908 15.9357 45.9502 1.70755e-06 0 0 -6.24808 -2.0255 -9.67247 9.13012 -0.503959 8.73884 0 0 0 
-0.21828 0.987706 -1.42863 171.371 -54.6531 -176.349 1.38353 -0.0437716 -0.107497 0 0 0 33.2021 5.68952 51.9004 -180 53.3553 -180 0 0 0 -94.5525 -10.933 55.728 -180 -59.8371 180 0 0 0 -2.02321 16.0741 -7.10563 -15.7559 15.3303 44.5758 0 0 0 -4.78265 -1.61441 -9.32938 8.64471 -0.80955 9.45055 0 0 0 
-0.216145 0.98778 -1.42993 167.536 -51.5901 -175.796 -0.890333 -4.20749 1.78398 0 0 0 35.8898 14.3391 56.5975 180 59.3041 180 0 0 0 -89.5453 -10.232 48.1614 -180 -53.9049 180 0 0 0 -3.00108 15.385 -4.6799 -16.9805 15.4773 41.8348 0 0 0 -3.48235 -0.804694 -8.96798 5.03249 -0.819468 12.2608 0 0 0 
-0.215968 0.98867 -1.43361 164.843 -49.0167 -173.38 0.249388 -4.94162 -0.638549 0 0 0 33.3638 14.4522 61.5476 180 59.6391 180 0 0 0 -90.5809 -8.48771 46.7797 180 -53.0018 -180 0 0 0 -4.95135 13.1808 -4.96262 -17.7031 14.6777 37.8915 0 0 -8.53774e-07 -5.21537 -1.20489 -8.35724 7.44546 -1.10679 11.3468 0 -2.66804e-08 0 
-0.215767 0.98867 -1.43474 163.334 -45.8612 -173.985 0.852444 -6.0989 0.475597 0 0 0 33.9008 20.0292 65.2322 -180 63.5807 180 0 0 0 -91.0554 -9.29467 43.2088 -180 -50.5028 180 0 0 0 -6.18497 10.8608 -3.35583 -18.5652 12.4266 33.4146 -2.54444e-14 -3.41509e-06 8.53774e-07 -8.25781 -1.7331 -6.21756 10.4478 -1.67105 11.3665 0 0 0 
-0.215767 0.98778 -1.43474 163.517 -44.224 -174.135 0.72982 -6.64016 0.545014 0 0 0 35.898 21.3597 68.7645 180 65.8981 -180 0 0 0 -89.9182 -17.0125 40.3349 180 -52.8823 -180 0 0 0 -7.20157 7.76584 -3.12923 -17.0688 9.83677 29.3568 0 3.41509e-06 0 -6.58053 -1.12833 -5.62593 8.57432 -1.84544 11.6751 0 0 -4.26887e-07 
-0.210778 0.981316 -1.43361 164.631 -44.0172 -173.748 1.66877 -12.8691 -0.616129 0 0 0 40.6207 29.0057 76.0232 -180 69.928 180 0 0 0 -84.421 -17.557 33.8556 -180 -48.8374 180 -4.26887e-07 -1.70755e-06 -1.70755e-06 -8.01135 4.82316 -3.79079 -13.7213 6.40987 26.1591 0 0 0 -4.99699 -0.820329 -6.07308 8.7357 -2.54873 11.5539 0 0 0 
-0.210778 0.969045 -1.41683 164.507 -46.5313 -173.155 -1.75913 -32.2639 5.04304 0 0 0 49.8052 51.0346 86.514 -180 70.7755 -180 0 0 0 -75.6176 -17.6833 19.2805 -180 -46.4615 -180 0 0 0 -9.79769 2.43428 -3.14378 -8.63718 1.71785 23.7813 0 0 0 -4.63482 -0.0988168 -7.25762 8.8013 -4.36631 12.71 0 0 0 
-0.210778 0.958846 -1.41447 164.498 -48.9688 -171.892 -1.03405 -35.0881 3.3211 0 0 0 56.5045 50.8816 94.2809 -180 74.7756 -180 0 0 0 -77.1894 -16.5548 18.0144 -180 -44.6182 180 0 0 0 -11.8786 0.700617 -2.95155 -2.38988 -1.67207 21.1741 0 0 0 -2.86587 2.09555 -11.8933 4.66918 -7.3505 19.4105 0 0 0 
-0.213979 0.952648 -1.41447 168.483 -57.2632 -175.148 2.08337 -43.7965 3.96475 0 0 0 64.0776 51.7445 102.871 180 79.5777 180 -1.70755e-06 8.53774e-07 4.26887e-07 -77.5509 -16.6556 15.4456 -180 -43.3446 180 0 0 0 -11.2362 -1.19913 0.0627557 5.53961 -4.68997 17.6073 0 0 0 -3.07545 1.46435 -13.8844 8.84127 -10.3049 21.0752 0 0 0 
-0.225775 0.952648 -1.41518 175.382 -59.7773 -176.182 1.2847 -34.5792 1.93265 0 0 0 62.79 40.2985 93.7183 180 81.4053 180 0 0 0 -84.601 -21.4299 29.3144 -180 -46.6582 -180 0 0 0 -10.0084 -1.99065 -2.54096 12.3967 -4.80146 13.3787 0 0 0 -0.455864 2.68898 -19.25 9.97743 -10.4072 20.6952 0 0 0 
-0.253552 0.952648 -1.41289 176.837 -64.4825 -177.954 -0.821498 -21.0225 -1.5524 0 0 0 59.2692 18.87 82.6595 180 82.8667 180 0 0 0 -101.094 -23.1216 47.5599 180 -66.7942 180 0 0 0 -11.8673 -3.79821 0.911466 18.5106 -4.03573 8.70989 0 0 0 -0.968027 2.65286 -18.636 11.0768 -9.90035 18.5798 0 0 0 
-0.278654 0.95407 -1.41289 -166.75 -69.8965 164.515 0.31559 -11.6769 -1.37807 0 0 0 62.2284 1.6948 74.1773 -180 84.029 -180 0 0 0 -114.703 -15.8827 48.2235 180 -70.5632 -180 0 0 0 -8.85091 -5.80583 6.74581 23.465 -1.90961 3.58489 0 -3.41509e-06 0 7.14345 4.42788 -14.1606 4.97907 -5.74996 12.2019 0 0 0 
-0.298161 0.95407 -1.41289 -138.116 -72.6499 137.279 0.916611 -2.50517 -1.05618 0 0 0 71.3804 -11.3117 62.2835 -180 84.6762 -180 0 0 0 -119.991 -11.8402 55.0698 180 -42.3941 -180 0 0 0 -4.11834 -7.95392 10.2484 27.1833 1.13183 -1.79638 0 0 0 13.0018 5.0321 -14.098 4.99243 -2.98487 6.0634 0 0 0 
-0.309934 0.96229 -1.38145 -116.902 -77.2864 117.134 -0.00887372 4.7801 -0.32412 0 0 0 75.6429 -16.2339 49.9021 -180 84.8866 -180 0 0 0 -126.869 -9.04877 49.9428 180 -32.4265 -180 0 0 0 -5.42747 -8.86794 13.3269 28.4561 4.49765 -7.41781 0 0 0 13.3204 5.84977 -16.0756 -1.80997 -1.82231 5.54712 -4.26887e-07 1.59028e-15 4.26887e-07 
-0.322468 0.970848 -1.37038 -85.6373 -78.6082 86.7679 -0.866411 3.27893 -1.27693 0 0 0 80.0844 -16.3653 46.2017 -180 88.4333 -180 0 0 0 -127.75 -5.20313 49.5306 180 -35.4638 -180 3.4151e-06 2.54444e-14 -8.53774e-07 -5.00529 -8.58265 16.3692 27.214 6.999 -13.3666 0 0 0 9.37341 3.81327 -17.8358 0.984411 -1.00646 4.23341 0 0 0 
-0.332681 0.977985 -1.36184 -59.2863 -76.7885 59.6771 1.48163 -0.27744 -1.2234 4.26887e-07 2.66804e-08 4.26887e-07 80.0718 -14.0279 45.4438 3.63973e-05 86.9186 3.09619e-05 0 0 0 -132.311 -3.26804 47.9001 180 -38.6338 -180 0 0 0 -3.70919 -6.91183 20.9054 23.9935 7.7513 -19.837 -4.26887e-07 1.59028e-15 4.26887e-07 6.31791 1.09362 -19.4262 3.93372 -1.25132 8.67384 0 0 0 
-0.342075 0.985718 -1.33665 -31.6837 -76.7395 33.0177 -1.11527 -0.1373 -5.02654 0 0 0 80.4975 -16.8382 42.5401 4.83557e-06 84.3445 -4.83557e-06 0 0 0 -124.451 -3.97064 55.9765 -180 -46.1479 180 3.41509e-06 1.70755e-06 1.70755e-06 -14.1695 -6.84282 23.0472 28.9736 6.35546 -20.3267 0 0 0 -2.50025 -1.83779 -20.243 8.03947 -0.815545 8.97852 0 0 0 
-0.370451 0.986098 -1.32816 -21.8008 -73.4251 18.6997 -3.27205 -0.462408 -3.07485 0 0 0 85.4821 -18.1287 39.374 -2.88953e-05 80.4122 -2.88953e-05 0 0 0 -125.351 -5.50174 65.5561 180 -51.549 180 0 0 0 -11.591 -3.67708 34.2526 22.6266 7.00782 -26.4865 0 0 0 -7.95722 -3.05414 -11.1218 12.3783 -0.467687 5.9195 0 0 0 
-0.376916 0.988187 -1.31885 -24.1533 -73.6609 19.4285 0.375993 0.207708 -0.466814 0 0 0 82.2791 -11.8521 40.8393 -1.10592e-05 76.2182 -1.40997e-05 0 0 0 -126.729 -11.3703 74.9016 180 -60.061 180 0 0 0 -9.52131 -0.285601 36.3639 18.931 4.4017 -24.0192 0 0 0 -8.21191 -2.68193 -7.60605 12.5085 -0.271388 4.3138 0 0 0 
-0.392155 0.990567 -1.31828 -28.1448 -75.9832 22.06 0.730563 2.53569 -2.29118 0 0 0 83.5806 -9.91118 42.3344 -2.16546e-05 71.316 -1.55363e-05 0 0 0 -124.319 -10.0322 75.2099 180 -62.4839 -180 0 0 0 -9.5365 2.68007 35.833 14.3146 1.55172 -17.4891 0 0 0 -7.87484 -2.03151 -4.487 12.5938 -0.234671 2.5533 0 0 0 
-0.393242 0.992841 -1.3146 -35.1877 -78.2874 29.0426 0.646518 3.9876 -2.52346 0 0 0 84.1621 -6.20889 44.6327 2.39833e-05 68.4581 1.85999e-06 0 0 0 -119.552 -11.8223 74.2542 -180 -65.3579 180 0 0 0 -9.44376 3.71371 32.1559 13.2528 0.439347 -7.76657 0 0 0 -7.30969 -1.75768 -3.47787 12.0287 -0.174239 2.07818 0 0 0 
-0.394435 0.993315 -1.3146 -40.2096 -78.5935 34.6557 1.61246 1.15678 -1.02349 0 0 0 84.8968 -1.39929 47.5301 -5.05368e-07 65.6582 -2.35814e-06 0 0 0 -116.432 -10.7564 69.8161 -180 -66.4245 180 0 0 0 -9.19881 3.21937 26.413 12.0043 -0.104558 2.69176 0 0 0 -6.99801 -1.97573 -3.77667 12.7614 -0.251003 2.60619 0 0 0 
-0.393242 0.992841 -1.31521 -40.9913 -78.3646 36.2721 1.17295 -0.240225 -1.87408 0 0 0 85.7043 -1.23076 48.037 2.38601e-06 66.1437 5.3491e-07 0 0 0 -114.65 -10.072 68.7714 -180 -68.028 180 0 2.66804e-08 0 -8.37344 2.20352 22.4168 11.0657 -0.338096 9.49494 0 0 0 -5.86817 -1.50002 -3.93745 10.7653 -0.0987395 1.37514 0 0 0 
-0.393525 0.992841 -1.31574 -45.1583 -79.8033 41.756 0.744394 -0.226578 -2.01679 4.26887e-07 0 0 85.9967 0.371725 49.4928 -1.18827e-05 66.4192 -8.79909e-06 0 0 0 -106.454 -9.75509 68.0217 -180 -64.1445 180 0 0 0 -8.96176 1.76811 20.3807 11.291 -0.412563 9.95165 0 0 0 -6.37026 -1.93536 -5.66285 11.8922 -0.162173 1.76859 0 0 0 
-0.393525 0.992841 -1.31574 -70.469 -82.6344 66.8827 0.863848 2.17158 -1.49334 0 0 0 85.778 -0.670767 47.943 -2.50504e-06 67.5848 -6.81317e-06 0 0 0 -101.297 -7.5459 66.4773 180 -58.2909 -180 0 0 0 -10.6244 1.50416 17.4259 11.3202 -0.256947 13.0734 0 0 0 -4.3597 -1.20454 -6.17904 8.90462 -0.190678 2.44146 -6.4033e-07 3.42843e-06 -1.91579e-14 
-0.392693 0.992884 -1.32479 -96.7119 -81.9237 93.1459 1.1801 0.0121584 -1.02589 0 0 0 85.7801 -1.81923 50.0618 -2.31536e-05 69.845 -1.82482e-05 0 0 0 -98.1611 -4.96024 63.4246 -180 -55.8474 180 0 0 0 -9.80027 1.53495 16.8437 11.3516 -0.195797 11.6633 0 0 0 -1.50482 -0.773521 -5.9121 7.52969 -0.183537 2.08289 0 0 0 
-0.39258 0.992884 -1.3249 -113.72 -82.3027 110.048 0.687863 -1.39149 -1.03632 0 0 0 84.1682 -4.28115 46.9302 -2.24142e-05 71.3998 -2.24142e-05 0 0 0 -91.4438 -2.95189 61.0207 180 -54.1155 -180 0 0 0 -13.5423 1.47589 17.2367 15.4556 -0.450119 10.1671 0 0 0 -1.94663 -0.648251 -5.47157 7.25525 -0.0338174 0.364801 0 0 0 
-0.385944 0.992884 -1.32848 -142.945 -78.8944 140.058 0.813374 0.712089 -2.10334 0 0 4.26887e-07 79.9601 -6.79811 50.0012 -3.85529e-05 78.8662 -3.61266e-05 0 0 0 -85.4964 1.2323 61.2024 180 -52.87 -180 0 0 0 -15.1488 1.33489 14.488 14.8558 -0.118723 9.9925 0 0 0 -1.12008 -0.55514 -6.1098 7.37394 -0.053505 0.460168 0 0 0 
-0.385738 0.992884 -1.32901 -151.294 -79.1109 146.744 0.321154 -1.03121 -0.0887285 0 0 0 75.6365 -8.50455 47.1208 -1.06696e-05 84.0368 -6.74017e-06 0 0 0 -82.627 2.13701 59.0218 -180 -51.4164 180 0 0 0 -14.4333 2.17223 15.8724 10.2291 0.472312 12.0307 0 0 0 -2.7814 -0.600712 -2.83768 7.78203 0.212254 -1.80724 1.28216e-14 -3.44178e-06 -4.26887e-07 
-0.380704 0.98784 -1.33097 -156.543 -77.2373 153.099 1.03825 -1.09291 -0.955905 0 0 0 72.7469 -7.82011 48.806 -180 85.4672 -180 0 0 0 -82.7755 3.3369 58.7016 180 -52.0538 -180 0 0 0 -12.8865 2.63885 13.326 3.78162 2.61823 16.4148 0 0 0 -2.2845 -0.690881 -3.99564 7.60157 0.204075 -2.20918 0 0 0 
-0.372802 0.985756 -1.33912 -164.949 -72.0946 162.168 0.469123 1.99184 -1.03921 0 0 0 71.8082 -6.68592 48.4521 -180 81.1481 -180 -5.08889e-14 -1.70755e-06 3.41509e-06 -79.9722 3.69359 57.5687 180 -51.5254 -180 0 0 0 -11.4953 2.95944 9.30478 -3.72479 5.38328 19.3097 0 0 0 -2.42407 -0.95473 -5.12646 8.9824 0.161769 -1.45517 0 0 0 
-0.362645 0.981676 -1.34017 -168.941 -71.1777 168.297 1.56205 2.70709 -1.85503 0 0 0 67.796 -6.66696 46.2504 180 75.1247 180 0 0 0 -82.0485 2.55222 59.8076 180 -52.4185 -180 0 0 0 -10.6536 3.83879 7.12197 -8.46566 7.53597 19.7159 0 0 0 -4.07016 -1.79153 -7.21088 10.9677 0.165354 -1.78891 0 0 0 
-0.359319 0.979275 -1.34343 -179.12 -69.8462 173.815 0.686174 0.828765 -1.17477 0 0 0 64.7789 -5.11105 48.3134 -180 74.2022 -180 0 0 0 -82.7475 4.25921 57.7405 180 -52.0515 -180 0 0 0 -11.7801 5.79844 11.2727 -12.868 8.7004 19.2361 0 0 0 -7.07945 -1.52899 -3.44765 11.4601 0.130726 -1.32696 0 0 0 
-0.347052 0.979275 -1.35015 177.709 -70.6011 176.984 -0.113642 -2.62698 0.438522 0 0 0 64.0767 -0.4206 47.4049 180 71.6965 180 0 0 0 -85.6103 0.228107 57.1558 -180 -53.9214 -180 0 0 0 -11.1372 6.815 12.3407 -15.4215 9.387 18.6628 0 0 0 -7.77915 -1.67108 -4.91177 11.0991 0.0118394 -0.153766 0 0 0 
-0.341683 0.976013 -1.35256 177.529 -67.6091 178.471 1.10234 0.118932 -2.14807 0 0 0 61.1536 -1.66794 45.9547 -180 67.1115 -180 0 0 0 -87.8242 0.918117 61.4136 180 -55.0789 -180 8.53774e-07 1.70755e-06 1.27222e-14 -10.3444 8.05181 11.4973 -18.2982 10.3391 16.9193 0 0 0 -7.69947 -2.29568 -6.79388 11.4993 -0.0327198 0.854146 0 0 0 
-0.327616 0.976013 -1.36871 174.986 -64.2245 179.122 0.773473 0.63304 -0.941205 6.38596e-15 -3.42843e-06 -2.13443e-07 62.2732 3.33851 46.4013 -180 68.3718 -180 0 0 0 -88.7326 -2.24682 59.6481 180 -55.7389 -180 0 0 0 -9.00816 9.76155 14.0593 -22.5937 9.96282 14.4231 1.98785e-16 1.06722e-07 2.13443e-07 -7.96319 -2.17814 -5.19037 12.1453 -0.124344 2.31184 0 0 0 
-0.313431 0.97831 -1.37979 173.669 -59.8454 -179.167 0.487432 0.677947 -0.4302 0 0 0 63.6793 10.3534 47.7325 -180 69.5364 -180 0 0 0 -91.9741 -6.45675 57.8226 180 -57.9435 -180 0 0 0 -9.50556 10.6727 13.1018 -25.2575 9.26235 11.834 0 0 0 -7.46208 -2.20738 -6.15991 11.6742 -0.11563 2.36586 0 0 0 
-0.307593 0.97831 -1.38215 169.65 -61.0407 -175.509 0.436408 0.707515 -1.17016 0 0 0 61.6552 10.6352 45.147 -180 68.1602 180 0 0 0 -95.9474 -9.76364 60.0445 -180 -59.6393 180 0 0 0 -10.4648 10.8715 15.4605 -25.8425 7.67872 9.62736 -5.08889e-14 -3.4151e-06 1.70755e-06 -9.35077 -2.38815 -6.11578 12.3519 -0.0526471 1.03059 0 0 0 
-0.292486 0.97831 -1.39108 169.843 -60.2213 -175.659 0.497195 -2.91371 -0.701566 0 0 0 64.018 19.8977 47.0348 -180 71.3867 -180 0 0 0 -94.6599 -11.6768 60.2167 180 -60.4371 180 -3.41509e-06 5.08889e-14 1.70755e-06 -10.3872 11.1722 17.2051 -26.1847 5.50589 6.54685 0 0 0 -8.47944 -2.21298 -6.08337 11.5341 -0.0378278 1.0646 0 0 0 
-0.287398 0.982354 -1.39317 168.263 -57.2315 -175.405 1.07613 -2.19995 -1.29958 0 0 0 64.424 25.6972 47.8056 -180 74.242 -180 0 0 0 -96.8933 -9.78333 60.0519 180 -61.7216 -180 0 0 0 -11.8407 12.1662 19.1526 -26.1315 2.80523 3.01567 0 0 0 -9.10406 -2.1903 -4.54502 12.0076 -0.00989705 0.591979 0 -2.66804e-08 0 
-0.267106 0.985089 -1.40128 166.794 -58.1074 -172.652 0.919761 -10.95 0.128388 0 0 0 73.7614 41.6678 55.9817 180 82.2931 180 0 0 0 -92.507 -10.6793 55.6961 180 -57.1064 -180 0 0 0 -11.6883 11.8834 19.7738 -25.8006 0.661303 0.725286 0 0 0 -8.62427 -2.23166 -6.42685 10.8349 -0.00713865 0.925423 0 0 0 
-0.260618 0.985089 -1.40281 164.527 -56.7472 -172.291 0.465335 -13.2847 0.42434 0 0 0 83.4419 50.3467 65.1119 180 89.0658 180 0 0 0 -92.5769 -10.1824 54.7895 -180 -58.6891 -180 0 0 0 -12.1882 12.5879 22.6173 -25.2449 -2.0375 -2.20782 0 0 0 -9.55961 -2.30858 -5.51079 11.6366 -0.0332601 2.51211 0 0 0 
-0.259784 0.988752 -1.40289 164.171 -56.8024 -171.912 0.585267 -13.9351 0.370479 0 0 0 90.6518 57.0683 70.575 -1.81434e-05 86.5327 -2.17674e-05 0 0 0 -93.2736 -10.1644 54.8996 180 -58.861 -180 -3.41509e-06 0 0 -11.5194 12.3916 23.7548 -24.4768 -3.62526 -4.08239 0 0 0 -10.0971 -2.6523 -5.80088 12.5304 -0.0577299 3.23359 0 0 0 
-0.25899 0.988752 -1.40319 159.801 -54.8676 -168.131 0.735491 -13.4303 0.352091 0 0 0 103.862 65.2063 84.7909 -9.29261e-06 79.9953 -9.74712e-06 0 0 0 -93.9354 -10.4887 53.8443 180 -56.8309 -180 0 0 0 -14.5473 12.0158 23.378 -23.0405 -5.11493 -5.93814 0 0 0 -12.0833 -2.74131 -6.93055 11.8407 -0.0663863 5.09329 0 0 0 
-0.25899 0.985516 -1.40637 157.993 -51.4555 -167.404 1.29287 -12.526 -0.340011 0 0 0 130.278 67.6172 112.251 -2.16272e-05 72.2383 -2.96374e-05 2.56132e-06 4.26887e-07 2.13443e-06 -95.1319 -10.3386 54.3737 180 -57.1687 -180 0 0 0 -17.6965 10.9568 22.417 -20.8759 -6.34797 -8.02207 0 0 0 -14.8648 -4.6911 -9.75977 15.3636 -0.930468 11.8449 0 0 0 
-0.258453 0.988752 -1.41379 160.078 -47.0494 -169.658 1.27512 -9.10337 -0.471273 -8.53774e-07 -2.66804e-08 2.13443e-07 152.072 65.1797 132.281 -1.21473e-06 65.9733 -4.22371e-06 0 0 0 -93.286 -9.98255 55.5101 180 -55.7596 -180 -8.53774e-07 -1.70755e-06 1.27222e-14 -18.7613 10.8226 20.7187 -17.9098 -8.18839 -10.3679 0 0 0 -13.0974 -6.00552 -12.0605 16.2237 -1.48398 16.3034 0 0 0 
-0.258189 0.989478 -1.42165 160.032 -40.4011 -170.722 0.319614 -3.56454 -1.02148 0 0 0 165.213 60.6543 144.314 4.34315e-07 60.379 7.46543e-07 0 0 0 -93.5426 -8.99632 54.6727 180 -55.9106 -180 0 0 0 -22.5274 9.14708 16.5548 -14.6202 -8.25216 -11.0114 0 0 0 -11.9493 -4.66742 -11.7309 13.6664 -1.42037 16.658 -1.70755e-06 0 0 
-0.255907 0.992408 -1.42165 161.31 -31.2518 -171.438 0.120075 2.12744 0.211805 0 0 0 177.338 54.7165 156.38 -3.32613e-06 56.9246 -5.68774e-06 0 -3.41509e-06 0 -91.5867 -10.591 53.3718 -180 -54.577 180 2.56132e-06 1.90833e-14 -8.53774e-07 -24.992 5.81278 8.66317 -11.9112 -7.41165 -10.1198 0 0 0 -8.01699 -3.37635 -12.9079 10.8253 -1.41915 16.4629 1.27222e-14 -1.70755e-06 -8.53774e-07 
-0.24791 0.992408 -1.42165 164.843 -23.1391 -171.972 2.4307 -0.182218 1.07249 0 -5.33609e-08 0 -176.048 42.8057 163.529 -3.2486e-06 56.0117 -6.56279e-06 0 0 0 -86.9287 -8.15 43.5357 180 -50.7437 180 0 0 0 -21.747 1.15173 -1.19392 -11.7439 -4.68186 -6.65043 0 0 0 -2.7029 -2.58178 -13.6986 10.1031 -1.41274 13.511 0 0 0 
-0.243194 0.992408 -1.41919 167.531 -12.0076 -171.758 3.30186 6.3247 0.61328 0 0 0 -172.537 35.7822 165.889 3.48874e-08 54.3506 1.93734e-06 0 0 0 -87.4334 -14.3295 42.6351 180 -53.3386 180 0 0 0 -14.3535 -2.2414 -12.8188 -14.8315 -2.16014 -3.20929 0 0 0 1.74377 -2.00439 -14.9782 7.67019 -1.23211 15.0916 0 0 0 
-0.243194 0.965323 -1.39928 169.55 1.01488 -169.835 -2.58605 0.115747 2.28727 0 0 0 -162.481 20.782 170.237 -1.40082e-05 59.3918 -1.48688e-05 0 0 0 -75.153 -19.924 22.8912 -180 -49.8371 180 0 0 0 -5.80967 3.36379 -23.0892 -20.1037 -0.0604096 -0.1637 0 0 0 9.23399 3.84424 -15.1849 -1.90446 -3.65545 17.5004 0 0 0 
-0.243194 0.928709 -1.39928 175.028 3.38101 -169.749 1.47527 3.02486 1.85122 0 0 0 -156.516 16.8286 173.005 -1.21547e-05 55.9303 -1.12865e-05 0 0 0 -63.3665 -30.098 15.0729 -180 -50.654 180 0 0 0 0.573651 11.5998 -30.5933 -24.5578 3.2113 12.6639 1.70755e-06 -1.27222e-14 8.53774e-07 17.1375 7.68796 -16.4471 -5.6631 -7.16257 23.0238 0 0 0 
-0.245945 0.925932 -1.39928 174.61 3.06907 -172.19 0.502996 2.7592 5.98894 0 0 0 -154.119 13.487 174.602 -7.98592e-06 53.9879 -8.85877e-06 0 0 0 -62.6913 -32.1635 14.7336 180 -51.1984 -180 4.26887e-07 -4.77083e-15 1.28066e-06 -1.81969 17.7787 -38.1675 -25.0568 7.90204 28.9467 0 0 0 20.3757 8.25743 -13.9624 -9.04619 -6.52411 22.2737 0 0 0 
-0.263464 0.925932 -1.40223 173.8 0.213095 -173.077 0.895429 -0.0263982 5.70495 0 0 0 -154.141 12.2707 173.501 -8.53628e-06 52.7581 -3.28055e-06 0 0 0 -74.4562 -30.3526 21.9844 -180 -49.7443 -180 0 0 0 -5.02754 17.435 -39.4829 -21.9494 9.58273 35.6991 0 0 0 20.0793 9.6275 -14.2481 -12.2255 -5.66699 23.5289 0 0 0 
-0.293044 0.928709 -1.40223 171.844 -25.4375 -173.278 1.17262 -13.2427 1.06758 -4.26887e-07 0 0 -150.225 22.6573 175.957 8.51681e-06 50.4187 1.17845e-06 0 0 0 -85.0616 -28.6212 29.2665 180 -51.7164 -180 0 0 0 -18.7703 -6.09202 -27.0154 -1.09647 9.7775 31.2084 0 0 -4.26887e-07 11.7954 5.78538 -22.0743 -1.70733 -5.93226 25.0012 0 0 0 
-0.382576 0.955226 -1.40223 154.649 -60.3312 -169.083 1.08037 -6.12894 -2.5031 0 0 0 -140.59 52.5783 -154.946 -6.03452e-06 40.343 -6.76467e-06 0 0 0 -131.837 -10.5044 53.6077 180 -56.1081 -180 0 0 0 -37.156 6.17164 13.905 17.9172 4.0031 12.8429 1.70755e-06 0 0 -12.6156 -5.03411 -8.3217 16.7544 -1.10074 12.2048 0 0 0 
-0.399788 0.968999 -1.40217 164.032 -74.9988 -178.954 1.26439 -6.03499 -2.06119 -8.53774e-07 -3.41509e-06 2.54444e-14 -121.114 62.8605 -137.781 2.41226e-06 40.4523 -4.5705e-06 0 0 0 -133.664 -1.46354 44.612 180 -40.1781 180 0 0 0 -22.2121 8.55381 26.5452 17.3689 0.689733 6.23408 0 0 0 -9.12934 -3.0047 -3.64486 15.3245 -0.689456 6.95024 0 0 0 
-0.40578 0.971405 -1.38211 174.247 -72.7397 173.73 0.0846263 3.1834 -0.861831 -4.26887e-07 -3.41509e-06 1.27222e-14 -103.816 61.6268 -123.04 -1.65898e-07 39.5952 -3.68934e-06 2.66804e-08 -3.41509e-06 -7.95139e-16 -137.567 -2.05016 40.7368 180 -24.5502 -180 0 0 0 -10.7563 5.90842 26.9958 -2.16864 0.872688 3.29005 0 0 0 -6.27713 -2.08301 -4.07582 12.9581 -0.452915 4.2246 8.53774e-07 6.36111e-15 -8.53774e-07 
-0.406966 0.974772 -1.37609 174.789 -75.6022 173.916 0.598743 2.5556 -1.85014 0 0 0 -103.949 64.8842 -125.576 -1.62769e-05 39.7688 -7.70294e-06 0 0 8.53774e-07 -142.293 -2.18019 42.1357 172.506 -16.254 -177.434 0 0 0 3.01988 5.60645 24.1751 -22.6942 6.65506 16.8055 0 0 0 -7.90735 -2.09248 -4.75233 12.8883 -0.400746 3.57997 0 0 0 
-0.434301 0.984437 -1.37163 170.236 -68.3055 174.745 1.46709 7.1123 -0.753238 0 0 0 -117.843 70.8559 -143.713 2.75487e-06 41.8119 -3.51739e-06 0 0 0 -148.362 -0.38432 38.5576 172.202 -9.88117 -177.391 0 0 0 15.1547 17.2751 26.0423 -30.0557 15.7066 34.6287 0 0 0 -8.53126 -1.35911 -2.25132 10.3645 -1.09365 8.2404 0 0 0 
-0.457874 1.0185 -1.36856 170.102 -62.0848 176.885 3.25965 11.6326 -7.52543 0 0 0 -159.626 77.8854 169.186 -1.23053e-05 44.7503 -1.15287e-05 3.41509e-06 0 0 -150.551 1.76066 32.9875 170.289 -4.1511 -178.661 0 0 0 32.9033 39.6242 27.9591 -13.6195 18.6448 63.7439 0 0 0 -8.59948 -1.59944 -2.31396 10.4634 0.0862217 5.91697 0 0 0 
-0.473159 1.0185 -1.36487 165.033 -59.6386 178.346 -2.15546 13.2679 2.37387 0 0 0 -139.465 74.6981 -175.459 3.85952e-06 45.5489 3.4723e-06 0 0 0 -151.803 0.0451049 39.4219 173.836 -1.41877 -179.486 0 0 0 52.9576 53.3119 39.3298 -3.00751 5.93768 83.3064 -2.56132e-06 8.53774e-07 -1.90833e-14 -11.7257 -0.999608 1.27582 11.1699 -0.0982928 4.87161 -4.96962e-17 -2.66804e-08 2.13443e-07 
-0.480955 1.0185 -1.36281 167.389 -60.952 179.035 -0.542163 11.6776 -4.39371 0 0 0 177.227 78.4765 138.401 -1.52878e-06 48.839 -2.10059e-06 0 0 0 -156.316 0.529797 36.3114 174.433 -1.81154 -179.293 0 0 0 63.903 63.0053 39.3616 1.87115 -4.29279 95.0666 0 -1.70755e-06 0 -11.3517 -1.62377 -1.35908 11.7277 -0.168314 5.66342 0 0 0 
-0.489894 1.01411 -1.34932 169.369 -57.7829 178.122 0.425064 9.81144 -0.654061 0 0 0 167.098 75.2298 123.895 -6.62975e-06 56.9627 -7.96786e-06 0 0 0 -159.966 -4.91615 39.3086 176.97 -1.45264 -179.405 0 0 0 79.2189 68.8254 47.7383 4.32822 -10.0269 103.212 0 0 0 -10.6999 -1.55832 -1.72704 11.4636 -0.587805 6.53357 0 0 0 
-0.503075 1.01411 -1.34122 169.909 -57.0114 177.771 0.691753 12.9276 -0.937299 0 0 0 134.066 73.5782 91.1566 2.30942e-06 58.0078 1.52439e-06 0 0 0 -162.955 -4.89963 41.436 176.997 -3.55174 -178.492 0 0 0 86.691 71.4774 50.275 5.23515 -13.175 109.432 0 0 0 -12.1802 -1.96477 -1.87204 12.912 -0.649593 6.8441 0 0 0 
-0.52821 1.00968 -1.33806 169.739 -57.6444 177.622 0.96683 16.9981 -2.36125 0 0 0 100.696 69.9904 56.4617 -2.57894e-07 61.0568 -5.47964e-06 0 0 0 -166.519 -1.62813 42.3908 177.606 -5.73852 -177.499 0 0 0 87.4085 72.8712 47.535 5.57732 -14.8725 114.128 0 0 0 -13.6512 -2.40769 -1.7308 14.5415 -0.678487 6.73264 0 0 0 
-0.532377 1.00968 -1.32696 171.356 -57.3263 178.302 1.27729 21.083 -2.50171 0 0 0 74.3792 60.1854 34.4224 -3.98632e-06 67.2764 -2.90871e-06 0 0 0 -168.903 0.105296 46.1312 177.588 -7.31672 -176.749 0 0 0 90.9488 76.2085 47.8099 5.65626 -15.6412 117.148 0 0 0 -14.6428 -3.31699 -3.61676 16.0325 -0.705663 7.44465 -8.53774e-07 7.95139e-16 1.06722e-07 
-0.536103 1.00491 -1.32622 173.443 -56.8577 178.093 2.55389 15.213 -4.0029 0 0 0 79.0452 48.3097 37.5911 1.08502e-05 74.4479 1.14595e-05 0 0 0 -172.984 -3.52086 45.5656 -178.074 -7.52711 -176.615 0 0 0 91.894 78.3684 46.5779 6.42526 -15.535 118.179 0 0 0 -11.8619 -2.24153 -5.37123 12.5498 -0.795007 7.19868 0 0 0 
-0.551962 1.00391 -1.32449 171.2 -56.7847 177.846 -0.360144 19.569 3.73035 0 0 0 63.1058 39.5317 26.2378 8.07894e-07 82.0219 3.53118e-06 0 0 0 -172.898 -1.26202 53.4359 -178.084 -9.22457 -175.805 0 0 0 94.4985 76.6496 50.3205 6.34461 -15.3595 117.546 0 0 0 -13.6216 -1.95594 -2.82727 12.6143 -0.573528 6.02376 0 0 0 
-0.559075 1.00337 -1.32077 172.434 -56.4957 179.628 0.374369 18.7368 -2.76192 0 0 0 62.8618 19.6339 26.4875 -180 85.919 -180 0 0 0 -175.325 -3.06254 50.5173 -178.2 -10.7462 -175.072 0 0 0 102.532 79.5781 57.5219 6.31978 -15.1683 116.877 0 0 0 -13.3052 -2.38464 -4.90549 13.0816 -0.457767 5.35174 0 0 0 
-0.559075 1.00391 -1.32077 172.457 -58.3003 179.609 0.354197 16.1412 -2.57184 0 0 0 50.7926 13.1568 31.0904 -180 78.1635 -180 0 0 0 -176.495 -5.1891 51.6383 -178.662 -12.1966 -174.372 0 0 0 92.5459 79.7732 49.1429 6.35226 -14.2963 113.373 0 0 0 -15.0422 -2.94092 -3.96493 15.1329 -0.283646 3.90256 0 0 0 
-0.559075 1.00391 -1.31901 170.949 -58.8593 -178.626 1.50094 14.5312 -1.34184 0 0 0 44.9061 5.33804 36.2701 180 72.9456 180 0 0 0 -179.918 -7.479 53.8119 -178.925 -13.7029 -173.646 0 0 0 88.0931 78.7372 49.4848 5.5457 -11.6776 106.709 0 0 0 -16.1568 -3.1669 -3.94001 15.5236 -0.158171 3.25894 0 0 0 
-0.560006 1.00641 -1.31882 170.059 -61.1157 -177.634 1.40282 8.00246 -1.17634 0 0 0 39.1234 5.85608 42.4053 -180 66.8761 -180 0 0 0 179.776 -11.8656 54.2484 -178.97 -13.5981 -173.705 0 0 0 68.55 73.5059 37.9492 2.24334 -4.46867 95.3483 0 0 0 -17.069 -3.45148 -3.40121 15.9245 0.0417887 2.80571 0 -2.66804e-08 0 
-0.560942 1.00641 -1.31882 166.385 -64.0706 -174.816 -0.432118 3.89085 -0.0245071 0 0 0 37.2963 -0.674143 44.8903 180 61.6592 180 -8.53774e-07 4.26887e-07 -3.18055e-15 178.828 -14.8176 56.2903 179.93 -15.4999 -172.8 0 0 0 36.9888 51.8848 24.3891 -11.28 15.3111 70.2595 0 0 0 -19.3248 -3.45523 -2.29977 16.6289 0.0932642 2.45279 1.28216e-14 -3.44178e-06 -4.26887e-07 
-0.554078 1.00641 -1.32028 166.952 -62.3225 -174.29 0.527758 1.70143 -0.268345 0 0 0 36.838 -0.476957 48.5526 -180 59.2283 -180 -8.53774e-07 0 0 176.584 -20.4473 58.3649 178.9 -17.1729 -172.007 0 0 0 -1.61132 14.5016 20.6786 -31.9203 10.3128 12.7364 0 0 0 -20.644 -5.02729 -3.71966 18.9047 0.161523 4.4761 0 0 0 
-0.554078 1.00641 -1.32028 164.657 -61.9411 -171.791 0.746995 1.68911 -2.2396 0 0 0 32.7619 -3.33377 52.5102 180 57.5221 180 0 0 0 174.91 -22.9907 57.8999 177.394 -18.9995 -171.138 0 0 0 -28.9095 12.1734 22.3135 9.25261 -1.96236 -4.76768 0 0 0 -23.9667 -8.87496 -5.68336 23.8278 0.0490875 9.08961 0 0 0 
-0.536304 1.00067 -1.32719 163.538 -54.2195 -171.102 0.539254 1.61919 -0.357855 0 0 0 33.037 4.09645 53.9767 180 61.1157 180 0 -1.70755e-06 0 171.224 -33.4602 62.0533 174.965 -21.2947 -170.027 0 0 0 -36.5703 9.02218 17.6276 17.3744 -1.35945 -4.06349 0 0 0 -24.4893 -10.3 -8.83911 23.5261 -0.243041 13.4368 0 0 0 
-0.530962 0.997192 -1.32861 161.662 -53.8845 -170.567 0.518092 1.75002 0.26584 0 0 0 29.4976 -0.643105 53.826 180 57.5012 180 0 0 0 169.159 -35.9013 47.4958 180 -24.2205 -180 0 0 0 -43.2272 4.93168 15.0744 25.9886 0.838664 3.03601 0 0 0 -25.7039 -10.3843 -8.03706 23.5162 0.218167 13.7153 0 0 0 
-0.520161 0.995237 -1.33287 158.426 -55.985 -166.906 -0.720164 -0.294936 -0.00319777 0 0 0 25.6369 -2.39468 54.6027 180 51.7938 180 0 8.53774e-07 0 167.397 -38.183 46.3905 180 -26.8337 180 0 0 0 -44.7781 6.39662 17.9692 28.6289 -0.622087 -2.18675 0 0 0 -27.8781 -10.9503 -7.43412 24.3438 0.62221 12.271 0 0 0 
-0.517926 0.988944 -1.33417 153 -62.7854 -162.71 1.13821 -0.292937 -2.44158 0 0 0 22.5956 -14.3539 55.3763 -180 48.5943 -180 0 0 0 166.635 -39.4878 34.8876 180 -33.5015 180 0 0 0 -40.87 11.267 25.4913 29.0041 -2.28889 -9.06163 0 0 0 -31.2824 -10.9606 -3.35762 27.5012 0.469889 8.65044 0 0 0 
-0.509967 0.988742 -1.33797 146.892 -68.1693 -157.812 0.480372 -0.494801 -2.49606 0 0 0 22.5593 -22.5593 56.2555 -180 46.5448 -180 0 0 0 168.193 -40.1718 28.285 180 -38.7494 -180 0 0 0 -33.0754 15.8619 32.5553 23.7291 -4.08314 -15.239 0 0 0 -32.4988 -9.42083 0.150344 28.54 0.26324 4.1943 9.57894e-15 -3.42843e-06 -3.20165e-07 
-0.503332 0.988742 -1.33909 144.337 -69.4988 -156.553 0.356885 0.920583 -2.7471 0 0 0 21.3496 -26.3192 58.0554 -180 45.2497 -180 0 0 0 169.855 -42.0452 23.4345 180 -42.7838 -180 0 0 0 -29.6787 17.8421 35.6232 19.7817 -5.30015 -17.1956 0 0 0 -32.0772 -7.32675 1.49643 26.9086 0.229574 2.71165 0 0 0 
-0.475628 0.988944 -1.35053 146.757 -68.8043 -156.532 0.410237 1.12669 -3.97717 0 0 0 21.4666 -26.7723 60.0735 -180 44.2662 -180 0 0 0 169.688 -47.6325 22.9056 180 -47.3368 -180 4.26887e-07 0 0 -28.6645 14.8802 30.2988 16.3486 -4.63158 -14.5196 0 0 0 -28.84 -8.57393 -3.16514 24.8524 0.318281 4.20535 0 0 0 
-0.462803 0.990846 -1.35243 144.125 -67.3743 -156.79 -0.15986 -0.55614 -3.60947 0 0 0 19.75 -23.3798 62.5885 -180 45.5816 180 0 0 0 173.04 -55.1719 16.897 180 -51.3568 -180 0 0 0 -30.4266 16.364 35.1933 21.893 -6.60121 -22.3856 0 0 0 -30.3865 -6.01797 0.125381 23.6462 0.177267 1.58427 0 0 0 
-0.459121 0.99506 -1.35243 141.118 -66.6244 -153.01 -1.23589 -1.50299 -4.41721 0 0 0 18.8014 -21.9906 64.6983 -180 44.9596 -180 0 0 0 173.859 -58.9795 15.5866 -180 -53.8074 180 -5.08889e-14 3.41509e-06 -1.70755e-06 -26.8181 17.7628 36.3473 15.2423 -9.13384 -23.9434 0 0 0 -31.0232 -5.74404 -0.168905 22.7601 -0.0284495 -0.197046 0 0 0 
-0.449717 0.997333 -1.35859 143.966 -65.8676 -156.768 1.0309 -2.29624 -3.90146 0 0 0 16.971 -19.3852 66.9494 -180 45.1602 -180 0 0 0 176.426 -63.353 11.0383 180 -55.7277 -180 0 0 0 -26.0921 18.324 33.8336 13.2037 -8.02816 -18.8514 0 0 0 -29.0696 -5.31362 -0.607395 21.3281 0.163505 0.920514 1.27222e-14 -3.4151e-06 -4.26887e-07 
-0.416807 1.00035 -1.35859 154.376 -52.4098 -164.104 0.472996 -1.83221 -0.360319 0 0 0 23.2585 5.30514 62.9161 -180 53.0898 -180 0 0 0 151.703 -81.3154 37.7598 180 -60.6348 -180 0 0 0 -34.8005 8.71057 15.0521 11.8636 -2.11965 -4.92946 0 0 0 -25.3205 -8.69358 -9.74875 19.7121 0.685365 7.584 0 0 0 
-0.415583 1.00035 -1.36474 155.143 -48.6031 -165.196 -1.18556 0.488013 -0.773608 0 0 0 24.8942 9.24004 66.0258 -180 53.81 -180 0 0 0 143.333 -86.6044 47.0456 180 -64.0037 -180 0 3.41509e-06 0 -37.2111 8.86357 14.3468 12.693 -4.13766 -8.61526 0 0 0 -24.0402 -8.4282 -10.2965 18.8399 0.761728 8.57244 0 0 0 
-0.411323 0.997333 -1.37411 155.375 -46.7494 -166.327 -0.210581 0.367944 -1.79374 0 0 0 25.9479 13.5583 70.8148 -180 55.7475 -180 0 0 0 -19.6111 -87.8814 -151.095 -180 -66.632 180 0 0 0 -35.4271 7.24392 10.1292 3.78076 -1.01793 -1.58411 0 0 0 -23.6634 -8.91568 -10.4629 19.0596 1.0099 10.6282 0 0 1.06722e-07 
-0.382667 1.00035 -1.37875 159.509 -37.4338 -169.723 -1.03524 0.471579 0.841803 -8.53774e-07 -3.44177e-06 4.26887e-07 39.9655 33.6884 78.2102 -180 66.6629 -180 -8.53774e-07 -1.70755e-06 1.27222e-14 0.849166 -73.3151 -170.046 180 -71.4249 180 0 0 0 -31.5929 1.18503 1.99919 -0.531283 1.28821 2.15137 0 0 0 -17.3514 -6.79351 -13.1987 15.1287 0.336233 13.2035 0 0 0 
-0.382554 0.991311 -1.40088 163.177 -29.8864 -174.581 -0.524123 6.38338 1.76013 0 0 0 49.3367 38.3457 87.2139 -180 70.2326 -180 0 0 0 0.0982624 -67.7193 -166.425 180 -75.1687 -180 0 0 -1.70755e-06 -32.321 1.26677 2.20022 4.1581 0.782274 1.39245 0 0 0 -10.9363 -3.63887 -10.0622 9.87285 0.526673 13.0086 0 0 0 
-0.375518 0.987898 -1.40088 165.2 -25.8226 -174.71 1.13503 4.54769 2.18208 0 0 0 61.8446 47.924 101.436 180 74.3236 180 0 0 8.53774e-07 -0.278237 -57.0964 -166.748 180 -79.4993 -180 0 0 0 -27.9817 -0.0386221 -0.0596936 0.455982 -0.0327501 -0.0545721 0 0 0 -6.48633 -3.34901 -11.0455 8.10204 0.554648 17.4333 0 0 0 
-0.356072 0.982032 -1.40088 168.747 -22.8076 -174.891 1.59554 -0.858142 1.96659 0 0 0 92.6874 55.3556 131.135 -180 79.7708 -180 0 0 0 4.45921 -43.6931 -168.276 180 -84.2972 -180 0 0 0 -15.8722 -0.344173 -4.07353 -9.27426 1.52362 3.18638 0 0 0 -0.054978 -1.1473 -14.4091 4.33137 -1.44875 21.9533 -8.53774e-07 -1.70755e-06 1.27222e-14 
-0.344147 0.965664 -1.38745 172.722 -9.67557 -172.98 3.20601 -0.917776 1.15312 0 5.33609e-08 0 124.492 56.4795 166.802 -180 76.409 -180 0 0 0 7.27993 -24.1755 -168.711 -7.66932e-05 -89.5399 7.36746e-05 0 0 0 -8.51349 -0.930837 -16.5587 -13.1164 2.89606 6.99954 0 0 0 8.99235 2.75517 -17.0446 -2.3981 -2.44776 24.9537 0 0 0 
-0.344147 0.956235 -1.37656 173.605 -2.2984 -172.11 0.145774 3.67582 0.764873 0 0 0 139.715 50.7415 -179.436 -180 77.5162 -180 0 0 0 11.6321 -19.1085 -168.141 -1.30309e-05 -86.9973 1.00113e-05 0 0 0 -3.16916 3.89885 -21.2215 -20.5608 3.54107 8.99605 0 0 0 13.4513 5.78302 -15.872 -7.96675 -2.70601 24.4418 0 0 0 
-0.344147 0.918369 -1.37265 177.298 -2.13236 -175 0.102184 -1.55409 0.656047 0 0 0 155.255 42.4518 -169.005 -180 74.7995 -180 0 0 0 20.1693 -11.7284 -164.582 2.87248e-05 -82.9034 -2.73638e-05 0 0 0 0.41513 4.70192 -23.4938 -18.3915 3.69851 12.6657 1.70755e-06 -5.33609e-08 -7.95139e-16 21.8103 8.81599 -13.1926 -13.1463 -4.02058 28.5891 0 0 0 
-0.368062 0.918369 -1.37216 176.332 -1.9611 -176.254 -0.399566 -0.212381 2.04883 0 -2.13443e-07 0 156.49 39.1264 -165.858 -180 75.1813 -180 0 0 0 19.7535 -12.6771 -163.84 1.75376e-05 -82.3681 -1.87477e-05 0 0 0 0.969473 9.60119 -24.553 -23.4959 6.41115 18.9368 0 0 0 24.403 10.3389 -11.6161 -16.1615 -4.1326 29.6089 0 0 0 
-0.399903 0.918369 -1.36813 178.482 -3.37645 -178.871 0.745745 0.824242 1.8167 0 0 0 155.448 37.292 -167.602 -180 74.3395 -180 0 0 0 21.8191 -17.161 -161.251 2.88689e-05 -82.8063 -2.88689e-05 0 0 0 1.16372 5.68536 -21.4899 -18.9686 5.50947 17.6367 0 0 0 23.8411 7.6706 -9.88908 -13.2854 -4.23714 29.8701 0 0 -1.70755e-06 
-0.474557 0.951776 -1.36607 173.843 -22.615 178.316 0.0258765 0.2903 -1.03547 0 0 0 132.262 42.1692 170.95 -180 77.8512 180 0 0 0 16.7819 -48.7087 -159.189 180 -86.3486 -180 0 0 0 -18.5115 -0.325063 -2.94549 -3.80906 3.70695 10.7712 0 0 0 8.38565 0.186881 -2.05677 1.10738 -3.13071 13.9403 0 0 0 
-0.530002 0.961085 -1.34199 179.885 -49.2562 172.588 0.818413 4.88699 -0.634753 0 0 0 94.8363 42.2485 127.893 -180 81.3754 -180 0 0 0 122.852 -83.1989 96.4286 180 -74.9278 -180 0 0 0 -17.2353 4.25946 13.8069 4.96032 0.939833 3.95359 0 0 0 8.95208 0.191378 -3.88824 4.57578 -1.69372 7.42606 -4.96962e-17 2.66804e-08 -2.13443e-07 
-0.540845 0.966783 -1.32439 -165.096 -66.6225 159.889 0.33768 0.53159 -0.923444 0 0 0 89.1657 37.0167 113.74 -180 84.5196 -180 0 0 0 171.625 -67.8692 53.3643 180 -71.8837 -180 0 0 0 -3.74215 3.51697 27.0407 -5.32902 -1.04409 -4.73676 0 0 0 6.7301 -0.621548 -8.29252 10.752 -1.77208 6.61676 0 -3.41468e-06 0 
-0.550208 0.970598 -1.32306 -133.984 -75.7461 131.445 0.360402 2.03233 -7.10841 -9.07135e-07 -6.75868e-15 -8.53774e-07 87.9022 23.2833 102.074 0.000623524 89.4342 0.000612581 0 0 0 -173.917 -54.9024 41.4655 -180 -72.9651 180 0 0 0 6.43031 -0.547352 29.8777 -12.94 -0.938194 -5.98088 0 0 0 8.0423 -0.681967 -10.3493 13.2752 -1.78214 5.18866 0 0 0 
-0.573053 0.97928 -1.30923 -81.9991 -79.8322 76.0691 1.28826 -4.0144 0.43496 0 0 0 85.7898 26.7143 99.3684 -0.000166446 87.0078 -0.00016739 0 0 0 -179.221 -50.081 47.855 180 -73.3318 -180 0 0 0 10.7843 -3.23605 32.7164 -15.1931 0.0374864 0.355991 0 0 0 5.65552 -1.06602 -8.48954 12.9535 -1.28864 4.3568 0 0 0 
-0.590328 0.97928 -1.29147 -83.977 -84.7432 80.7476 -3.59961 2.54972 -4.65253 0 0 0 87.9027 23.317 96.8822 -7.13109e-05 82.4982 -6.70783e-05 0 0 0 -175.328 -46.1302 45.2731 -180 -74.8118 180 0 0 0 1.08903 -0.607097 25.7282 -11.936 0.733277 5.43008 0 0 0 -2.16778 -2.07355 -11.457 15.1844 -1.72201 5.99142 0 0 -8.53774e-07 
-0.593198 0.977687 -1.29056 -87.5483 -85.0438 88.3904 1.49692 2.28374 -2.18634 0 0 0 86.449 31.7672 100.571 -4.68662e-06 78.8429 -3.85257e-06 0 0 0 175.654 -46.4603 54.3961 180 -74.1414 -180 0 0 0 -0.303066 1.84392 16.5965 -10.076 2.37468 11.3917 0 0 0 -7.44071 -7.18441 -16.6491 20.5898 -1.88548 9.64163 0 0 0 
-0.596922 0.979015 -1.28549 -70.556 -86.1864 71.0242 0.296203 -3.38391 0.720634 0 0 0 93.7781 36.7107 109.802 -5.69845e-06 74.9545 -6.56564e-08 0 0 0 176.103 -50.1159 58.3707 180 -73.1608 -180 0 0 0 -4.32012 2.15163 12.5071 -5.9198 3.12101 15.6214 0 0 0 -6.88107 -5.35569 -16.1516 16.992 -1.31997 8.76632 0 0 0 
-0.605665 0.977687 -1.27322 -169.703 -87.8033 171.095 -2.92851 1.23636 -1.0699 0 0 0 96.266 34.8836 109.811 -9.30315e-06 69.995 -1.06825e-05 0 0 0 178.867 -50.2176 58.1103 -180 -74.6174 -180 0 0 0 -15.0154 2.29758 10.5974 0.862862 3.09871 15.5413 0 0 -1.70755e-06 -10.351 -5.43474 -17.0844 16.5354 -1.43941 10.0182 0 0 0 
-0.643629 0.976742 -1.27046 -23.4229 -82.7808 24.5411 1.1509 1.67331 -2.33759 0 0 0 88.486 20.1637 92.1706 5.34929e-06 66.2145 -5.88871e-07 0 0 0 -179.566 -40.7557 57.6586 -180 -75.4785 180 4.26887e-07 -3.41509e-06 -8.53774e-07 -11.8423 2.62159 16.3034 5.85051 1.00449 10.8316 0 0 0 -11.7596 -6.62735 -12.5446 20.4054 -0.751936 5.03782 0 0 0 
-0.652949 0.976742 -1.2602 -39.3724 -84.2882 39.13 0.227922 2.66517 -0.183579 0 0 0 88.5847 18.8234 92.2681 -8.55316e-06 66.7111 -1.54167e-06 0 0 0 -176.58 -40.2697 61.1734 180 -75.3162 -180 0 0 0 -14.1928 3.41834 17.5812 9.88557 0.690686 8.6309 0 0 0 -11.6747 -6.87901 -11.4738 20.8732 -0.931863 6.44211 0 0 0 
-0.655212 0.976742 -1.25568 -32.2486 -83.0751 32.3164 0.51477 0.548473 0.2059 1.06722e-07 0 0 90.0367 14.0371 87.1049 -1.80341e-06 62.4357 -5.08627e-06 0 0 0 -175.143 -40.2129 64.1143 180 -75.9284 -180 0 0 0 -15.5724 3.48455 18.7734 13.2821 0.241062 6.18826 0 0 0 -11.9673 -7.35471 -12.2906 21.1758 -1.21473 8.16235 0 0 0 
-0.656506 0.976742 -1.25568 -55.4302 -85.6797 58.6814 0.44083 -1.08257 -1.38105 0 0 0 92.5292 10.7255 83.2094 1.06709e-06 59.7454 -1.35626e-06 0 0 0 -174.098 -43.9101 68.1027 180 -76.5936 -180 0 0 1.70755e-06 -17.2085 2.33384 13.4312 12.6809 0.460635 7.03539 0 0 0 -11.2573 -7.883 -15.9155 20.9839 -1.45451 9.12364 0 0 0 
-0.657521 0.982412 -1.25568 -100.104 -86.2059 102.993 0.00704716 1.83992 0.779559 0 0 0 94.0283 12.5156 84.2853 6.2102e-06 53.221 -7.08449e-07 0 0 0 -172.524 -45.0508 72.1301 180 -77.9214 -180 0 0 0 -19.2916 1.65331 12.4863 15.8877 0.289719 6.70391 0 0 0 -11.0338 -7.96491 -15.013 21.6763 -1.59421 9.10498 0 0 0 
-0.662372 0.985172 -1.26831 -109.497 -83.6396 111.38 1.03079 -0.375566 1.34884 0 6.67011e-09 0 102.888 10.9156 79.2788 5.39747e-06 36.9663 -5.39747e-06 0 0 0 -165.615 -46.9455 71.2084 180 -77.639 -180 0 0 0 -15.3517 1.75881 12.7966 13.7071 0.266436 7.06838 0 0 0 -7.0411 -6.04172 -13.579 19.7648 -1.61962 8.29035 0 0 0 
-0.662525 0.985275 -1.27215 -123.043 -82.6477 124.779 0.224682 -0.510895 1.3512 0 0 0 142.188 40.2491 -143.548 6.2666e-06 52.0459 1.15934e-06 0 0 0 -159.531 -48.9036 70.5219 180 -78.4001 180 0 0 0 -14.2977 -0.0407516 9.58322 15.1053 -0.233267 8.3306 0 0 0 -5.94111 -4.76276 -13.7778 17.6779 -1.74227 8.71345 0 0 0 
-0.662525 0.990331 -1.27339 -138.697 -81.5634 140.351 0.357928 -0.515896 1.39378 -4.26887e-07 0 0 163.589 44.252 -118.542 1.63834e-05 76.856 1.79027e-05 0 0 0 -152.733 -50.8433 67.6887 -180 -78.0322 180 0 0 -1.70755e-06 -15.4213 -0.733539 8.89564 17.8734 -0.278929 5.05918 0 0 0 -6.13112 -4.71035 -13.4397 17.3046 -1.75816 9.28764 0 0 0 
-0.659655 0.990331 -1.27767 -151.081 -80.1245 151.685 0.612181 -1.0982 -0.512878 0 0 0 174.949 42.601 -108.377 180 86.7582 180 0 0 0 -142.138 -51.4523 59.5089 -180 -77.8322 180 0 0 0 -13.9758 -0.582748 6.30481 13.8027 -0.00765344 10.149 8.53774e-07 -3.41509e-06 -4.26887e-07 -7.25447 -5.26463 -12.7091 17.2683 -1.94092 11.9848 0 0 -2.13443e-07 
-0.659655 0.985172 -1.27767 -167.585 -81.1275 167.8 1.68742 -1.16299 0.535012 0 0 0 -179.035 41.4423 -99.6169 -180 76.442 -180 0 0 0 -138.466 -51.6094 57.0846 180 -76.8508 -180 0 0 0 -16.4438 -1.42962 6.57535 17.0309 -0.538662 8.83579 0 0 0 -10.1024 -5.65324 -12.606 17.868 -2.1675 12.908 0 0 0 
-0.650803 0.990331 -1.28208 -168.205 -78.3702 167.984 1.22038 -0.940417 2.13731 0 0 0 -172.18 38.9884 -93.9498 -180 69.6588 -180 0 0 0 -126.774 -50.648 51.2035 180 -73.7779 180 0 0 0 -16.9924 -1.83481 7.07414 19.7723 -0.404458 7.35696 0 0 0 -9.50342 -6.31181 -12.766 17.8218 -1.88825 14.3687 6.36111e-15 -3.4151e-06 -2.13443e-07 
-0.64048 0.990331 -1.28646 -167.424 -76.1607 168.828 2.04638 0.0225603 0.237885 0 0 0 -169.335 37.2515 -91.8843 -180 64.9464 -180 0 0 0 -120.304 -47.3865 48.5675 -180 -72.5657 180 0 0 0 -15.5505 -2.80683 2.83041 18.3006 -0.493546 9.63891 0 0 0 -8.17484 -6.83295 -15.7355 17.9992 -2.38109 15.7003 0 0 0 
-0.628605 0.992462 -1.29555 -166.619 -72.2198 169.116 0.967377 1.08977 0.578318 0 0 0 -165.934 34.1943 -89.8545 180 62.7847 180 0 0 0 -109.461 -44.8022 43.5297 -180 -69.5628 180 0 0 0 -10.2409 -2.07787 -0.982548 11.7221 -0.939708 13.5369 0 0 0 -3.48987 -3.29096 -16.1147 14.6881 -2.96774 13.066 0 0 0 
-0.613289 0.995109 -1.31334 -160.541 -70.7659 163.629 2.73232 0.0250265 -0.399101 0 0 0 -164.716 32.1102 -90.1027 -180 60.394 -180 0 0 0 -98.1468 -38.4969 36.3606 180 -64.3851 -180 0 3.41509e-06 0 -5.22581 -0.734071 -3.19315 3.54257 0.302993 14.7933 1.70755e-06 5.33609e-08 7.95139e-16 1.27652 -1.62983 -15.1138 13.235 -2.41985 9.3349 0 0 0 
-0.607366 0.998741 -1.32156 -162.919 -71.7013 166.042 0.334974 -0.185071 -1.23349 0 0 0 -162.306 31.7193 -90.3017 -180 58.4438 -180 0 0 0 -90.9192 -30.3923 35.3634 -180 -59.1285 -180 8.90555e-14 2.98821e-06 3.41509e-06 -5.70844 -0.565488 -3.07694 2.15629 0.918623 14.9177 0 0 0 0.671347 -1.85976 -14.5867 13.7411 -1.75045 7.05933 -8.53774e-07 0 0 
-0.598531 1.00097 -1.32222 -159.058 -75.0683 162.883 0.520696 -1.23862 0.010707 0 0 0 -159.519 32.7144 -86.8213 -180 56.885 -180 0 0 0 -89.7482 -27.671 38.7487 -180 -57.8313 180 0 0 0 -3.79222 0.0290426 -2.56341 -1.50025 1.41079 13.7504 0 0 0 0.628188 -2.03236 -16.4659 13.7596 -1.692 7.15603 0 0 0 
-0.59016 1.00438 -1.32676 -165.894 -76.2137 167.926 0.130806 2.53683 0.652893 0 0 0 -159.794 35.8473 -86.0047 -180 56.0365 -180 0 0 0 -88.8292 -23.4741 41.7859 180 -56.2884 -180 0 0 0 -4.89941 0.384529 -1.18543 -3.51455 2.14122 13.4688 0 0 0 -1.47648 -2.65289 -14.918 14.2339 -1.29643 6.30864 0 0 0 
-0.581807 1.00438 -1.32933 -165.97 -79.0291 167.669 0.239164 1.09 0.854679 0 0 0 -159.494 36.5766 -85.3473 -180 55.2095 -180 0 0 0 -89.2661 -19.6225 43.6979 -180 -56.2457 180 0 0 0 -5.26211 0.403024 -0.598425 -3.18372 2.01425 13.6554 0 0 0 -2.5628 -2.86653 -15.7647 14.2792 -1.37627 6.95219 0 0 0 
-0.573533 1.00438 -1.33011 -154.143 -84.0061 156.897 0.177855 -0.884287 1.09578 0 0 0 -156.737 38.9018 -82.2874 -180 54.4031 -180 0 0 0 -88.5329 -17.663 45.1942 180 -55.676 -180 0 0 0 -5.79029 0.0604461 -1.0288 -1.03188 1.55521 13.2108 0 0 0 -3.75566 -3.89764 -18.7261 15.4849 -1.56664 8.11895 0 0 0 
-0.563094 1.00069 -1.33721 -172.66 -84.9926 172.592 0.121262 -1.62177 0.580604 0 0 0 -160.277 39.3024 -86.1301 -180 53.7954 -180 0 0 0 -87.5831 -11.9 44.7464 180 -56.2274 -180 0 0 0 -11.6584 -0.420943 1.96535 6.80049 0.993143 12.3294 0 0 0 -7.18956 -4.85493 -13.9879 17.4995 -0.900388 5.38241 0 0 0 
-0.547269 0.997525 -1.34287 -163.938 -86.4715 165.748 0.482383 -0.00514662 0.612137 0 0 0 -157.317 40.6441 -82.6742 -180 53.4867 180 0 0 0 -87.4106 -10.4374 46.8138 180 -59.2624 -180 0 0 0 -11.4328 -1.52466 -1.85147 7.95855 0.806254 14.5485 0 0 0 -6.38994 -4.75517 -16.5353 17.0376 -0.657336 3.86718 0 0 0 
-0.531065 0.995694 -1.35501 -143.896 -87.9884 146.654 0.192443 -0.00288618 0.670526 0 0 0 -155.538 41.0519 -81.294 -180 53.72 -180 0 0 0 -82.1533 -10.2647 49.4298 180 -56.3565 180 -4.26887e-07 0 0 -9.63665 -1.48588 -3.44688 6.89803 0.424805 14.1412 0 0 0 -5.07903 -3.80492 -18.8987 15.3319 -0.771687 4.30988 0 0 0 
-0.523372 0.995694 -1.35531 -119.889 -89.1078 121.366 0.281714 -0.0159925 0.816407 0 0 0 -156.33 42.3348 -82.2515 -180 53.962 -180 0 0 0 -81.7079 -3.27455 51.9957 180 -58.3886 -180 0 0 0 -9.96479 -1.26173 -1.87844 7.03549 0.359969 14.1019 0 0 0 -4.60001 -2.37 -17.8394 11.376 -0.52112 3.96245 0 0 2.13443e-07 
-0.50791 0.995694 -1.36495 -146.834 -86.2549 148.398 0.282545 -0.00905081 1.54357 0 0 0 -155.442 39.6857 -82.677 -180 54.4542 -180 0 0 0 -77.4334 3.86898 51.5286 180 -56.9091 -180 0 0 0 -8.75061 -1.91709 -3.85088 8.03693 0.123681 16.6316 0 0 0 -1.17604 -1.27035 -17.6896 9.28162 -0.615761 4.49459 0 0 0 
-0.500608 1.00106 -1.36495 -147.356 -86.1821 149.085 0.285843 0.0235883 1.37354 0 0 0 -155.578 39.3542 -83.2197 -180 55.1326 -180 0 0 0 -77.6584 6.06625 52.2418 -180 -57.1539 180 0 0 0 -8.53118 -2.15148 -4.72104 8.02357 0.45843 16.9848 -8.53774e-07 -3.46846e-06 2.5842e-14 -0.199622 -1.21252 -17.5449 7.49121 -0.717806 7.16639 0 0 0 
-0.492525 1.01125 -1.36716 -99.8575 -87.4031 101.355 0.944705 -0.0161281 1.2949 0 1.66753e-09 0 -156.224 41.6568 -83.6283 -180 56.8682 -180 0 0 0 -77.4657 4.49014 54.4145 180 -58.6218 -180 0 0 0 -8.19987 -1.80657 -3.25203 8.68819 -0.125451 14.5554 0 0 0 -0.43567 -1.1023 -17.0795 7.43447 -1.17206 10.1936 0 0 0 
-0.485223 1.01795 -1.36716 -64.5463 -85.9973 66.2732 0.276024 -0.00848943 0.925482 0 0 0 -154.776 43.384 -83.9001 -180 58.4824 -180 0 0 0 -76.2627 1.59778 58.2806 180 -62.0781 -180 0 0 0 -6.74127 -1.55241 -2.36492 9.62899 -0.630839 11.0876 0 0 0 1.02258 -0.506189 -17.1708 6.10128 -1.70068 13.3816 0 0 0 
-0.478629 1.01795 -1.36171 -72.1098 -86.66 74.6471 0.540656 1.636 1.00372 0 0 0 -154.605 43.3161 -83.139 180 59.6331 180 0 0 1.70755e-06 -77.8708 -0.597418 60.0143 180 -61.4699 -180 0 0 0 -6.10708 -0.988477 -3.14497 6.69055 -0.213669 9.42448 0 0 0 0.322425 -1.13427 -18.5518 7.42283 -2.49706 17.2985 0 0 0 
-0.472333 1.01934 -1.36064 -95.8408 -86.3667 99.0334 -0.373641 1.87681 -0.0812635 0 0 0 -154.576 42.3179 -85.0925 -180 61.1437 -180 -3.4151e-06 0 0 -77.1831 -0.622697 58.9496 180 -61.944 -180 0 0 0 -4.27166 -0.722868 -5.20715 3.61608 0.099393 10.084 0 0 0 1.57226 -0.702302 -18.9929 5.75218 -2.47919 19.402 0 0 4.26887e-07 
-0.466547 1.01795 -1.36025 -96.6165 -86.0586 100.475 0.243555 1.57243 -0.501372 0 0 0 -155.347 41.2914 -86.1897 -180 62.8095 -180 0 0 0 -77.6762 -1.00931 58.5218 180 -60.6894 -180 0 0 0 -3.84692 -0.647318 -5.40711 3.5495 0.0531993 8.08184 0 0 0 1.88743 -0.609498 -19.8271 5.19799 -2.52865 20.8944 0 0 0 
-0.462296 1.00792 -1.35911 -113.738 -85.7648 114.965 -0.0670151 -1.44966 4.08164 0 0 0 -154.725 37.2832 -86.1196 180 63.9892 180 0 0 -1.70755e-06 -77.0268 -5.23314 54.0177 180 -60.8378 180 0 0 0 -2.80227 -0.302859 -3.85118 1.45793 0.20999 8.98834 0 0 0 1.96131 -0.654502 -16.0934 4.83812 -2.57395 21.7825 -4.26887e-07 0 0 
-0.451471 1.00792 -1.35198 -103.694 -86.0142 106.27 -0.2805 -2.77748 0.746917 0 0 0 -156.531 37.4436 -89.8626 -180 66.0999 -180 0 0 0 -75.9843 -6.18702 55.2616 -180 -60.7093 180 3.41509e-06 0 0 -3.49472 -0.392257 -5.38009 1.89922 0.110114 8.40646 0 0 0 0.692603 -0.452632 -13.0117 6.70946 -1.53816 10.7101 0 0 0 
-0.449815 1.008 -1.34821 -134.763 -83.482 136.617 -0.00792074 -1.80688 2.34138 0 0 0 -157.648 35.3878 -91.3476 -180 69.042 -180 0 0 0 -76.0158 -8.65323 54.2673 180 -61.4174 180 0 0 0 -2.451 -0.229562 -5.00707 1.18932 0.0714875 7.22319 0 0 0 1.96307 0.023119 -9.65608 6.03956 -0.765505 5.01918 0 0 0 
-0.44372 1.008 -1.33852 -139.843 -80.452 143.053 -0.0461166 0.000521477 0.835375 0 0 0 -157.027 35.238 -93.0469 180 71.5337 180 0 0 0 -77.5033 -8.4784 54.3047 -180 -63.81 180 0 0 0 -1.93318 -0.387515 -5.55943 2.69715 0.00397445 4.34489 0 0 0 3.72152 0.188512 -10.3079 5.55166 -0.596167 4.00794 0 0 0 
-0.442199 1.0137 -1.33443 -142.283 -78.7983 145.79 0.488528 -0.0810136 0.590039 0 0 0 -159.426 34.0436 -96.003 -180 75.5258 180 0 0 0 -78.0704 -7.82461 53.7686 -180 -68.8143 180 0 0 0 -1.53078 -0.271779 -5.68399 3.47814 -0.116457 3.08322 0 0 0 4.34989 0.433141 -8.91881 5.65501 -0.138729 0.767541 0 0 0 
-0.435032 1.01447 -1.33443 -146.857 -73.535 150.233 2.15751 -0.936591 0.969764 0 0 0 -162.062 30.758 -99.8624 180 79.0471 -180 0 0 0 -91.4886 19.4052 -1.11245 180 -57.1213 -180 0 0 0 -0.109401 -0.225087 -0.907828 4.31019 0.16683 -3.22509 0 0 0 6.78614 0.0882068 -5.24028 5.93972 1.04659 -5.12571 0 0 0 
-0.418416 1.01522 -1.33443 -151.722 -67.4086 156.037 0.263942 0.620077 -1.43418 0 0 0 -163.247 29.6018 -105.717 180 83.2994 180 0 0 0 -104.161 35.1436 -38.4432 180 -47.2636 180 0 0 0 2.35886 0.134215 -5.33489 1.00684 -0.292 5.57383 0 0 0 9.79724 -0.0794667 -3.01049 5.31721 2.61053 -9.72106 0 0 0 
-0.414275 1.01522 -1.3361 -150.113 -67.0431 155.269 0.836953 0.689996 -1.99226 0 0 0 -165.341 29.4069 -108.798 -180 87.6837 -180 0 0 0 -120.458 46.4424 -69.5666 180 -38.3969 -180 0 0 0 3.39588 0.267065 -5.72759 -0.167735 -0.302716 7.16934 0 0 0 11.1026 0.2265 -3.88504 4.64753 2.53772 -9.32923 0 0 0 
-0.401278 1.01735 -1.3385 -143.407 -69.4586 150.122 1.16729 -0.366336 -1.38453 0 0 0 -166.506 31.2174 -110.179 8.34076e-05 87.4937 8.21999e-05 0 0 0 -131.342 52.0434 -91.5486 180 -34.2295 180 0 0 0 4.20388 0.326849 -5.11774 -0.877672 -0.318966 8.97384 0 0 0 12.5057 1.29657 -8.05257 3.96598 1.94598 -7.05021 0 0 0 
-0.394994 1.02614 -1.33975 -142.403 -69.0796 150.518 0.775296 0.87884 -3.08211 0 0 0 -171.738 32.2455 -116.276 1.98527e-05 80.8609 1.80358e-05 0 0 0 -143.653 56.46 -114.248 180 -31.8037 -180 0 0 0 5.33788 0.863388 -6.28607 -2.71286 -0.523344 13.4252 0 0 0 12.7624 0.623294 -5.99739 4.25955 4.27678 -13.6615 0 0 0 
-0.384875 1.02614 -1.34388 -137.248 -72.7681 138.734 0.58942 -1.79143 1.08137 0 0 0 -177.827 36.5524 -124.691 2.23059e-05 78.3327 1.92717e-05 0 0 0 -159.951 58.6093 -136.633 180 -29.3492 -180 0 0 0 3.93142 -0.185022 2.8837 -0.84132 -0.661563 9.45442 0 0 0 12.0876 -0.000443349 -2.02106 3.52752 3.53156 -11.5069 0 0 0 
-0.37257 1.01227 -1.34569 -133.351 -74.1387 137.371 1.06686 -0.436615 -2.53279 0 0 0 -179.852 40.2871 -129.256 -2.6711e-05 77.8542 -3.03537e-05 0 0 0 -176.509 61.0716 -162.515 180 -27.3159 -180 0 0 0 3.25042 -0.272358 4.38494 0.325144 -0.206262 3.13806 0 0 0 12.7846 2.58846 -11.2745 1.82635 0.435577 -1.61993 0 0 0 
-0.367186 1.01227 -1.34626 -130.585 -76.06 132.839 -0.388931 0.748951 -0.472804 0 0 0 176.452 43.8253 -135.225 -1.87755e-05 76.1245 -2.12082e-05 0 0 0 174.711 61.8816 -178.378 180 -26.1525 180 0 0 0 2.7103 -0.325294 6.50419 -1.85242 -0.0756655 2.89214 0 0 0 10.5628 2.19554 -11.2469 2.55591 0.00190752 -0.0076651 0 0 0 
-0.355345 1.00345 -1.34666 -133.315 -78.6721 134.611 0.434355 0.800597 -0.450697 0 0 0 172.625 45.6992 -138.35 -6.87798e-05 77.9874 -7.54572e-05 0 0 0 160.218 62.3455 163.312 180 -27.3693 -180 0 0 0 0.194129 0.0280055 10.2107 -1.90669 -0.0532926 -1.66745 0 0 0 6.7433 1.09557 -11.6212 5.42548 -0.302635 1.4074 -4.26887e-07 -3.41509e-06 2.13443e-07 
-0.349343 0.989803 -1.34874 -123.338 -80.4672 125.372 0.361671 -0.220255 -0.0268155 0 0 0 172.596 47.817 -140.598 -1.73716e-05 79.3124 -1.82811e-05 0 0 0 151.439 61.9051 147.628 180 -28.1255 -180 0 0 0 0.0263548 0.187467 12.0251 -1.40498 -0.21874 -6.50553 0 0 0 5.53206 0.899392 -14.0818 6.09439 -0.474363 2.39976 0 0 0 
-0.340954 0.971369 -1.35208 -134.44 -79.7987 136.034 -0.762045 2.04244 2.1319 0 0 0 178.542 50.4989 -136.386 -0.000102654 85.5531 -9.9633e-05 0 0 0 144.191 61.034 133.365 180 -30.2512 -180 0 0 0 -0.889139 0.161099 10.8776 -1.92432 -0.19448 -4.7799 0 0 0 5.21666 1.06437 -14.2718 6.1701 -0.708591 3.33985 0 0 0 
-0.330576 0.971369 -1.35285 -105.164 -83.7083 109.67 0.180743 -1.51174 -1.13899 0 0 0 176.254 50.9535 -136.156 2.68198e-05 84.7203 2.56111e-05 0 0 0 136.036 60.8688 124.687 180 -31.1045 -180 0 0 0 -0.554676 0.0839486 7.04639 -3.0215 -0.182946 -3.97259 0 0 0 2.28744 0.528161 -20.866 7.49129 -1.19018 6.28549 0 0 0 
-0.324062 0.971369 -1.35285 -91.9121 -85.1198 97.0682 0.473182 -2.62097 -2.10902 0 0 0 173.31 50.5164 -138.294 -7.36364e-05 83.0915 -7.66604e-05 0 0 0 131.275 60.1794 120.167 180 -32.1294 -180 0 0 0 -0.597883 0.0206205 6.31701 -3.90351 -0.165343 -4.02397 -8.53774e-07 0 0 0.661553 0.386047 -22.9008 7.68443 -1.35014 7.31582 0 0 0 
-0.322315 0.972695 -1.35285 -88.3445 -85.2016 91.3082 0.274802 -0.0340333 0.834482 0 0 0 166.824 49.6838 -144.179 -5.64344e-06 77.5667 -1.24753e-05 -3.4151e-06 8.53774e-07 -3.4151e-06 128.019 61.6425 115.688 -180 -32.049 180 1.59028e-15 -2.13443e-07 -8.53774e-07 0.222214 0.118385 6.94432 -5.54072 -0.0841264 -1.12843 0 0 0 0.598319 -0.142547 -21.4409 7.63201 -1.22393 7.57839 0 0 0 
-0.322315 0.97291 -1.35285 -79.4086 -85.1574 82.4054 0.309552 -0.818937 0.273248 0 0 0 165.674 46.7679 -144.054 -2.09345e-06 73.0707 4.27997e-08 0 0 0 126.623 60.828 114.154 180 -32.4965 -180 0 0 0 2.0171 0.366284 6.7107 -8.92548 -0.0258828 -0.242849 0 0 0 0.37136 -0.373281 -22.107 7.6636 -1.35772 8.82926 0 0 0 
-0.322315 0.97291 -1.35123 -85.1147 -84.6786 88.0929 1.83971 -0.292494 0.271351 0 0 0 163.34 44.6486 -144.054 -1.20728e-05 69.3089 -1.14591e-05 0 0 0 126.601 60.8798 115.84 180 -32.2214 -180 0 0 0 1.51879 0.386918 6.64119 -7.89909 -0.0635533 -0.556391 0 0 0 1.00368 -0.460749 -22.1648 7.37482 -1.25819 8.83187 0 0 0 
-0.325228 0.97291 -1.34773 -107.05 -86.3508 109.21 -0.472036 0.489749 1.06454 0 0 0 166.901 42.5576 -139.149 -1.28327e-05 69.4291 -1.25259e-05 0 0 0 126.321 60.6357 115.52 180 -33.1675 180 0 0 0 -1.04535 0.546961 7.25792 -7.75126 0.0158929 0.114059 0 0 0 1.65665 -0.30459 -25.5851 7.14236 -2.9761 17.7147 0 0 0 
-0.33294 0.970541 -1.34479 -71.9687 -87.2883 72.7339 -1.37212 -1.66703 2.29637 0 0 0 168.842 42.2372 -137.403 8.9618e-06 70.1713 6.81679e-06 0 0 0 125.81 60.163 115.052 180 -33.5152 180 0 0 0 -4.21659 0.819651 10.6319 -2.59453 -0.152669 -1.30318 0 0 0 0.212837 -1.97433 -24.9813 9.99348 -2.98318 17.1521 0 0 0 
-0.336462 0.967085 -1.34185 -138.361 -87.2146 139.45 1.55497 1.06317 0.276932 0 0 0 167.732 41.4286 -133.969 9.85554e-06 69.7203 1.41486e-05 0 0 0 120.163 58.4965 112.725 180 -33.779 -180 0 0 0 -5.83505 1.54231 11.2589 -2.75588 -0.424166 -2.36112 0 0 0 1.42324 -2.78932 -24.7543 11.2596 -3.54879 19.0315 0 0 0 
-0.351304 0.967085 -1.33515 178.538 -83.2545 179.681 -0.267469 -2.93842 0.307418 -5.33609e-08 0 0 -178.187 39.0905 -123.336 4.62397e-05 77.6845 4.38109e-05 0 0 0 128.075 52.9344 124.895 180 -34.6456 -180 0 0 0 -10.4443 2.3429 13.2466 -0.32903 -0.136723 -0.741663 0 0 0 1.96067 -2.04338 -22.5569 11.2205 -4.89736 20.7724 0 0 0 
-0.35487 0.967085 -1.3267 168.944 -76.7506 -170.37 -2.1563 1.91937 -1.80092 0 0 0 -179.524 43.5171 -127.39 -2.44477e-05 78.2637 -2.86959e-05 0 0 0 127.775 51.1589 125.395 180 -35.0164 -180 0 0 0 -13.9313 1.84816 9.09787 -0.246766 1.16953 5.67101 0 0 0 2.8086 -0.89689 -21.8589 11.4158 -5.78975 19.5915 0 0 0 
-0.35682 0.967085 -1.32391 -160.429 -73.4777 160.186 1.02037 2.02195 -5.62247 0 0 0 -159.153 54.5958 -120.461 -0.000113048 87.1122 -0.000114558 0 0 0 134.421 46.149 126.432 180 -33.0785 180 0 0 0 -9.14217 0.892872 5.25287 4.49869 2.06577 11.9574 0 0 0 13.7369 1.44611 -22.6421 6.86567 -5.89208 21.5682 0 0 0 
-0.371573 0.950931 -1.31877 -172.469 -58.4053 167.206 0.445662 2.92872 -2.02829 0 0 0 -164.414 49.2796 -139.014 7.91131e-06 85.9025 1.31971e-05 0 0 0 142.89 35.2605 138.454 180 -33.9964 -180 0 0 0 -7.84059 1.66017 -3.35739 -3.99138 5.2283 30.555 0 0 0 18.5527 2.55944 -9.79554 3.99181 -8.12335 17.7553 0 0 0 
-0.377414 0.950931 -1.3073 -169.014 -56.4477 165.415 0.144196 -1.60494 -2.45961 0 0 0 -164.37 48.7469 -142.029 6.96663e-05 84.9267 7.18569e-05 0 0 0 148.299 31.5179 143.951 180 -34.5118 180 0 0 0 -4.43443 2.71006 -6.57835 -5.74086 6.2433 34.1509 0 0 0 23.7236 3.51842 -11.4346 2.34724 -10.9325 22.6315 -1.70755e-06 -2.54444e-14 -1.70755e-06 
-0.385321 0.927901 -1.29701 -167.035 -52.3527 163.643 0.0110855 -2.83397 -2.07696 0 0 0 -159.883 47.9508 -142.832 -180 85.6983 -180 0 0 0 150.827 26.6041 144.017 180 -34.4949 -180 0 0 0 -1.82396 3.93835 -7.84305 -8.03899 6.36951 34.7065 0 0 0 27.7604 3.2506 -8.22339 0.326902 -11.5138 22.0156 0 0 0 
-0.408305 0.925705 -1.29133 -164.969 -48.3668 161.657 1.41619 -1.12221 -0.836595 4.26887e-07 -2.66804e-08 -9.93923e-17 -163.365 44.243 -138.82 180 86.9367 180 0 0 0 153.487 25.8121 147.322 180 -34.2638 -180 0 0 0 1.47722 4.45047 -6.60552 -9.87772 6.69212 32.5459 0 0 0 33.4547 4.61013 -6.53199 -7.12945 -9.97736 23.62 0 0 0 
-0.461376 0.925705 -1.24484 -170.388 -62.3656 163.79 1.1595 -1.82634 -1.00229 0 0 0 174.063 45.3731 -137.669 7.98806e-06 83.8507 8.89493e-06 0 0 0 144.02 31.4234 138.39 180 -30.5442 -180 0 2.13443e-07 0 -10.9648 2.07418 6.89762 -4.41112 4.40694 20.7298 0 0 0 23.5776 2.28677 -4.93766 0.597797 -6.54376 12.4877 0 0 0 
-0.490878 0.925705 -1.20887 -138.64 -77.1732 133.736 1.05394 -3.82483 -0.0737574 0 0 0 175.297 62.0622 -138.28 -4.83725e-05 83.7023 -4.50471e-05 0 0 0 142.897 40.9676 127.735 180 -25.8926 -180 0 0 0 -1.90912 2.92894 17.6163 -11.779 3.6877 13.8114 0 0 0 21.8282 4.76864 -12.2734 0.549702 -4.5342 10.9782 0 0 0 
-0.50891 0.939027 -1.17662 -74.4812 -75.3539 71.5501 0.389142 -0.0135733 0.260546 0 0 0 103.452 74.9125 142.866 -1.35301e-05 71.5197 -1.1848e-05 0 0 0 143.201 52.4293 117.268 179.358 -20.9467 -179.999 0 0 0 6.67738 -1.56965 22.2532 -10.2048 0.431996 7.27252 0 0 0 20.3681 6.42789 -18.0934 4.74227 -4.64667 9.48233 0 0 0 
-0.516777 0.939027 -1.15129 -59.1777 -69.5791 58.5008 -0.258415 2.31164 -0.384196 0 0 0 11.6251 20.1222 -30.4862 -180 88.9526 -180 0 0 0 144.464 58.6813 112.659 178.874 -18.1865 -179.995 0 0 0 14.4114 -2.60106 21.9661 -14.0971 0.272915 6.1113 1.70755e-06 2.54444e-14 -1.70755e-06 20.1634 6.37782 -22.0222 7.08686 -4.0384 8.49247 0 0 0 
-0.533383 0.939027 -1.11277 -33.9926 -67.0104 34.8818 0.0847206 2.11843 0.267322 0 0 0 -28.4828 -8.79756 -5.23731 -180 75.6036 -180 0 0 0 132.541 64.4642 103.996 178.68 -16.7088 -179.99 0 0 0 7.70973 -3.68766 23.3544 -7.99251 -0.254705 5.38855 0 0 0 9.09809 4.34523 -24.2583 7.39701 -3.21436 9.00166 0 0 0 
-0.570343 0.937137 -1.09214 -23.9539 -59.3179 23.2472 1.07652 2.44512 -3.3245 0 0 0 -32.1159 -24.2493 7.67034 -180 68.34 -180 -8.53774e-07 1.4941e-06 -1.11319e-14 109.806 63.819 79.9845 178.559 -15.8131 -179.981 0 0 0 8.13743 -4.25835 25.7845 -2.48361 -1.14396 8.64516 0 0 0 3.47712 -1.37477 -25.163 14.2382 -5.14558 15.8488 0 0 0 
-0.579135 0.937137 -1.07323 -28.2593 -58.5952 28.5167 0.9072 0.699059 -4.24103 0 0 0 -57.3397 59.1249 -22.3034 -1.46442e-05 82.963 -1.97854e-05 0 0 0 121.093 64.5349 88.7604 179.205 -13.6333 -179.973 0 0 0 11.4871 -3.84697 23.3883 -4.60525 -1.09439 10.6073 0 0 0 5.79039 -1.17349 -26.9684 13.2795 -5.04317 16.6995 0 0 0 
-0.58369 0.937137 -1.06381 -25.6012 -60.8908 27.8079 0.570405 -1.78336 -2.12448 0 0 -4.26887e-07 -81.1169 82.1959 -59.6383 1.30213e-06 55.7435 -2.77193e-07 0 0 0 132.333 65.9451 102.773 -179.988 -13.0634 -179.961 0 0 0 8.24411 -3.00337 22.6524 -4.34326 -0.741334 9.94719 0 0 0 2.96335 -2.13663 -27.6095 13.8795 -4.96272 17.4744 0 0 0 
-0.610816 0.950113 -1.03315 -20.1599 -52.5995 21.9034 0.93363 -1.19699 -4.24361 0 0 0 63.7969 66.975 71.9828 -8.63777e-06 50.1745 -6.872e-06 0 0 0 112.086 69.449 80.4903 -178.743 -11.4922 -179.952 0 0 0 6.95934 -2.67308 22.3653 -0.095361 -1.0211 8.48328 0 0 0 -0.290011 -4.02815 -23.5965 16.4289 -3.3744 13.1047 0 0 0 
-0.65378 0.956514 -1.00175 -14.6005 -51.6315 13.8119 1.00484 2.11929 -2.62573 0 0 0 79.2229 40.5804 76.1484 -6.98291e-06 48.738 -5.03759e-06 0 0 0 93.4788 70.5017 64.2232 -176.968 -10.768 -179.94 0 0 0 0.215437 -1.48998 30.1656 7.02867 -0.671127 4.18103 0 0 0 -3.65715 -3.00911 -14.2028 14.9145 -1.73844 8.13377 0 0 0 
-0.65484 0.966094 -0.993096 -14.9941 -57.4729 15.0226 0.992154 0.660197 -0.74331 0 0 0 90.7309 26.2939 80.4975 -2.56578e-06 50.2068 -4.97341e-06 0 0 0 118.873 73.5358 91.6151 -174.85 -9.28132 -179.934 0 0 0 -2.50484 0.830383 26.2717 4.3731 -0.241101 7.42991 0 0 0 -5.01124 -3.57764 -12.3869 15.6363 -1.16464 6.48615 0 0 0 
-0.655173 0.969315 -0.972308 -12.7077 -60.4392 12.7659 0.239067 0.969195 -1.16069 0 0 0 88.6901 19.7181 81.8552 2.17534e-06 59.2125 1.23608e-06 0 0 0 129.08 72.182 102.631 -174.154 -7.22707 -179.935 0 0 0 -7.44807 3.17571 25.9505 4.9551 0.367844 7.09433 0 0 0 -9.25667 -4.65802 -8.91453 18.2629 -0.615279 4.05595 0 0 0 
-0.656751 0.971005 -0.965153 -18.0912 -62.6868 18.2387 1.11252 -0.339935 -0.24214 0 3.4151e-06 0 89.2503 14.2879 75.5207 -4.41413e-06 58.1038 -2.45202e-06 0 0 0 146.644 70.0585 119.38 -173.821 -5.4837 -179.94 0 0 0 -9.06622 3.42782 20.9194 6.23463 0.88781 10.5712 0 0 0 -8.03287 -4.74216 -9.46533 17.8452 -0.676516 5.00269 0 0 0 
-0.658687 0.971005 -0.965153 -15.3843 -64.0658 19.1678 0.896384 -3.94437 -0.480666 0 0 0 87.3607 12.0326 72.4723 -6.63743e-06 58.7674 -5.69715e-06 0 0 0 159.553 68.5689 134.367 -172.755 -5.60348 -179.926 0 0 0 -11.3825 2.19416 14.9399 6.10714 1.05626 12.6064 0 0 0 -10.0883 -6.21095 -13.301 19.4936 -1.09169 6.91778 1.06722e-07 3.41676e-06 3.18211e-15 
-0.665452 0.971005 -0.965153 -22.176 -70.6407 25.6653 0.832998 -0.679131 0.15061 0 0 0 87.9621 13.5573 78.1576 7.87021e-06 52.6734 -1.81997e-06 0 0 0 165.695 65.8195 140.751 -171.953 -5.34523 -179.915 0 0 0 -13.989 1.52331 8.73835 4.78915 2.42938 16.006 0 0 0 -8.45362 -5.66438 -13.3956 18.859 -1.33416 7.63874 0 0 0 
-0.676058 0.972752 -0.967787 -36.9347 -76.5745 38.9657 0.143859 3.12602 -0.638921 0 0 0 90.7962 12.2167 78.1593 2.49606e-06 48.4908 1.12415e-06 0 0 0 166.835 62.8079 140.429 -171.072 -5.05488 -179.906 0 0 0 -14.122 1.52639 7.0292 3.41253 2.61891 13.1218 0 0 -1.70755e-06 -5.89458 -3.76387 -9.14524 16.8711 -0.60717 3.50247 0 0 0 
-0.678937 0.980191 -0.974218 -42.5541 -76.393 44.7462 0.533009 0.254204 -1.73343 0 0 0 102.888 14.0133 72.8134 -8.33656e-06 25.1719 -1.8613e-06 0 0 0 169.525 59.7032 142.079 -170.169 -4.59062 -179.9 0 0 0 -11.5012 0.826851 4.59948 1.67651 2.77767 16.0049 0 0 0 -3.59641 -3.58176 -12.2521 15.7971 -1.87371 9.16751 0 0 0 
-0.679115 0.981155 -0.974694 -39.0242 -75.834 41.7372 0.699759 -3.27413 0.250579 0 0 0 113.64 20.3504 78.9451 -5.22227 -15.3963 2.01128 0 0 0 175.585 57.9376 148.945 -169.303 -4.05157 -179.897 0 0 0 -11.3794 0.6845 4.94711 3.279 1.64343 11.6591 0 0 0 -3.41802 -2.63322 -9.72224 14.7762 -0.575113 2.96975 0 0 0 
-0.688196 0.992935 -0.981076 -70.6479 -78.8422 71.681 1.11962 1.5305 0.367079 0 0 0 119.808 20.5406 -79.994 -5.23047e-06 31.6865 -5.92178e-06 0 0 0 178.307 55.4022 149.821 -168.048 -2.79465 -179.919 0 0 0 -8.40394 0.968634 4.5405 -1.56169 1.64595 7.69286 0 0 0 0.0111273 -1.62541 -5.70601 12.5385 -0.245452 1.34888 -7.76503e-19 1.66753e-09 -5.33609e-08 
-0.688262 0.992935 -0.985752 -72.1925 -80.2978 73.1455 1.06692 0.399112 1.62782 0 0 0 121.641 20.7611 -72.2893 -7.23946e-06 40.0876 8.52418e-08 0 0 0 -179.638 54.3316 153.284 -167.111 -2.58928 -179.914 2.54444e-14 -3.41509e-06 -8.53774e-07 -8.59312 0.775083 4.43115 -0.517525 1.24334 7.12963 0 0 0 -0.00808454 -1.21116 -5.3396 11.2766 -0.187052 1.02017 0 0 0 
-0.688262 0.992935 -0.986191 -66.5579 -82.9497 68.1311 0.561334 -1.49991 0.219817 0 0 0 122.336 18.686 -66.1982 1.19165e-05 48.035 1.57112e-06 0 0 0 179.17 53.3392 153.772 -165.766 -2.46634 -179.906 0 0 0 -11.2548 0.842396 5.05806 -0.46435 0.687966 4.0147 0 0 0 -3.63392 -1.99247 -7.81051 13.1395 -1.30797 6.51509 0 0 0 
-0.689642 0.986813 -0.99748 -80.9918 -82.4039 82.1043 0.50581 -0.0586897 0.579133 0 0 0 120.969 17.1475 -56.421 -8.38139e-06 48.8833 -1.93368e-06 0 0 0 -177.817 53.4146 155.262 -164.867 -1.72588 -179.926 0 -2.13443e-07 0 -9.66338 0.861383 4.41585 -0.0151344 0.485833 2.48757 0 0 0 -3.05769 -2.86582 -7.51172 14.9318 -1.28572 7.05389 0 0 0 
-0.689642 0.984997 -1.00575 -81.4666 -83.3086 82.5954 0.660344 -1.13054 0.731928 0 0 0 115.381 14.7611 -40.0718 6.25452e-06 49.7185 -2.74791e-06 0 0 0 -175.357 52.8433 158.08 -163.06 -1.03971 -179.949 0 0 0 -9.69564 0.893674 4.82716 -0.650583 0.303736 1.5571 0 0 0 -3.7509 -3.057 -8.15902 15.0631 -1.5357 8.32954 0 0 0 
-0.688202 0.98483 -1.0149 -87.2049 -84.7933 88.6402 0.815784 -0.563443 0.442746 0 0 0 108.074 11.9016 -19.0816 -1.07276e-06 56.0883 -9.27766e-06 0 0 -3.41509e-06 -174.301 53.328 160.232 -161.748 -0.535433 -179.971 0 0 0 -10.6888 0.753871 4.0286 -1.18113 0.388893 1.91855 0 0 0 -4.85797 -3.04447 -8.56094 14.8465 -1.53179 8.5108 0 0 0 
-0.685045 0.984226 -1.02293 -106.834 -85.9289 108.849 0.308985 0.724961 -0.651033 0 0 0 100.842 8.04363 -0.857108 -5.13952e-06 70.4148 -7.28374e-06 0 0 0 -172.742 53.9576 161.908 -160.206 -0.0333557 -179.998 0 0 0 -11.7156 0.465903 2.00078 -1.4034 0.839765 3.59995 0 0 0 -5.84137 -3.35152 -9.09726 15.0753 -1.27548 8.09014 0 0 0 
-0.684732 0.983247 -1.03776 -122.13 -87.1902 122.141 0.272687 -0.609249 1.76787 0 0 0 94.8998 6.87647 14.5218 2.19002e-05 86.5557 1.82763e-05 0 0 0 -170.218 53.7857 165.639 -158.096 -0.292214 -179.98 0 0 0 -12.5029 0.840596 3.73241 -1.81433 0.931966 3.89806 0 0 0 -7.96676 -4.3813 -8.34894 17.4337 -1.77102 9.91376 0 0 0 
-0.683278 0.974336 -1.04728 -133.438 -87.3187 133.699 0.445167 0.338671 1.66241 0 0 0 88.4593 4.26503 22.9872 -180 76.9485 -180 0 0 0 -166.92 54.7047 -99.8627 180 -23.5109 180 0 0 0 -12.3623 0.887218 3.36648 -3.21021 1.07149 3.84074 0 0 0 -8.36571 -4.66138 -7.75937 18.4095 -1.38852 8.06142 0 0 0 
-0.680532 0.974079 -1.06676 -126.069 -86.8921 127.03 0.281947 0.638298 0.205852 0 0 0 86.328 3.41964 30.1698 180 66.6308 180 0 0 0 -161.662 56.3207 -96.2549 180 -26.2374 180 0 0 0 -11.929 0.692347 2.69627 -1.85689 1.07123 4.08838 3.97569e-16 -5.33609e-08 -8.53774e-07 -5.71615 -3.99207 -8.37335 17.088 -1.38404 7.70222 0 0 0 
-0.676772 0.974079 -1.07714 -44.6825 -88.3883 46.0724 0.362406 -1.32185 1.20679 0 0 0 83.6785 2.69511 33.8463 -180 60.7057 -180 0 0 0 -153.776 57.0832 -86.3381 180 -29.3408 180 0 0 0 -12.5015 0.908963 3.77613 -2.93569 0.687094 2.56889 0 0 0 -7.04714 -4.16486 -9.6128 17.2199 -1.34583 7.43167 0 0 0 
-0.671632 0.974079 -1.08602 16.2632 -88.5477 -13.9219 0.247851 -1.49516 0.706183 0 0 0 85.137 3.1549 37.9712 -180 57.7502 -180 0 0 0 -144.72 56.6255 -76.4464 180 -34.0359 -180 0 0 0 -14.6088 0.767204 2.98407 -1.69046 0.570941 2.07784 0 0 0 -8.92554 -4.52873 -10.4343 17.237 -1.1216 7.24748 0 0 0 
-0.671179 0.977537 -1.10901 -34.4517 -88.1596 36.8562 0.607226 1.20163 1.00443 0 0 0 86.242 2.82368 43.8911 -180 54.2014 -180 0 0 0 -130.238 57.1818 -63.5235 180 -38.9575 -180 0 0 0 -12.3113 0.616788 2.85109 -0.0696448 0.466208 2.14779 0 0 0 -4.80381 -3.31527 -10.6366 15.405 -1.27546 6.97728 0 0 0 
-0.670607 0.981382 -1.11616 -23.4046 -86.7238 25.9099 0.412324 -0.00501138 0.713567 0 0 0 84.7868 3.42871 45.6528 -180 52.6037 180 0 0 0 -121.312 54.2838 -54.6073 180 -43.8744 180 0 0 0 -11.9246 0.58547 2.85546 0.915538 0.405749 2.08294 0 0 0 -3.88565 -2.89244 -10.8674 14.6107 -1.09644 6.00595 0 0 0 
-0.669787 0.985408 -1.1207 -20.321 -86.3419 23.0508 0.586366 1.21317 0.540196 0 0 0 84.9673 5.69148 45.495 -180 52.3295 -180 0 0 0 -112.14 49.5663 -43.7602 180 -50.1154 180 0 0 0 -12.2928 0.407069 2.11824 2.30395 0.509463 2.76012 0 0 0 -5.12162 -4.01222 -11.4425 16.837 -1.25553 6.63363 0 0 0 
-0.661417 0.985408 -1.13295 -7.98816 -81.6159 11.5236 0.269217 -0.708286 1.63666 0 0 0 85.3067 10.6293 45.5078 180 52.9782 -180 0 0 0 -100.621 41.8217 -31.995 180 -57.8454 -180 0 0 0 -10.6925 0.199954 1.30302 1.56127 0.666231 3.94668 0 0 0 -4.27926 -3.31368 -12.2387 15.4589 -0.657557 3.66104 0 0 0 
-0.655381 0.987209 -1.14291 -3.04994 -75.2537 8.1266 -0.588124 -3.19855 -0.173707 0 0 0 85.6393 10.0724 42.3117 -180 54.4675 -180 0 0 0 -90.8601 32.4438 -21.8204 180 -68.1023 -180 0 0 0 -10.5356 0.0132027 0.901668 3.13492 0.540027 4.41299 0 0 0 -5.0199 -3.50311 -16.0366 14.493 -1.01191 6.246 -4.96962e-17 -2.66804e-08 2.13443e-07 
-0.644819 0.989273 -1.14599 -6.81357 -77.3587 10.6175 0.767358 -0.210992 3.3528 0 0 0 81.6893 12.2942 42.9751 180 53.1663 180 0 0 0 -89.6524 21.9123 -18.1005 -180 -75.3209 180 0 0 0 -10.0456 -0.145668 0.370022 3.63702 0.665462 5.69027 0 0 0 -3.76994 -3.40238 -15.3092 14.7606 -1.22521 6.90132 0 0 0 
-0.644819 0.989387 -1.15809 -10.2487 -77.3356 13.0802 0.0132734 0.929466 5.04269 0 0 0 84.5268 12.009 45.4414 -180 53.6876 180 0 -8.53774e-07 0 -83.4777 12.877 -14.5351 180 -83.2805 -180 0 0 0 -8.069 -0.23747 -0.36089 2.68158 0.801311 7.54615 0 0 0 -2.18485 -2.36352 -14.9865 12.1974 -1.02716 6.58271 0 0 0 
-0.641618 0.991 -1.16636 -5.29234 -75.9629 8.9196 -0.407077 -0.729215 3.09069 0 0 0 85.5296 11.1192 46.5531 -180 54.9114 -180 0 0 0 -79.7328 7.95824 -12.057 180 -89.0369 -180 0 0 0 -8.08919 -0.171792 -0.35338 2.02423 0.679545 7.03289 0 0 0 -3.05169 -2.11767 -15.799 11.3577 -0.973021 6.57528 0 0 0 
-0.641044 0.994527 -1.16811 -6.91372 -75.8328 10.327 0.401128 -0.363375 0.755143 0 0 0 84.6402 8.54835 46.1089 -180 54.0701 180 0 -3.41509e-06 0 -79.0891 4.81433 -9.18013 -1.96955e-05 -86.783 2.33192e-05 1.70755e-06 1.28066e-06 3.4151e-06 -7.57068 -0.15558 -0.218495 2.01358 0.747782 7.09753 0 0 0 -2.53545 -2.24097 -15.5927 11.2891 -0.938619 6.80106 0 0 0 
-0.641618 0.994527 -1.17032 -1.80579 -76.3647 4.67693 -0.476806 -0.349554 1.57036 0 0 0 85.7358 9.7948 46.8504 -180 55.2296 180 0 0 0 -76.7652 0.340064 -7.24102 3.09855e-05 -83.6257 -3.68808e-05 0 0 0 -8.06203 -0.14543 -0.638474 0.956899 0.994537 9.01517 0 0 0 -3.32268 -2.15404 -16.0009 10.759 -1.21819 8.854 0 0 0 
-0.642353 0.995732 -1.17197 -3.27951 -75.9168 5.6326 -0.165027 -0.901116 2.11301 0 0 0 85.8703 10.1063 46.8909 180 55.3288 180 0 0 0 -75.79 -3.03132 -5.23576 3.40338e-06 -82.054 -7.48823e-06 0 0 0 -6.65045 0.0794061 -0.0934872 -0.925937 1.1477 9.11652 0 0 0 -2.92021 -2.17971 -15.5686 11.2323 -1.18815 8.13437 0 0 0 
-0.642353 0.994527 -1.17197 -0.819563 -76.003 3.09546 -0.836534 -1.24863 2.60861 0 0 0 86.5312 11.0788 47.42 180 56.0469 180 0 0 0 -74.548 -6.13504 -3.43251 -9.52115e-06 -81.1873 8.15878e-06 0 0 0 -7.00632 0.0668363 -0.371631 -1.03353 1.21961 9.70351 0 0 0 -3.47995 -2.77137 -17.5738 11.5547 -1.86891 12.5626 0 3.41509e-06 0 
-0.644263 0.989417 -1.17174 3.99892 -77.3774 -2.00622 -0.268466 -0.138709 2.24204 0 0 0 85.8847 10.9495 48.1464 180 56.9829 180 0 0 3.41509e-06 -74.6549 -7.68271 -1.07453 -8.44089e-06 -81.1621 7.22987e-06 0 0 0 -8.96965 -0.176714 -1.62754 0.0837433 1.58637 12.7018 0 0 0 -3.29835 -3.36639 -20.3598 12.1135 -3.13142 17.88 0 0 0 
-0.646242 0.986774 -1.17197 4.03871 -78.6564 -2.46285 0.128384 0.17938 2.4161 0 0 0 86.228 10.7911 48.7682 -180 57.0703 -180 -3.41509e-06 -1.01778e-13 -3.41509e-06 -73.9303 -8.10686 0.403795 2.07784e-05 -82.8674 -2.28955e-05 0 0 0 -9.3856 -0.446812 -2.72906 0.763142 2.13011 15.3193 0 0 0 -2.53994 -3.92809 -21.1997 12.126 -3.46237 20.5794 0 0 0 
-0.654076 0.986774 -1.17174 4.61006 -79.1993 -2.91178 -0.344919 -1.38537 0.109853 0 0 0 88.0257 9.06326 47.8503 -180 58.0585 180 0 0 0 -72.4932 -5.26488 1.31604 5.63747e-05 -85.8851 -5.71299e-05 0 0 0 -9.0735 -0.233371 -2.17631 -0.0818046 2.20213 14.9121 0 0 0 -1.52049 -3.97915 -22.458 12.9487 -4.21482 21.0259 0 0 0 
-0.662762 0.986774 -1.17107 6.90879 -85.2345 -7.42067 -0.0799917 0.399736 2.65365 0 0 0 89.7784 11.4504 49.6061 -180 58.8483 180 0 0 0 -71.6063 -2.77788 -0.570715 180 -89.5118 -180 0 0 0 -8.71001 0.252264 -0.137129 -1.52055 2.45293 14.1974 0 0 0 1.13873 -2.2666 -19.357 12.0805 -4.09639 17.5669 0 0 0 
-0.677499 0.998883 -1.15595 149.835 -84.901 -151.116 -0.088575 1.91193 2.2666 0 0 0 99.1202 12.5086 55.598 -180 63.2547 -180 -9.54166e-14 -3.41509e-06 3.20165e-06 -75.2497 5.09367 -5.08362 180 -81.7558 -180 0 0 0 -12.4618 0.265246 -0.474471 -2.19883 3.26177 13.3301 0 0 0 2.88685 -0.721226 -13.6815 9.92612 -3.1086 12.9583 0 0 0 
-0.685263 1.00007 -1.14971 176.063 -81.2091 -176.571 1.73896 0.909047 0.738156 0 0 0 105.45 20.6711 59.2828 180 68.2038 180 0 0 0 -77.2922 10.8703 -7.70282 180 -74.781 -180 -2.13443e-07 0 0 -10.0321 0.669752 1.58618 -4.57145 1.92206 6.86164 0 0 0 5.80459 -0.717956 -12.9989 10.3235 -3.66107 13.7478 0 0 0 
-0.685263 1.00007 -1.14971 178.479 -80.6905 -176.863 0.217396 -1.37692 -0.634614 0 0 0 114.791 34.2021 67.4359 -180 70.4477 -180 0 0 0 -75.3125 11.839 -8.47041 180 -70.5848 -180 0 0 3.41509e-06 -9.42483 0.159712 -0.790234 -3.94531 1.89918 7.21236 0 0 0 7.01927 -0.312476 -15.6924 9.9325 -4.10893 14.9423 0 0 0 
-0.685439 1.00007 -1.14659 177.375 -78.396 -175.761 -0.118742 -5.00536 -0.665404 0 0 0 118.471 35.1027 69.8368 180 74.6528 180 0 0 0 -76.9206 16.4388 -12.3524 180 -64.1684 -180 0 0 0 -9.66947 0.112771 -1.60038 -4.71236 1.8524 7.2388 0 0 0 8.03568 0.0804472 -14.9562 11.4885 -4.49309 12.8125 0 0 0 
-0.688847 1.00007 -1.14659 -178.15 -75.4023 178.764 -0.551273 -4.99186 0.113972 0 0 0 117.444 30.7311 69.2994 180 65.0623 180 -2.54444e-14 3.41509e-06 -8.53774e-07 -75.6364 18.5736 -13.5082 180 -60.1293 -180 0 0 0 -8.01372 0.2427 -1.6067 -5.6196 1.58265 6.74613 0 0 0 10.2721 0.0739103 -15.3663 11.8338 -6.96672 17.0513 0 0 0 
-0.700136 0.973999 -1.1425 -165.88 -62.1811 162.445 -1.89111 2.91594 0.759306 0 0 0 121.448 31.9475 64.1237 -180 65.0841 180 0 0 0 -71.8562 26.2097 -14.8821 180 -53.923 180 0 0 0 2.71302 2.26614 -1.73687 -12.6495 2.96899 13.3994 0 0 0 20.1875 0.625201 -7.71172 3.63123 -9.35514 24.3431 0 0 0 
-0.710361 0.972032 -1.13386 -163.869 -60.1436 159.925 2.84471 1.20371 -0.0681308 0 0 0 122.772 33.0568 62.7522 -180 70.0439 -180 0 0 0 -77.7777 32.2143 -16.9219 -180 -47.4058 -180 0 0 0 7.98842 4.7437 -2.1666 -18.5611 4.36693 15.8056 0 0 0 22.3344 0.454156 -6.57915 2.67508 -9.18169 25.0807 0 0 0 
-0.731135 0.943698 -1.10362 -170.925 -65.5389 167.998 -1.98579 2.65674 -2.21859 0 0 0 131.151 40.8122 66.3693 180 83.8032 180 0 0 0 -76.803 33.0039 -8.35641 180 -42.5587 -180 0 0 0 -0.96213 3.81577 -2.99984 -16.4365 3.5223 15.015 0 0 0 22.7956 3.53452 -5.57327 -5.77551 -6.63914 17.1617 0 0 8.53774e-07 
-0.758238 0.943698 -1.0575 -167.455 -80.2729 163.669 0.85872 -0.493511 0.618667 0 0 0 128.451 54.2692 67.5967 -3.64696e-05 83.1159 -4.14592e-05 0 0 0 -84.9005 29.2072 10.4099 180 -41.3121 -180 0 0 0 -9.97405 1.37485 2.71214 -7.20041 2.96072 14.7975 0 0 1.06722e-07 11.3199 1.91486 -9.58507 4.09601 -6.92999 17.7516 0 0 0 
-0.779332 0.943698 -1.04098 -60.5042 -80.4135 55.3814 1.52883 -2.14243 -0.303252 0 0 0 129.949 69.8896 67.3278 -2.04636e-05 66.6119 -2.57039e-05 0 0 0 -79.5924 28.0254 29.1999 180 -43.1193 -180 0 0 0 -0.916047 1.71499 12.988 -10.4696 2.27365 10.9417 0 0 0 15.9139 1.95442 -10.0805 5.26243 -5.55767 14.2661 0 0 0 
-0.792461 0.963236 -1.01537 -38.4482 -66.5941 33.9469 0.433653 -3.00467 -1.57529 0 0 0 77.9952 81.2122 20.5257 8.4563e-06 58.0351 9.08428e-06 0 0 0 -74.0043 23.0965 46.6834 180 -47.8895 -180 0 0 0 12.2154 -0.949118 16.8202 -15.9433 0.620691 8.17719 0 0 0 18.0613 2.65347 -12.8437 8.37688 -6.6838 13.4859 0 0 0 
-0.796704 0.98188 -0.979068 -34.4287 -54.9592 31.7384 -0.999567 -0.130915 -0.496068 0 0 0 5.31554 67.7971 -36.6132 6.4303e-07 56.4422 -3.8162e-07 0 0 0 -72.06 14.2367 59.1358 180 -53.5075 180 2.66804e-08 0 0 19.0516 -3.088 15.3757 -15.1317 -0.516904 7.1943 0 0 0 18.1499 3.96455 -17.8439 11.6048 -6.80493 11.6436 0 0 4.26887e-07 
-0.799866 1.00423 -0.95335 -31.4061 -45.9283 30.5215 -1.60881 1.58073 1.74864 0 0 0 -5.88116 53.3591 -36.0559 -6.26573e-06 60.7929 -8.62471e-06 0 0 0 -71.9935 1.74678 66.4483 180 -53.16 -180 0 0 0 22.3542 -2.18809 11.8385 -13.1334 -1.06007 10.1975 0 0 0 17.5627 3.3972 -24.2203 14.1934 -7.3191 13.2856 0 0 0 
-0.81053 1.00423 -0.939382 -28.3929 -40.1984 29.4105 -2.01801 3.5788 -1.17571 0 0 -1.70755e-06 -2.60721 47.0139 -29.9679 -7.86322e-07 64.683 -4.03476e-06 0 0 0 -77.1622 -7.13573 76.8953 -180 -49.4278 -180 0 0 0 18.0719 -0.473605 5.45659 -7.64842 -1.97568 14.6664 0 0 0 15.4365 3.25142 -28.1435 13.9816 -8.13555 15.9479 0 0 0 
-0.825039 1.00423 -0.898073 -22.0511 -43.0046 24.7373 -11.0734 8.35497 -5.65836 0 0 0 3.74663 43.8858 -9.9642 -7.24387e-07 65.2765 -3.50556e-06 0 0 0 -74.8695 -3.81641 79.8072 180 -49.0926 -180 0 0 0 12.5796 -0.6123 8.29238 -9.42981 -1.3828 16.8067 0 0 0 7.24618 0.391392 -24.9468 16.4633 -6.21494 13.1868 0 0 0 
-0.8329 0.984538 -0.88839 -28.8269 -38.6413 38.985 8.05561 -1.21106 -24.9544 0 0 0 17.406 60.5231 26.73 8.14531e-06 67.7565 9.0682e-06 0 0 0 -98.5582 22.8559 84.3986 180 -52.5471 180 0 0 0 17.132 0.412785 1.51739 -7.13974 -2.28277 13.0061 0 0 0 13.2964 5.40594 -34.7505 14.972 -7.86123 14.1247 1.06722e-07 2.66804e-08 -2.13443e-07 
-0.849627 0.963209 -0.869708 -29.4101 -33.8336 36.7393 16.7953 1.31208 -23.8609 0 0 0 38.4931 52.0226 59.9599 -2.50833e-05 69.9443 -2.69226e-05 0 0 0 -104.909 24.3606 92.3486 180 -48.6688 -180 0 0 0 17.7069 1.9562 -2.50646 -7.58154 -2.94791 17.7357 0 0 0 14.1002 5.74513 -33.5448 15.1739 -6.52335 11.3981 -1.49089e-16 -2.66804e-08 6.4033e-07 
-0.876786 0.957913 -0.859393 -28.083 -32.8852 38.0482 13.517 7.41148 -31.1482 0 0 0 62.7516 27.7063 76.7863 3.77992e-06 64.8402 3.77843e-07 0 0 0 -108.246 27.569 96.7345 -180 -49.6462 180 0 0 0 19.1558 3.07161 -3.56491 -12.0133 -1.35377 12.2359 0 0 0 14.6454 6.9766 -34.1185 13.7117 -5.26673 9.43991 0 0 0 
-0.904247 0.957913 -0.84491 -27.4004 -36.8549 34.5243 10.7178 8.23683 -28.4319 0 0 0 78.8736 16.9957 81.324 -7.04005e-06 54.9987 -7.5148e-06 0 0 0 -105.077 28.3635 100.544 180 -44.106 -180 0 0 0 15.1966 1.63448 1.07848 -13.1342 -0.494059 9.42957 0 0 0 17.1573 8.01486 -28.2668 11.4914 -6.72923 11.0678 0 2.66804e-08 0 
-0.905187 0.955283 -0.823815 -23.4822 -39.1146 28.32 11.3645 9.09249 -21.3876 0 3.44177e-06 0 76.1819 9.30846 74.2742 1.13665e-05 57.3878 6.22141e-06 0 0 0 -112.711 20.8081 96.8163 180 -43.8692 -180 0 0 0 9.57141 1.6134 2.32246 -12.1258 0.33294 14.2182 6.36111e-15 3.41509e-06 2.13443e-07 12.6628 3.02616 -21.1404 14.5368 -4.8485 8.76461 0 0 0 
-0.911666 0.951513 -0.809996 -13.6733 -40.2943 15.32 3.83479 1.82754 -8.03543 0 0 0 85.8619 12.9279 74.0158 -3.1424e-06 51.9568 -9.12907e-06 0 0 0 -108.661 5.95644 90.3657 180 -38.1493 -180 8.53774e-07 0 0 -10.4282 1.53895 10.1331 3.4226 1.64781 13.2369 0 0 0 -0.543926 -4.42637 -7.9309 21.2899 -1.27204 3.48925 0 0 0 
-0.917548 0.949253 -0.809996 -12.2103 -40.6972 14.9701 2.84874 0.941878 -2.2004 0 0 0 86.3174 16.0268 72.7883 2.7904e-07 50.7224 -3.64706e-06 0 0 0 -109.35 -3.25025 89.4642 180 -36.1852 -180 0 0 0 -12.5823 1.7202 9.36714 5.2634 1.81215 12.3348 0 0 0 -2.1081 -4.08519 -7.96232 19.3012 -1.46533 5.24713 0 0 0 
-0.921057 0.949253 -0.809996 -9.29759 -39.96 14.0877 0.515088 -1.59794 -2.71918 2.13443e-07 7.95139e-16 -4.26887e-07 85.8379 12.5592 71.0298 1.11305e-06 53.1019 5.56181e-07 0 0 0 -108.729 -5.98827 87.1266 180 -33.8413 -180 0 0 0 -17.7896 0.762366 5.83011 7.73905 2.03445 13.1918 0 0 0 -5.32469 -5.57636 -10.097 21.4728 -2.35374 7.99051 0 0 0 
-0.935365 0.947466 -0.809946 -11.5985 -43.3136 15.3685 1.47471 0.421685 -2.28492 2.13443e-07 -1.98785e-16 1.06722e-07 85.8788 9.78126 69.0674 -6.85679e-06 53.2523 -3.43754e-06 0 0 0 -108.777 -8.38392 83.986 180 -32.1053 -180 0 0 0 -18.2415 -0.95657 2.62204 11.6593 1.48503 13.1902 0 0 0 -4.54971 -5.85815 -10.4595 21.3887 -2.69726 9.54706 0 0 0 
-0.957934 0.944397 -0.811021 -14.0635 -46.7986 16.1489 1.56367 0.234981 -1.56238 0 0 0 85.5445 7.72817 69.7001 -4.22284e-06 56.0507 -6.11647e-06 0 0 0 -105.031 -8.0276 82.2151 -180 -27.8243 180 0 0 0 -16.9992 -0.273809 3.02213 10.2217 1.14569 8.85409 0 0 0 -1.70351 -4.44392 -6.59888 20.2864 -2.17479 6.96153 0 0 0 
-0.964279 0.945752 -0.814624 -15.392 -47.4736 17.2549 0.872676 1.00084 -2.38525 0 0 0 83.7452 4.74665 65.8008 -1.44024e-05 61.7117 -8.60458e-06 8.53774e-07 0 0 -105.399 -11.1802 76.6067 180 -28.6827 -180 0 0 0 -16.2805 -2.54223 0.630328 15.6553 0.0644359 10.035 0 0 0 -0.0176734 -3.82229 -6.33384 19.4416 -2.318 6.77808 0 0 0 
-0.986313 0.94264 -0.824234 -17.9306 -51.9534 17.7696 0.220243 0.215054 -1.02423 -2.13443e-07 0 0 84.4924 4.86951 66.6309 -1.20439e-05 65.0745 -1.17347e-05 0 0 0 -99.642 -10.6007 72.2451 180 -23.3916 -180 0 0 0 -12.425 -2.27153 -2.73473 9.379 0.770762 17.9922 0 0 0 3.65696 -2.20995 -2.50248 15.1624 -2.4246 7.10547 0 -3.41509e-06 0 
-0.991029 0.941885 -0.827626 -17.4905 -51.1396 18.2328 0.816136 -0.206726 -1.19193 6.4033e-07 1.19271e-15 -2.13443e-07 80.6923 3.01488 60.8013 8.90979e-07 70.3972 -3.55075e-06 0 0 0 -100.867 -14.7745 65.8528 -180 -23.9283 180 0 0 0 -12.2068 -3.11526 -2.97384 13.8846 -0.338385 12.9393 0 0 0 2.93135 -2.968 -4.73062 16.3452 -3.75913 11.1405 0 0 0 
-1.00398 0.939423 -0.828863 -14.5375 -52.9335 15.257 0.680764 0.375271 -1.18422 0 0 0 77.9771 -1.81822 53.3045 -1.33745e-05 76.7385 -1.27667e-05 0 0 0 -97.867 -16.0008 63.8883 176.389 -19.3528 -180 0 0 0 -12.9999 -2.52967 -2.08596 13.1176 -0.076505 10.8344 2.48481e-17 2.66804e-08 1.06722e-07 0.207287 -3.93915 -3.58659 18.0625 -4.15488 12.5502 0 0 0 
-1.01929 0.93871 -0.83298 -15.3391 -52.9186 15.7535 0.609832 0.363645 -2.545 0 0 0 77.4626 -6.2293 48.4025 -1.21242e-05 81.0142 -1.48492e-05 0 0 0 -94.2433 -15.765 62.9613 173.955 -16.418 -179.992 0 0 0 -10.6766 -0.424764 0.468512 7.44278 0.141733 2.21702 0 0 0 1.65626 -3.50287 -1.89504 17.4241 -3.82185 11.2856 0 0 0 
-1.02938 0.937538 -0.84043 -11.3513 -54.2286 12.4252 0.651946 -0.42929 -2.09641 0 0 0 77.1499 -7.12771 44.5904 -5.38402e-05 84.5521 -6.04886e-05 0 0 0 -89.0353 -17.6718 59.9963 169.204 -10.1555 -179.986 0 0 1.70755e-06 -13.2337 -0.254492 1.16051 7.52316 0.0426811 0.497425 4.26887e-07 1.59028e-15 -4.26887e-07 -2.24381 -4.67862 -1.29092 19.9968 -4.1078 12.0799 0 0 0 
-1.03751 0.937538 -0.856391 -12.9844 -55.4218 13.2137 0.958028 0.191193 -1.54147 0 0 0 77.4375 -5.45103 42.7752 -0.000496808 89.302 -0.000493185 0 0 0 -82.6281 -22.1757 57.8234 162.422 -7.13674 -179.982 5.08889e-14 1.70755e-06 3.41509e-06 -10.3956 0.0384025 1.42889 4.98224 -0.0743691 -0.785136 0 0 0 0.339653 -4.33336 -0.377043 18.6388 -4.72187 13.4888 0 3.41509e-06 0 
-1.04821 0.936763 -0.867899 -10.6287 -57.5631 12.7879 0.0126319 -0.129186 -1.07975 0 0 0 77.9345 -6.05307 40.7507 180 86.7697 180 0 0 0 -73.83 -22.0049 54.4758 159.319 1.34206 179.995 0 0 0 -11.0563 -0.367371 -1.25209 4.1966 0.0259824 0.276846 0 0 0 -1.62981 -4.92171 -2.26556 19.1021 -5.46528 15.6316 2.54444e-14 3.41509e-06 8.53774e-07 
-1.05957 0.937538 -0.878397 -11.4185 -57.719 13.118 0.244721 0.0340451 -0.878958 0 0 0 79.508 -5.64181 40.4316 -180 80.391 -180 0 0 0 -68.1111 -23.4205 -48.7009 180 -25.5899 -180 0 0 0 -9.77957 -0.663441 -2.61683 4.77199 0.283656 4.30777 0 0 0 0.110427 -3.99383 -2.43789 15.5779 -5.76366 18.5426 0 0 0 
-1.07591 0.941702 -0.899277 -14.6702 -58.9385 14.6481 0.159602 0.0450163 -1.10588 0 0 0 85.3088 -5.66908 40.1418 180 76.2594 180 0 0 0 -58.9787 -21.4651 -60.1916 -180 -31.3816 180 0 0 0 -5.25833 -0.317941 -1.72533 2.40006 0.383202 5.51117 0 0 0 5.05972 -2.83639 0.583857 12.1883 -5.23226 17.7428 0 0 0 
-1.08249 0.94199 -0.900311 -12.6289 -59.2452 12.0266 0.0148273 0.0971936 -1.11808 0 0 0 80.4769 3.19921 45.4449 -180 67.7871 -180 0 0 0 -57.1468 -21.772 -61.8173 -180 -34.5336 180 0 0 0 -5.71252 -0.233024 -0.859496 2.56097 0.358785 5.84643 0 0 0 3.78374 -2.90199 2.61861 12.769 -4.8388 16.2744 0 0 0 
-1.08869 0.942956 -0.909818 -11.6604 -58.241 10.667 0.324592 -0.67846 -0.869626 0 0 0 81.5235 5.86327 47.9264 -180 66.0684 -180 0 0 0 -54.1106 -23.1886 -63.4971 180 -38.5657 -180 0 0 0 -5.58101 -0.1891 0.882573 4.19415 0.216606 6.52143 0 0 0 4.07589 -2.03648 4.81438 10.2275 -3.43397 13.7351 0 0 0 
-1.09608 0.944316 -0.914169 -10.2785 -59.8124 9.1475 -0.90246 0.975562 -1.34866 0 0 0 87.9554 6.70922 51.7377 -180 65.9471 -180 0 0 0 -51.251 -22.6357 -65.4314 180 -41.1589 -180 0 0 0 -6.42436 -0.530886 0.247848 5.41005 -0.00189575 10.2997 0 0 0 3.18351 -2.18421 6.23537 10.0619 -3.60238 13.9251 0 0 0 
-1.09907 0.949089 -0.920104 -9.94728 -58.8983 8.56274 0.593378 -0.307069 -1.0066 0 0 0 91.5035 9.66155 53.4681 -180 66.1448 -180 0 0 0 -51.0621 -22.7013 -66.7448 -180 -42.7969 180 0 0 0 -6.12176 -0.295226 1.67281 4.77029 0.349357 10.8855 0 0 -2.66804e-08 2.95103 -1.79241 7.7508 9.51273 -2.75173 12.7312 -4.26887e-07 3.20165e-06 -1.19271e-14 
-1.10078 0.950333 -0.924237 -8.81286 -59.3089 7.02256 0.579948 -0.48775 -0.932829 0 0 0 92.5053 11.7957 54.3454 180 67.4831 180 0 0 0 -50.1276 -22.7309 -67.1903 180 -44.5573 -180 0 0 0 -6.72007 -0.219931 2.19247 4.32839 0.340149 11.3753 0 0 0 1.42601 -2.37758 8.79701 10.0922 -3.83159 17.044 0 0 0 
-1.10078 0.95189 -0.926657 -8.37323 -60.0177 6.53526 0.638437 -0.556531 -1.07556 0 0 0 93.4499 12.4753 54.1747 -180 64.7766 -180 0 0 0 -50.2108 -21.7491 -67.8247 180 -44.7021 -180 0 0 0 -6.51428 0.0289829 2.57183 3.16416 0.788374 10.9956 0 0 0 0.574747 -1.5897 9.44001 7.84745 -2.69236 18.8348 0 0 0 
-1.10078 0.953965 -0.927033 -6.91042 -62.677 4.72757 0.74669 -0.663067 -1.0578 0 0 0 90.0224 18.1685 36.4158 -180 62.5615 -180 0 0 0 -49.5706 -17.6708 -71.9195 180 -45.1222 -180 3.4151e-06 0 0 -7.32563 0.217724 2.79396 1.62935 1.0245 10.6036 0 0 0 -1.16027 -1.53335 10.5339 6.8717 -2.59658 22.6747 -8.53774e-07 3.41509e-06 -2.54444e-14 
-1.09841 0.953965 -0.928943 -6.01048 -65.2717 4.32663 0.0390838 0.87764 -1.60402 0 0 0 80.9741 15.1833 30.2019 180 51.4648 180 0 0 0 -48.6102 -17.0886 -72.3876 180 -45.8952 -180 0 1.60083e-07 0 -8.12667 0.0348991 0.989691 1.22831 1.30113 11.6024 0 0 0 -3.79632 -0.635816 11.4015 5.80464 -1.1764 22.236 0 0 0 
-1.09359 0.953651 -0.933922 -7.16209 -67.2788 4.60775 -0.0861105 -1.31758 -0.550875 0 0 0 82.8074 23.9819 32.1094 -180 58.8727 -180 0 0 0 -46.8754 -14.5294 -75.5252 180 -46.3181 -180 0 0 0 -7.79715 0.0406286 0.293991 0.316635 1.52671 11.1626 -8.53774e-07 4.77083e-15 6.4033e-07 -5.81146 0.0894751 13.0628 6.43708 -0.330184 21.4657 0 0 0 
-1.08427 0.953651 -0.940848 -5.91973 -68.7631 3.64508 -2.35723 1.63805 1.50407 2.13443e-07 3.4151e-06 6.36111e-15 77.0859 21.4739 32.656 180 47.3316 180 0 0 0 -43.8801 -18.8635 -74.7723 180 -47.9136 -180 0 0 0 -7.92828 -0.147966 -0.9863 0.360936 0.481496 3.62657 0 0 0 -6.85484 0.379834 13.1987 5.91362 0.133817 22.2437 -5.08889e-14 3.41509e-06 -1.70755e-06 
-1.07421 0.957141 -0.95202 -9.61263 -61.5167 8.82888 0.640235 -2.67301 1.8394 0 0 0 76.1298 24.6014 31.7028 180 49.5986 180 0 0 3.4151e-06 -45.0739 -26.904 -69.5907 -180 -49.1067 180 0 0 0 -3.85655 -0.241216 -2.66369 -0.518933 -0.427001 -3.97572 0 0 0 -2.3547 0.0119409 14.5308 7.114 -0.814575 13.886 -8.53774e-07 3.20165e-06 -2.38542e-14 
-1.06097 0.953651 -0.95202 -11.3016 -64.5578 9.80097 0.543744 2.69677 7.86233 3.97569e-16 3.41509e-06 1.33402e-08 75.003 28.8831 30.7631 -180 49.9313 -180 0 0 0 -43.6902 -34.5218 -69.5682 180 -49.6107 -180 0 -4.26887e-07 0 -3.48701 -0.382789 -3.94652 -0.521227 -0.905602 -7.61704 0 0 0 -2.5232 0.711404 15.4227 5.52108 -0.111567 13.1313 0 0 0 
-1.04856 0.944147 -0.95202 -7.86157 -63.2556 9.38031 -1.09104 3.93703 5.84981 0 0 0 73.4915 26.5246 32.2456 -180 48.0673 -180 0 0 0 -42.0896 -40.8813 -66.1675 180 -52.8555 180 0 0 0 -5.04941 -0.377321 -7.43749 -1.25192 -0.605176 -7.11717 0 0 0 -4.5829 -0.252241 12.2725 6.51102 -0.886322 13.6038 0 0 0 
-1.03314 0.930808 -0.948348 -4.46509 -56.877 8.3674 0.663567 -3.30211 4.65777 -4.26887e-07 3.41509e-06 1.06722e-07 57.3172 34.2649 29.1145 -180 52.7851 -180 0 3.41509e-06 0 -43.0957 -41.1645 -67.2478 180 -53.6907 180 0 0 0 -8.66361 -2.05347 -11.8114 -1.12175 -0.926609 -4.616 0 0 0 -3.9127 0.261157 9.97283 6.47447 -0.223718 9.22037 0 0 0 
-1.02121 0.930808 -0.948348 -3.49144 -55.303 10.0601 1.18159 -2.08021 2.85555 0 0 0 49.8652 36.3144 24.9315 -180 58.3858 -180 0 0 0 -45.7757 -45.9599 -62.4025 -180 -54.3719 180 0 0 0 -10.0241 -3.00119 -15.3561 -0.834723 -0.554849 -2.58233 0 0 0 -4.74139 -0.229882 5.19403 5.83668 -0.103183 12.9636 0 0 0 
-1.00528 0.930808 -0.948348 -3.92798 -59.3364 11.4864 0.457052 1.83961 1.33058 0 0 0 47.5825 46.5355 24.2611 180 69.9306 180 0 0 0 -46.1695 -44.5373 -61.6287 180 -54.006 -180 0 0 0 -10.241 -3.77499 -19.0338 -0.486632 0.643584 3.03856 0 0 0 -5.36422 -0.214592 3.662 4.82941 0.223805 13.3206 0 0 0 
-0.999871 0.933561 -0.951689 -7.90323 -62.5693 16.1161 -0.214217 4.71907 2.06434 4.26887e-07 0 0 38.6773 65.0355 15.3959 -180 88.3939 -180 0 0 0 -43.0417 -44.317 -63.8497 -180 -53.5059 180 0 0 0 -7.38965 -3.01493 -22.517 -2.06322 1.83188 9.99858 0 0 0 -5.67655 -0.606466 2.03953 6.16794 -0.0752507 13.7074 0 0 0 
-0.999281 0.934787 -0.952305 -14.1623 -63.8969 18.7196 1.2873 -3.4858 6.6158 0 0 0 -3.34671 82.2348 -22.077 -2.16202e-05 79.8487 -2.69992e-05 0 0 0 -42.5926 -40.0335 -66.0203 180 -50.1195 -180 0 0 0 -2.70962 -0.427318 -21.0377 -5.68454 2.97354 17.2552 0 0 0 -2.35768 -0.349586 4.77097 4.96693 -0.340763 13.9792 -1.70755e-06 3.41509e-06 -5.08889e-14 
-0.988775 0.971806 -0.952305 -31.492 -64.4344 36.9109 -2.96417 -1.83481 -1.95783 0 0 0 98.5681 78.4771 67.8615 -5.17756e-06 70.4377 -9.92532e-06 0 0 0 -37.7977 -33.6876 -58.0212 180 -47.9287 180 0 0 0 4.92269 5.4547 -25.7126 -7.50226 -0.304188 24.45 0 0 0 6.19576 -0.576767 1.85891 2.36081 -2.22551 11.4521 0 0 0 
-0.988426 0.972966 -0.952305 -33.5293 -62.7203 36.0557 -0.364091 -0.759055 1.14843 0 0 0 77.3989 86.0987 50.1294 -2.30243e-07 60.3046 -5.07061e-06 0 0 0 -43.5982 -37.1953 -50.2773 -180 -46.6219 -180 0 0 0 9.81563 7.98747 -19.8197 -15.0823 1.51782 22.1915 -8.53774e-07 -1.06722e-07 -8.53774e-07 8.94716 -1.28138 7.07132 1.4739 -1.16234 5.93583 0 0 0 
-0.981004 0.988009 -0.951177 -36.5076 -60.2928 37.3965 -0.459738 -1.57916 1.35135 0 0 0 138.649 87.1048 108.669 -2.72939e-06 48.4546 -4.50501e-06 0 0 0 -42.7638 -34.6865 -48.252 180 -45.222 -180 0 0 0 11.9186 8.62558 -18.5175 -15.0277 1.05758 24.8706 0 0 0 10.8488 -2.61807 12.0951 4.57544 -0.457661 1.59744 0 0 0 
-0.975931 0.990991 -0.944589 -34.4077 -56.758 36.9154 0.355382 2.82887 0.632004 0 0 0 -21.9394 83.3716 -49.9495 -8.77874e-07 39.4269 -3.71553e-06 0 0 0 -47.7801 -43.6246 -37.031 180 -47.2262 -180 0 0 0 11.7124 8.84234 -20.4001 -14.405 0.965203 25.9808 0 0 0 12.8738 -2.27075 8.90536 4.68716 -0.651024 2.03582 0 0 0 
-0.967912 0.990991 -0.944589 -26.1352 -48.9114 30.058 -0.622578 1.41281 2.84237 8.53774e-07 0 0 -24.0541 72.5383 -49.5748 -4.47646e-07 33.0254 -1.13452e-06 0 4.16882e-10 0 -57.3794 -54.6453 -19.9632 -180 -50.3413 -180 0 0 0 7.52653 5.50118 -20.7553 -8.82832 0.027833 25.456 0 0 0 11.5863 -1.39079 3.6104 7.79925 -1.08121 2.92935 0 0 0 
-0.966901 0.990991 -0.944589 -20.7225 -42.2055 26.3906 -0.54491 -1.24651 2.71213 0 0 0 -24.6007 67.1818 -47.0559 -5.78878e-07 26.5631 -2.22008e-06 0 0 0 -63.6827 -57.2362 -11.4322 180 -51.2036 -180 0 0 0 4.37054 3.53855 -18.4899 -6.03467 -0.550763 18.1611 0 0 0 11.2807 -2.58859 4.65086 11.9006 1.92814 -3.86298 2.13443e-07 5.33608e-08 -4.26887e-07 
-0.9654 0.967569 -0.948979 -16.7505 -35.4168 22.7759 1.44973 6.02629 4.34955 -4.26887e-07 1.06722e-07 1.06722e-07 -27.5987 50.6475 -45.72 4.70999 20.6112 -0.610737 0 0 0 -80.6296 -68.0296 6.56022 180 -57.7686 -180 0 0 0 0.295448 -0.49855 -14.7074 -1.16812 1.02314 15.1537 0 0 0 14.1757 -1.6977 4.19529 8.89469 1.99546 -5.37444 0 0 0 
-0.9654 0.964977 -0.948979 -14.1299 -28.9864 21.1945 2.04489 2.61368 3.95452 4.26887e-07 0 0 -27.394 45.9134 -28.0777 7.39393e-07 23.5772 -3.77045e-06 0 0 0 -93.5115 -68.8535 21.5544 180 -59.8814 -180 0 0 0 -1.48143 -1.2727 -13.1858 0.959857 1.03859 14.2854 8.53774e-07 1.59028e-15 -2.13443e-07 10.537 -0.997507 -0.853715 10.8866 0.915452 -2.83347 0 0 0 
-0.952407 0.959296 -0.949605 -9.68921 -29.2065 18.714 -2.0604 2.02277 5.6846 0 0 0 -28.8115 44.1009 -31.5594 -2.71655e-06 24.3396 -1.45924e-06 0 0 0 -91.8816 -69.954 21.2226 180 -60.0358 -180 0 0 0 -6.67235 -1.62923 -10.6566 2.89338 0.825696 10.8197 0 0 0 6.89792 -0.879831 -0.881419 10.3354 0.685195 -2.27483 -6.4033e-07 -3.57812e-15 -6.4033e-07 
-0.948244 0.959198 -0.949605 -10.2109 -29.5896 21.6243 -5.52713 1.15756 -0.113523 4.26887e-07 -7.95139e-16 2.13443e-07 -17.3322 46.6921 -34.4683 5.59858e-07 27.7979 -1.18075e-06 0 0 0 -84.3899 -64.8436 18.4885 180 -58.8167 180 0 0 0 -6.94332 -2.30983 -12.1245 4.67019 0.639551 8.3587 0 0 0 8.12937 -0.600376 -3.11309 10.1621 0.581306 -1.9774 0 0 0 
-0.947996 0.959198 -0.949312 -9.41743 -26.9063 21.2275 -5.02552 -2.06208 -0.27603 0 0 0 -8.31788 45.8909 -35.2145 -1.09256e-06 39.0122 -2.76464e-06 0 0 -2.13443e-07 -81.8142 -62.9937 16.7434 180 -58.1313 -180 0 0 0 -9.86072 -4.93892 -15.0458 10.2993 0.46872 15.3369 0 0 0 6.94653 5.41346e-05 -7.12538 8.18177 -0.744249 3.15359 0 0 0 
-0.947996 0.959296 -0.944245 -10.182 -31.0389 20.1774 -6.20041 1.08448 0.568953 0 0 0 2.16822 47.0771 -36.3201 8.77202e-07 50.5409 1.35822e-06 -3.18055e-15 -3.4151e-06 1.06722e-07 -77.6656 -60.7362 13.8643 180 -56.9644 -180 0 0 0 -8.16977 -3.56444 -15.5841 5.95073 1.08889 18.4908 0 0 0 7.18416 -0.1424 -3.68202 7.46223 -0.807996 3.31991 0 0 0 
-0.952407 0.960922 -0.94531 -11.6041 -33.0167 19.5213 -6.23285 1.66958 1.69753 0 0 0 16.8403 50.7686 -33.5648 -6.65369e-06 60.6536 -8.8379e-06 0 0 0 -70.7156 -58.5827 7.75047 180 -55.9601 -180 0 0 0 -7.49402 -2.57768 -14.1473 3.48405 1.39022 15.7445 0 0 0 5.36037 -0.820617 -2.74714 10.1767 -1.25653 4.81585 0 0 0 
-0.967679 0.960922 -0.94531 -9.79564 -30.7581 19.0309 -9.84137 -1.59896 -1.00829 0 0 0 40.1606 47.7241 -20.6552 -6.77289e-06 77.2532 -1.63404e-05 0 0 0 -62.2007 -52.8449 2.485 180 -53.484 180 0 0 0 -7.42362 -1.08828 -13.5736 -2.79754 2.51372 15.2186 0 1.70755e-06 0 2.91593 -1.71255 -5.37869 13.6903 -2.6095 8.34009 -4.26887e-07 3.41509e-06 4.26887e-07 
-0.973465 0.960922 -0.94531 -10.9166 -33.7575 18.1317 -10.6302 0.227106 -0.0585424 0 0 0 58.2149 44.3365 -9.46235 -180 88.7353 -180 0 0 0 -57.2823 -49.9236 -1.22836 180 -52.211 -180 0 0 0 -6.71029 -0.725443 -12.0249 -3.63854 2.53016 14.6211 0 0 0 4.40618 -1.34968 -2.42631 11.6857 -2.42892 8.14481 -8.53774e-07 3.41509e-06 -8.53774e-07 
-0.987696 0.960922 -0.957693 -14.0862 -40.6611 18.3115 2.0691 0.166965 -3.77255 0 0 0 70.1538 36.8513 14.3905 -180 79.1473 180 0 0 0 -60.2075 -36.8976 -12.5084 180 -48.9236 -180 0 0 0 -4.85313 -0.196499 -11.2454 -5.824 2.81066 14.0119 2.13443e-06 0 0 9.34973 -0.791569 1.75561 5.59893 -2.06225 8.10843 -4.26887e-07 0 0 
-0.987696 0.960922 -0.960241 -11.8675 -50.1408 12.9061 1.33356 0.519887 -2.75957 0 0 0 87.2662 30.8716 31.9379 -180 75.8013 -180 0 0 0 -57.2941 -25.1786 -21.319 -180 -45.838 180 0 0 0 -7.0594 -0.142655 -9.13597 -1.53191 2.97393 25.7037 0 0 0 1.68352 -1.46216 9.73137 8.80996 -1.27305 5.70304 0 0 0 
-0.987696 0.965943 -0.960241 -13.7199 -56.1807 14.1647 1.03978 0.777115 -2.41298 0 0 0 92.2986 26.6652 36.8991 -180 72.648 180 0 0 0 -55.1084 -17.8591 -26.0548 180 -42.9472 -180 0 0 0 -5.5774 -0.74202 -9.46799 -0.237003 2.32689 22.1625 0 0 0 1.17 -0.835225 10.2057 7.11394 -1.07058 7.44637 -8.53774e-07 1.06722e-07 -7.95139e-16 
-0.98483 0.965943 -0.95921 -13.7506 -57.4234 12.5192 1.23461 -2.18755 0.0333019 0 0 0 92.1767 25.4187 41.0856 180 70.8201 180 0 0 0 -54.6999 -14.0585 -28.334 -180 -41.843 180 0 0 0 -5.96385 -0.730594 -7.84031 -0.563225 3.13246 21.6201 0 0 0 0.984615 -0.238887 13.4304 6.25731 -0.449073 4.67189 0 0 0 
-0.978426 0.965943 -0.957693 -13.1816 -63.0344 12.091 2.3344 0.622588 -0.197555 0 0 0 92.2985 24.783 53.7237 180 68.8227 180 0 0 0 -57.088 -10.3472 -28.6655 -180 -40.8461 180 0 0 0 -5.97417 -0.048316 -6.9446 -4.28138 3.04315 15.8256 -8.53774e-07 3.41509e-06 -2.54444e-14 -3.03287 0.58751 15.3097 6.50638 -0.143479 2.92626 0 0 0 
-0.975938 0.966085 -0.955462 -9.00813 -65.0767 7.71369 0.480182 0.232215 0.666997 0 0 0 97.2218 23.5492 60.1066 -180 71.2252 -180 0 0 0 -57.2864 -7.83695 -28.574 180 -40.321 -180 0 0 1.70755e-06 -9.1576 -0.480474 -6.50007 -3.45878 2.75086 12.9924 0 0 0 -5.68139 1.03002 15.8686 6.44256 -0.0572795 2.47775 0 0 0 
-0.962678 0.966085 -0.955402 -6.21993 -67.6322 6.60574 1.20577 0.283475 0.160498 -5.33608e-08 3.41509e-06 -1.59028e-15 92.5986 22.9461 59.696 180 70.0481 180 0 0 0 -59.5341 -5.2651 -29.1618 180 -39.3009 -180 0 0 0 -11.7223 -1.34136 -9.00546 -2.45807 2.63195 11.5198 0 0 0 -9.94376 1.24561 12.8721 8.49528 0.00791216 4.15085 0 0 0 
-0.960819 0.965942 -0.955249 -3.78973 -69.2704 4.2953 1.01435 -0.305975 0.078213 0 0 0 95.0864 19.5138 59.1189 -180 70.941 -180 0 -1.70755e-06 0 -61.2102 -2.76551 -27.8307 180 -38.7798 -180 3.4151e-06 -5.08889e-14 1.70755e-06 -12.9989 -1.89667 -8.62948 -1.87607 2.35639 8.5603 0 0 0 -12.1447 1.86527 12.396 9.58024 0.24743 4.71342 0 0 0 
-0.959578 0.965942 -0.953642 -3.16346 -70.4388 2.6987 1.80934 -1.39015 1.97674 0 0 0 91.2411 20.6253 58.2233 -180 67.9506 -180 0 0 0 -62.5006 -0.717741 -28.1253 -180 -38.2582 -180 0 0 0 -13.6814 -1.85595 -7.83747 -1.75414 1.71231 6.02926 0 0 0 -13.5572 2.05644 13.1878 11.1389 0.226819 4.76955 0 0 0 
-0.959472 0.966614 -0.95312 -3.00143 -73.3348 0.979572 1.45471 0.484546 0.284096 0 0 0 91.5523 17.2529 58.0967 -180 66.801 -180 0 0 0 -62.6382 3.79961 -24.8134 180 -38.3659 -180 0 0 0 -13.8323 -1.70081 -7.11192 -2.59643 0.405014 1.35867 0 0 0 -14.2934 2.81855 15.1956 10.8993 0.19832 3.13389 0 5.33609e-08 0 
-0.959472 0.966614 -0.95312 -0.551095 -75.0514 -1.5948 1.06674 0.979177 -0.382976 0 0 0 94.1111 12.6801 57.5139 180 67.5052 180 0 0 0 -63.3009 6.22381 -22.771 -180 -38.6118 -180 0 1.70755e-06 0 -14.886 -1.46892 -5.92339 -1.57038 -0.628696 -2.20701 0 0 0 -15.632 2.78762 14.7711 11.1994 0.264108 3.88621 0 0 0 
-0.959578 0.968604 -0.953642 -0.25461 -75.5873 -1.9272 1.74827 0.294708 -0.526354 0 0 -1.33402e-08 95.085 10.9447 57.2534 -180 65.9239 -180 0 0 0 -64.7266 8.44324 -21.0381 180 -38.4554 -180 0 0 0 -14.7374 -1.41327 -5.46296 -1.83497 -1.10595 -3.59407 0 0 0 -15.545 3.29952 15.2023 10.8049 0.283845 3.02113 0 0 0 
-0.959472 0.968604 -0.960145 3.60394 -78.9186 -5.83376 -0.146514 -0.0620413 0.844217 0 0 0 99.9862 15.3731 60.3313 180 67.7806 180 0 0 0 -63.3487 11.0551 -23.8219 180 -38.3672 -180 0 0 0 -14.3278 -1.45218 -6.10416 -2.03821 -1.27025 -4.33214 0 0 0 -16.6483 3.74465 15.6183 10.0729 0.278557 2.3612 0 5.33608e-08 0 
-0.960128 0.968604 -0.960247 6.07479 -80.2553 -8.46177 1.27772 -0.0973932 0.710991 0 0 0 98.3984 14.5467 60.9212 -180 66.4289 -180 0 0 0 -65.5737 13.8838 -22.7355 180 -38.0564 180 0 0 0 -14.5028 -1.62748 -6.81227 -1.88151 -1.14521 -3.98478 0 0 0 -16.8531 3.74725 15.1937 9.09036 0.370049 2.77631 0 0 0 
-0.960236 0.967998 -0.961721 5.71256 -80.4624 -7.97861 1.17462 0.0655632 1.23791 0 0 0 93.0828 14.4925 57.2637 -180 61.6743 -180 0 0 0 -65.9742 14.0764 -20.0398 180 -38.804 -180 0 0 0 -14.3821 -1.6309 -7.06455 -2.66686 -1.2027 -4.01167 0 0 0 -16.6183 3.74371 15.0034 8.30907 0.414898 2.90175 0 0 0 
-0.960905 0.967998 -0.960247 8.01033 -80.3742 -10.4885 1.04566 -0.878119 1.43471 0 0 0 93.0017 15.7458 57.5774 -180 62.3066 -180 0 0 0 -67.029 15.1963 -17.9129 -180 -39.7039 -180 0 0 0 -13.5234 -1.32392 -7.07122 -4.58159 -1.32009 -4.22721 0 0 0 -16.4822 3.75556 15.2101 7.63423 0.434931 2.97683 0 0 0 
-0.960236 0.967998 -0.960247 8.88992 -81.1077 -11.3568 0.566414 -0.553817 0.560005 0 0 0 92.4047 15.2424 57.2866 -180 61.701 -180 0 0 0 -67.1657 16.8358 -15.0728 -180 -40.7744 -180 0 0 0 -14.0944 -2.0585 -9.3165 -3.13003 -0.0118001 -0.0407526 0 0 0 -16.9455 3.73723 15.0577 7.67917 0.490332 3.32118 0 0 -8.53774e-07 
-0.961378 0.968713 -0.959597 8.34951 -80.6587 -11.9107 -0.0299321 -0.473349 -0.135115 -2.13443e-07 3.41509e-06 2.13443e-07 92.4714 12.7361 57.2013 -180 61.0582 -180 0 0 0 -66.8013 18.8132 -11.0378 180 -42.0682 -180 0 0 0 -14.2214 -1.60192 -7.68837 -4.00947 0.0437888 0.144735 0 0 0 -16.7534 3.91088 16.2374 7.76732 0.583175 4.20807 0 0 0 
-0.962196 0.968713 -0.959597 4.35057 -79.9838 -8.09607 0.0607637 0.825598 -0.272448 0 0 2.13443e-07 92.0682 12.1921 55.203 -180 59.5061 -180 0 0 0 -66.6074 17.1224 -5.87701 180 -45.0931 -180 0 0 0 -13.9054 -1.61249 -7.76617 -3.37239 1.01691 3.5039 0 0 0 -16.0613 3.85935 16.6088 8.05581 0.515951 4.07218 0 0 0 
-0.962995 0.971363 -0.959597 2.22388 -78.8543 -6.17401 -0.350686 0.402734 -0.917058 0 0 0 92.5118 11.4176 54.8619 -180 58.5937 -180 6.36111e-15 -8.53774e-07 -8.53774e-07 -66.3038 17.6089 -2.37147 180 -47.1464 180 0 0 0 -13.858 -1.55898 -7.84209 -2.87727 1.6812 6.09003 0 0 0 -15.3967 3.76226 17.2117 8.01241 0.437176 3.88791 0 0 0 
-0.967011 0.971363 -0.960276 -3.33413 -74.872 -1.36126 -0.193433 -0.945881 -0.371196 0 0 0 93.0191 7.54391 52.8569 -180 54.7056 -180 0 0 0 -65.099 17.1186 2.35367 180 -48.8059 -180 -2.54444e-14 -8.53774e-07 3.41509e-06 -12.1106 -0.797705 -6.2445 -4.98753 2.27838 7.82381 0 0 0 -11.2051 3.09444 18.9847 7.10023 0.169289 2.64908 0 0 0 
-0.973312 0.972756 -0.960276 -5.59263 -69.005 -0.541344 -0.305148 -2.9203 1.51959 0 0 0 91.8383 7.08693 51.5852 -180 53.5557 -180 0 0 0 -64.2826 13.8037 7.86322 180 -52.3723 -180 0 0 0 -12.0052 0.0864235 -3.6525 -5.39815 3.28536 11.9712 0 0 0 -10.5838 2.48481 22.0573 10.2288 -0.0262058 1.09586 0 0 0 
-0.980361 0.975789 -0.960276 -13.1877 -64.2475 8.58342 0.93469 0.639577 -2.30344 0 0 0 87.874 2.12003 33.0276 180 51.6112 -180 0 0 0 -61.4206 10.8051 17.8996 180 -55.6761 180 0 8.53774e-07 0 -8.82508 -0.0694717 -6.4451 -3.44298 4.33851 20.1104 -1.23246e-14 3.30837e-06 -4.26887e-07 -5.68881 1.33926 22.3998 10.2564 0.0494828 -0.631405 0 3.41509e-06 0 
-0.980361 0.976395 -0.956761 -11.8992 -55.1535 7.84761 0.672305 0.70476 -2.85416 0 0 0 67.9871 16.8984 21.0666 180 57.5505 180 0 0 0 -62.0169 4.18508 27.8344 180 -60.9346 -180 0 0 0 -9.19476 -0.396986 -4.25188 -0.264307 3.79041 21.6613 0 0 0 -2.62052 0.0959301 23.5096 11.256 0.677686 -4.71539 0 0 0 
-0.980361 0.979605 -0.956454 -12.4556 -47.5888 9.43091 0.0523352 0.467357 -2.7254 0 0 0 41.313 25.8649 2.12416 -180 64.0528 -180 0 5.33608e-08 0 -61.556 -2.23814 34.9849 180 -65.6144 180 0 0 0 -8.06824 -0.713911 -3.49225 1.95532 2.31093 21.5368 0 0 0 -0.0630636 -1.51391 22.1427 12.3471 1.30875 -5.8308 0 -1.06722e-07 0 
-0.981981 0.992469 -0.956454 -16.1226 -36.3171 15.2412 1.78238 0.701066 -1.50908 2.13443e-07 3.41509e-06 -4.26887e-07 21.8639 23.0209 -16.7405 -180 75.9642 -180 0 0 0 -63.7278 -14.6562 44.5118 180 -73.0726 -180 0 0 0 -3.47262 -1.26703 -5.51977 4.21254 0.3023 20.2819 0 0 0 7.41075 -3.09885 15.9398 11.5636 2.17475 -6.70023 0 0 0 
-0.98366 1.01271 -0.956761 -15.6641 -25.571 17.8878 2.22341 2.13117 -1.94018 0 0 0 13.0531 10.1823 -26.1411 -3.64376e-05 86.4654 -4.09393e-05 0 0 0 -64.7974 -24.6083 54.905 180 -76.6156 -180 0 0 0 1.0112 -0.141468 -6.17571 1.28521 -0.405923 14.3586 0 0 0 13.4117 -2.87094 7.36296 10.7716 2.12074 -4.77838 0 0 0 
-0.979371 1.01271 -0.965339 -11.2913 -13.9456 19.0381 1.67122 -3.50955 -5.10589 -2.13443e-07 0 0 -6.53677 27.9463 -34.0281 4.89823 13.5866 0.222313 0 0 0 -68.3683 -27.127 63.1314 180 -79.482 -180 0 0 0 1.22111 0.132973 -8.78611 0.0971543 -0.203818 11.127 0 1.70755e-06 0 14.1216 0.0507703 -4.41677 10.6296 0.481666 -1.05844 -1.70755e-06 -1.27222e-14 -8.53774e-07 
-0.979371 1.01271 -0.967559 -11.7889 -14.8725 19.7024 1.68108 -0.461312 -3.58409 0 -1.70755e-06 0 -6.97081 25.4764 -35.7825 6.83269 20.6795 1.08781 0 0 0 -73.4808 -31.3521 67.8315 -180 -86.1269 180 0 0 0 1.80872 0.295473 -10.3825 -1.81715 0.244926 11.3701 0 0 0 13.2028 0.116393 -5.06776 10.2507 0.424592 -1.04049 -1.27222e-14 1.70755e-06 -8.53774e-07 
-0.979371 1.01492 -0.967559 -12.5494 -15.0321 21.8598 2.14905 0.473339 -5.07054 0 0 0 -5.07959 23.5349 -21.1712 -2.09276e-06 39.032 -2.77982e-06 0 0 0 -74.491 -31.6604 69.8108 180 -89.2413 -180 0 0 0 2.56062 0.675947 -12.3989 -2.24294 0.0197826 10.6178 0 0 1.70755e-06 12.9831 0.298002 -7.276 12.007 0.143508 -0.315562 0 0 0 
-0.979371 1.01492 -0.967559 -12.9994 -15.8008 21.9397 2.14154 -0.426011 -3.71768 0 -1.70755e-06 0 0.604117 27.0057 -23.1467 -1.35079e-06 43.3508 -2.60403e-06 0 0 0 -73.8319 -32.1329 68.9225 8.94132e-05 -87.6831 -9.53383e-05 0 0 0 -0.251621 -0.72149 -13.3938 5.78181 -1.44331 13.4619 4.26887e-07 1.70755e-06 6.36111e-15 11.0763 -0.6979 -7.50508 15.5885 0.666537 -1.29782 0 0 0 
-0.979371 1.01492 -0.962941 -14.9586 -19.2952 20.3154 -0.575828 0.163094 -4.01651 0 0 0 18.8357 29.3977 -24.0309 -1.24386e-06 56.6469 -3.09512e-06 0 0 0 -70.6017 -29.0634 68.2011 3.54654e-05 -83.8948 -4.10576e-05 0 0 3.41509e-06 1.4959 -0.0409036 -10.7589 2.81511 -1.0046 12.8211 4.26887e-07 0 0 11.7977 -2.17844 -2.73705 17.1111 1.30937 -2.35528 0 -1.70755e-06 0 
-0.97945 1.01529 -0.962941 -14.4942 -19.9622 18.5409 -1.79245 0.492724 -0.806855 0 0 0 28.0583 27.6761 -19.0874 -2.59514e-06 68.3536 -7.95406e-06 0 0 0 -71.0835 -30.5384 69.1401 3.7695e-06 -80.1803 -1.21011e-05 0 0 0 1.18831 0.0397336 -8.77142 2.75058 -1.14402 12.5001 0 0 0 12.2897 -2.1189 -0.805687 15.6753 1.22952 -2.18893 9.93923e-17 -5.33608e-08 -2.13443e-07 
-0.981363 1.01529 -0.962941 -15.0248 -19.9934 18.5214 -1.3161 -0.380649 -0.611198 2.13443e-07 0 0 41.4915 23.1679 -14.8198 6.99196e-06 81.6988 1.28179e-05 0 0 -4.26887e-07 -71.9865 -30.2403 69.697 1.85088e-06 -76.4099 -5.80275e-06 0 0 0 1.903 -0.0636299 -8.19451 4.56277 -1.21425 9.55608 2.13443e-07 -5.33608e-08 1.06722e-07 12.6258 -2.2753 -0.533666 15.9881 1.15674 -2.04683 0 0 0 
-0.982578 1.01529 -0.968353 -15.1213 -20.8343 17.6502 -1.22906 1.21693 -0.220461 0 0 0 52.2465 16.9333 -9.42297 2.41514e-06 88.1777 -2.41514e-06 0 0 0 -73.5193 -31.9329 72.6689 2.6481e-05 -72.6153 -1.94577e-05 0 0 0 2.5964 0.0144122 -7.01254 3.76573 -1.07332 9.14631 0 0 0 13.328 -1.5377 -1.26833 14.0606 -0.976664 1.86457 0 0 0 
-1.00915 0.975464 -0.990979 -9.57634 -27.073 13.8094 1.68211 0.61085 -4.54358 4.26887e-07 1.19271e-15 -3.20165e-07 55.1792 15.9542 3.04454 2.58959e-05 82.5488 1.59136e-05 0 0 0 -71.2247 -23.6738 66.0112 4.4215e-05 -78.3251 -4.48218e-05 0 0 0 -4.61288 -0.883734 -3.57618 6.49462 0.0498608 3.56873 0 0 8.53774e-07 8.96311 -1.33887 1.01312 11.0897 -1.54409 4.93002 -1.06722e-06 -1.06722e-07 9.93923e-16 
-1.01645 0.974679 -0.996309 -6.83606 -32.6461 10.4973 0.290157 -1.30602 -2.81522 0 0 0 65.9177 16.5112 11.9844 -2.07623e-05 79.0272 -1.71234e-05 0 0 0 -68.3655 -19.3257 59.5285 3.0754e-05 -78.1887 -3.37886e-05 8.53774e-07 0 0 -7.32284 -0.581122 -2.02644 4.61529 0.337157 5.58927 0 0 0 4.91653 -1.25281 5.08437 9.45824 -1.02765 4.21616 0 0 0 
-1.0204 0.969352 -1.0017 -5.12502 -38.0037 8.89075 0.771023 -2.27621 -2.86144 0 0 0 75.3909 13.4595 15.6449 -1.93728e-05 70.7924 -9.57617e-06 0 0 0 -67.5507 -14.9915 54.5528 3.49196e-05 -77.6612 -3.24907e-05 0 0 0 -8.51292 -0.364943 -1.5957 3.26749 0.321393 4.46485 0 0 0 1.54478 -1.49622 7.50825 11.0199 -0.824206 3.34225 0 0 0 
-1.0204 0.969352 -1.0017 -1.51123 -43.7273 5.94088 0.528817 -2.63659 -2.78229 0 0 0 74.8143 11.0164 24.3992 2.10617e-06 65.6852 -6.72847e-07 0 0 0 -68.1872 -10.6519 50.0725 -1.42582e-05 -76.9339 6.96629e-06 0 0 0 -12.4149 0.0220923 0.641996 3.42045 -0.209473 -1.41058 0 0 0 -3.73584 -0.671476 10.3658 11.7229 -0.222133 1.44707 0 0 0 
-1.02216 0.963384 -1.0017 3.64103 -51.2985 2.05006 0.565042 -0.780889 -0.155515 0 0 0 70.8521 10.7994 28.1957 -1.08314e-05 62.8862 -4.62123e-06 0 0 0 -69.8563 -9.08126 44.8092 8.56374e-06 -76.4066 -6.7398e-06 0 0 0 -18.4795 -0.209508 0.58793 5.19858 -1.85128 -7.45412 0 0 0 -9.87815 -0.0709037 9.42801 13.8187 -0.180853 2.75733 0 0 0 
-1.02379 0.960793 -1.0017 6.89523 -58.9627 -0.317846 2.94818 3.54156 0.102492 -8.53774e-07 0 0 65.4205 8.92771 32.9744 -7.71998e-06 60.4236 -6.4712e-06 0 0 0 -74.146 -7.34146 42.6705 2.23642e-05 -73.997 -2.96799e-05 0 0 0 -22.2198 -2.61876 -4.15601 8.51126 -1.37548 -4.94189 0 0 0 -15.4929 0.356392 8.65502 15.4654 0.0609767 2.70569 0 0 0 
-1.02379 0.960793 -1.00628 14.9437 -61.5074 -5.14887 2.73639 1.42911 -1.68877 0 0 0 61.5046 7.47234 33.7717 2.34697e-06 58.2871 -4.55651e-06 0 0 0 -75.4678 -4.2028 39.0122 -6.1041e-06 -73.7619 2.44517e-06 0 0 0 -26.0178 -5.00206 -8.2454 8.60589 -1.58118 -4.65604 0 0 0 -22.4135 -0.978495 6.07831 18.8073 0.226416 3.33765 0 0 0 
-1.03593 0.961304 -1.01688 21.8569 -64.1096 -10.6736 1.37189 -0.946023 0.66345 0 0 0 62.1902 10.657 34.1167 2.30664e-06 56.6623 -6.51603e-06 0 0 0 -73.0711 -2.98838 34.5641 -3.96898e-06 -74.8445 5.18704e-06 1.70755e-06 -5.08889e-14 3.41509e-06 -30.53 -6.32862 -9.12484 8.93347 -1.83673 -4.46021 0 0 0 -25.9636 -1.55406 5.29282 19.9427 0.33822 3.51493 0 0 0 
-1.0466 0.961304 -1.02664 29.4206 -66.6011 -16.6039 1.32434 -1.70362 -0.277362 0 0 0 61.4685 9.47036 32.5964 -1.22304e-05 57.327 -2.79375e-06 0 0 0 -72.0103 -0.314115 33.073 5.65438e-06 -75.0926 -1.29606e-05 0 0 0 -31.7863 -8.2596 -12.295 7.888 -1.02785 -2.27056 0 0 0 -28.4299 -2.1176 3.75963 19.7675 0.415562 3.09278 0 0 0 
-1.06212 0.961304 -1.04191 35.2655 -71.1511 -21.2288 1.26203 -0.143363 1.66298 0 0 0 61.2609 11.0567 29.8815 -1.52894e-05 57.3629 -1.37167e-05 0 0 0 -69.2305 0.228303 30.8163 2.45455e-05 -75.511 -2.33284e-05 0 0 0 -29.6311 -11.0541 -16.7439 9.39612 0.190712 0.45861 0 0 0 -27.0625 -2.1135 2.00294 17.5256 0.31363 1.7887 0 0 0 
-1.07644 0.964401 -1.05064 45.0452 -73.1658 -30.411 1.66869 0.260335 1.41944 0 0 0 60.6094 10.7143 25.8783 -1.45464e-06 58.5903 8.9706e-07 0 0 0 -69.8276 2.33993 30.3086 2.09974e-05 -74.8008 -2.46518e-05 0 0 0 -28.5518 -13.1685 -20.928 9.51738 3.97848 10.3655 0 0 0 -27.956 -2.2898 1.48718 17.2357 0.469254 2.60829 0 0 4.26887e-07 
-1.08995 0.962794 -1.06819 56.3084 -74.0209 -40.9996 1.66032 -0.268021 0.749874 0 0 0 61.1437 10.7997 23.2606 1.4212e-06 58.8847 2.51787e-06 0 0 0 -69.293 4.1235 30.1976 -4.80111e-05 -74.7758 4.31384e-05 0 0 0 -28.5732 -14.5357 -22.3009 8.91595 4.46188 10.4407 0 0 0 -28.816 -3.33749 -0.116552 17.4044 1.14038 5.44628 8.53774e-07 3.41509e-06 2.54444e-14 
-1.1031 0.962794 -1.07481 66.5445 -73.1729 -49.6484 1.79324 0.103592 2.22881 0 0 0 58.0937 10.2488 16.1883 -8.2305e-06 63.3298 -1.00918e-05 0 0 0 -70.9135 2.48474 29.8153 3.31054e-05 -78.7964 -3.49253e-05 0 0 0 -29.865 -15.7228 -24.5578 9.22208 4.88919 11.7812 0 0 0 -30.0877 -4.77543 -3.48881 15.5255 2.42115 10.6751 0 0 0 
-1.119 0.962794 -1.08254 68.9224 -73.3255 -53.0046 1.46593 0.0158795 1.56003 0 0 0 56.9599 7.38576 9.66776 1.21796e-06 67.5644 -4.32125e-06 0 0 0 -72.2478 2.8799 31.1817 3.34505e-05 -80.5071 -3.95084e-05 0 0 0 -29.3515 -16.268 -25.3586 9.56296 6.86764 17.2322 0 0 0 -29.4742 -7.01967 -6.83674 15.4091 3.8534 17.9092 0 0 0 
-1.13465 0.962794 -1.10531 73.6399 -74.9759 -58.5137 1.43925 -0.094977 1.14942 0 0 0 58.7285 7.73426 8.56142 -2.48378e-05 68.4152 -1.22389e-05 0 0 0 -72.0543 2.43768 32.1218 -3.38426e-05 -82.5053 3.08176e-05 0 0 0 -25.8535 -13.8769 -24.086 6.85335 5.94451 14.363 0 0 0 -25.2481 -6.91281 -8.46902 12.9384 4.86701 22.2893 0 0 0 
-1.14729 0.962794 -1.11549 80.0123 -75.418 -63.9864 1.84661 -0.138124 2.39212 3.97569e-16 2.66804e-08 1.70755e-06 58.9757 9.34342 3.24246 7.14682e-06 71.4466 4.08827e-06 0 0 0 -74.5863 0.0472957 31.552 1.76827e-05 -85.9486 -1.64745e-05 0 0 0 -25.2082 -13.9545 -24.6837 7.2352 5.14535 12.9449 0 0 0 -24.2435 -6.50813 -8.34072 12.742 4.17788 20.0159 0 0 0 
-1.15832 0.96509 -1.1252 89.9868 -74.2412 -72.6797 1.54596 -0.383103 2.41033 0 0 0 55.5982 10.725 0.639815 1.31237e-05 77.1137 1.64652e-05 0 0 0 -77.5228 -3.6908 33.7735 3.02891e-05 -86.7971 -3.45167e-05 0 0 0 -25.39 -14.8178 -26.292 7.34553 5.07935 12.7346 0 0 0 -25.2168 -9.73821 -13.633 13.3035 5.3359 25.2549 0 0 0 
-1.17118 0.967509 -1.13471 98.7239 -74.3722 -81.2455 1.64432 -0.212181 2.32494 0 0 0 56.5786 10.6439 -6.2696 2.41634e-06 85.962 -2.41634e-06 0 0 0 -81.1232 -11.1963 36.6817 0.000127813 -87.3803 -0.000136267 0 0 0 -24.3015 -13.5021 -25.9197 6.00088 4.45093 11.308 0 0 0 -24.5256 -11.5436 -17.2533 13.5898 5.33336 27.0328 8.53774e-07 2.13443e-07 -8.53774e-07 
-1.18749 0.967509 -1.13828 107.557 -72.9327 -91.053 1.65863 -0.0429278 1.86498 1.70755e-06 0 0 52.1658 16.5973 -12.4694 -9.10197e-05 88.049 -0.000104001 0 0 0 -83.5872 -14.2542 38.3038 0.000248173 -89.5794 -0.000245154 0 0 0 -26.2027 -13.742 -24.585 8.55167 4.24501 11.8691 0 0 0 -25.4881 -12.1867 -18.4264 13.6759 5.42102 27.2693 0 0 0 
-1.20058 0.96509 -1.15129 117.727 -72.395 -100.203 1.9154 -0.0397886 1.91798 0 0 0 54.1974 24.7461 -20.2658 180 89.3268 180 0 0 0 -87.0214 -23.1899 38.958 180 -88.7173 -180 0 0 0 -23.235 -14.5108 -27.8739 7.09227 6.02904 16.6291 0 0 0 -24.2616 -15.1686 -22.2398 15.199 5.48439 29.9131 0 0 0 
-1.21271 0.956354 -1.16042 133.432 -71.5763 -114.857 1.73404 1.13932 0.40568 0 0 0 55.1608 30.651 -22.9902 -6.37289e-05 83.8346 -7.09839e-05 1.28066e-06 1.70755e-06 3.41509e-06 -89.7455 -36.1394 40.1875 -1.82573e-05 -86.3317 1.94654e-05 0 0 0 -19.3932 -12.3682 -30.8401 5.25282 5.37071 18.1472 0 0 0 -19.7001 -12.5093 -28.0134 9.43499 6.31778 33.5107 0 0 0 
-1.22252 0.955569 -1.17758 139.802 -70.3552 -119.368 2.06786 -1.11846 -0.973757 0 0 0 57.7882 35.6159 -24.8704 -3.42006e-05 83.3292 -3.84337e-05 0 0 0 -90.2968 -46.7677 38.3446 -2.0644e-05 -81.2346 1.09563e-05 0 0 0 -15.8062 -12.9386 -34.5903 6.35212 5.9519 24.6582 0 0 0 -16.8727 -13.744 -33.592 8.87329 6.97814 38.8134 0 0 0 
-1.23956 0.944297 -1.18354 154.095 -64.9857 -131.966 1.72399 1.48758 -1.1597 0 0 0 62.9983 43.4416 -18.9414 -1.15854e-05 79.1731 -1.40111e-05 0 0 0 -90.3637 -55.9796 34.5803 -2.26285e-05 -74.3648 1.28785e-05 0 0 0 -13.1952 -11.4395 -38.3874 6.40221 4.07757 24.2925 0 0 0 -13.3234 -10.3176 -39.6216 4.59525 6.63433 39.1137 0 0 0 
-1.24808 0.9442 -1.19156 157.737 -62.47 -134.31 2.10996 0.245694 -1.09849 0 0 0 65.4216 51.2327 -17.5532 -1.91033e-05 72.3418 -2.61292e-05 0 0 0 -86.3698 -62.1954 25.8568 5.92316e-06 -73.0319 -2.26083e-06 0 0 0 -11.8595 -11.6799 -39.9277 6.23149 4.05917 23.8263 0 0 0 -11.8492 -11.8506 -43.3657 5.61924 6.30471 40.6572 0 0 0 
-1.25397 0.939137 -1.19798 158.776 -61.7601 -133.012 1.5982 -0.665066 -0.377383 0 0 0 54.7615 57.8678 -23.848 4.44499e-05 69.6207 4.59833e-05 0 0 0 -76.8987 -70.7719 16.5442 -2.442e-06 -72.8925 -2.442e-06 0 0 0 -10.534 -12.4812 -42.4854 7.70648 3.46894 24.9381 -2.13443e-07 0 0 -10.6853 -13.7625 -49.3869 5.88672 6.67848 40.4799 0 0 0 
-1.2697 0.935219 -1.19969 156.879 -60.6932 -130.94 2.37114 -0.901655 -0.178309 0 0 0 35.0444 63.4185 -37.8084 1.08589e-05 64.302 1.08589e-05 0 0 0 -75.3046 -75.5951 13.2958 7.28733e-07 -68.9156 -2.57096e-06 0 0 0 -14.7511 -17.4238 -39.1031 19.4888 0.262378 14.5791 0 0 0 -11.6812 -14.9467 -55.3357 5.10594 7.70926 40.3723 0 0 0 
-1.27677 0.934599 -1.20081 158.968 -58.0342 -131.485 0.60585 0.431214 -0.695479 0 0 0 24.4481 64.5752 -42.9399 -1.008e-05 63.1427 -1.64031e-05 0 0 0 -66.2894 -77.6997 5.6945 4.83139e-06 -67.0279 -7.29558e-06 0 0 0 -12.2919 -26.723 -41.5827 32.1778 -1.45017 11.414 0 0 0 -9.24258 -18.8391 -62.5074 7.6492 6.75216 36.6219 0 0 0 
-1.29591 0.932352 -1.20695 159.784 -57.7225 -134.111 2.72168 0.883747 -0.335821 0 0 0 14.1214 65.7811 -47.98 3.28684e-07 57.3299 7.72066e-06 0 0 0 -76.8959 -80.0516 13.8745 -3.39958e-07 -64.2807 -1.39026e-05 0 0 0 -8.07136 -36.9926 -42.2799 39.5275 -3.54444 17.0736 0 0 0 -7.03617 -19.5391 -62.9432 9.99654 4.8567 33.5051 0 0 0 
-1.31035 0.926867 -1.2116 157.646 -56.8275 -130.992 1.01099 -0.342205 0.00196534 0 0 0 10.1081 64.8045 -49.8865 1.93163e-06 58.7966 6.90689e-06 0 0 0 -69.2491 -81.4704 7.53207 -1.25316e-05 -64.956 1.80974e-05 0 0 0 0.0122769 -46.5344 -51.7465 40.3164 -6.04577 28.0551 0 0 0 -6.5021 -25.8709 -68.8067 12.5831 6.36471 32.8013 0 0 0 
-1.33189 0.920418 -1.2161 154.132 -56.3322 -128.993 0.441451 0.102205 -0.202992 0 0 0 3.45008 62.1456 -51.925 4.78867e-06 55.2631 1.78405e-06 0 0 0 -83.6447 -82.1127 21.2512 7.74952e-06 -63.7333 -1.08491e-05 0 0 0 1.17855 -50.9259 -54.1442 39.5674 -6.25023 32.993 -1.70755e-06 2.13443e-07 -3.18055e-15 -8.67799 -28.5219 -67.7343 12.2805 7.27815 26.5246 0 0 0 
-1.34664 0.919799 -1.2305 151.455 -57.1437 -126.068 1.63544 0.13867 -0.583868 0 0 0 1.43862 60.3954 -52.7459 -8.18091e-06 53.3732 -1.24733e-05 8.53774e-07 0 0 -90.7594 -82.5422 29.948 -3.1086e-06 -61.9562 -8.0919e-06 0 0 0 8.5194 -57.6017 -61.5364 38.5711 -7.00935 39.6751 0 0 0 -8.03861 -32.6777 -70.7779 13.3622 8.60042 26.5737 0 0 0 
-1.36559 0.918542 -1.23784 152.472 -55.3507 -126.462 1.12584 0.00233999 -0.287252 0 0 0 3.55134 58.6554 -47.1039 -9.63844e-06 57.5593 -1.40003e-05 0 0 0 -88.7561 -80.2878 26.0193 5.5746e-06 -61.829 -9.30914e-06 0 0 0 8.56736 -56.1493 -63.9527 35.3956 -7.61276 44.0961 0 0 0 -8.39905 -32.7611 -72.4418 13.5404 7.69088 23.6853 0 0 0 
-1.38568 0.912609 -1.25672 159.998 -52.5975 -132.698 1.08537 0.408428 -0.951574 2.13443e-07 3.18055e-15 -1.70755e-06 15.2437 61.8948 -36.9809 -5.88994e-06 59.6775 -1.02683e-05 0 0 0 -72.255 -76.1291 10.7076 -4.20944e-06 -56.6628 4.20944e-06 0 0 0 4.18699 -47.5138 -58.6781 32.1133 -8.45785 44.1836 0 0 0 -5.86958 -28.958 -75.9021 10.9972 8.27066 28.4177 0 0 0 
-1.41108 0.912609 -1.26941 162.5 -49.8289 -135.14 0.592831 0.721925 0.352826 0 0 0 30.4214 52.7201 -20.2591 4.28918e-06 76.6539 -5.588e-06 0 0 0 -77.7112 -73.3765 14.3188 1.00326e-06 -55.3608 9.11485e-06 -1.70755e-06 -3.41509e-06 5.08889e-14 2.13656 -46.051 -58.3837 28.3553 -8.03164 48.9959 0 0 0 -4.92175 -27.4421 -76.7708 12.5651 6.46116 28.857 0 0 0 
-1.42497 0.912146 -1.28335 164.757 -48.7635 -136.596 0.763708 -0.114259 0.0415832 0 0 0 42.2021 49.1044 -9.13656 1.85259e-06 67.4351 2.776e-06 0 0 0 -79.6708 -68.6456 17.2896 6.49019e-06 -53.9645 -5.2205e-06 0 0 0 3.88305 -42.7229 -60.4793 24.8082 -6.7961 52.2865 0 0 0 -0.0814021 -28.9424 -79.732 15.2398 5.7351 33.1672 0 0 0 
-1.44135 0.910171 -1.30299 170.869 -45.9145 -140.963 0.221321 -1.17276 1.61157 4.26887e-07 1.27222e-14 -3.41509e-06 53.2273 51.3396 3.09812 3.44366e-06 62.4597 -9.07362e-07 0 0 0 -74.4969 -60.126 12.674 4.91236e-06 -51.1677 -2.3519e-06 0 0 0 6.78398 -36.3531 -61.3299 20.2402 -5.40108 55.1931 0 0 0 4.58268 -23.7099 -80.9719 11.7655 5.35322 36.2642 0 0 0 
-1.46032 0.90182 -1.32278 170.894 -46.0753 -143.028 0.192587 0.196059 0.570808 0 0 0 57.4663 41.3538 10.8448 -1.41489e-05 55.4126 -1.22521e-05 0 0 0 -82.9614 -55.6013 25.1489 5.28845e-06 -41.9166 5.28845e-06 0 0 0 11.5554 -39.3848 -68.2556 10.5497 -6.06599 72.4217 0 0 0 -1.21935 -22.906 -77.8521 12.7129 3.91669 39.1135 0 0 0 
-1.4751 0.897999 -1.34162 169.734 -48.1199 -142.701 0.514594 -1.17121 0.993148 0 0 0 60.1141 37.1597 5.41243 8.96699e-07 44.2175 2.20734e-06 0 0 0 -87.8932 -51.4756 38.6604 3.59909e-06 -32.263 -1.522e-07 0 0 0 7.38908 -37.7637 -63.1183 10.902 -6.01365 71.149 -5.33609e-08 0 0 -1.21352 -24.6619 -78.5654 12.976 4.40716 44.1172 0 0 0 
-1.49292 0.897999 -1.34495 171.046 -42.8182 -144.624 0.195735 2.89148 1.0461 0 0 0 57.1365 37.2058 7.55861 4.31856e-06 42.527 1.68057e-06 -1.70755e-06 -8.53774e-07 3.84198e-06 -91.7982 -47.5162 39.556 -2.8977 -21.6259 2.25783 0 0 0 3.36971 -31.07 -61.4875 9.22035 -4.47124 71.3644 0 0 0 -0.172718 -26.2944 -79.1084 14.1987 3.48456 47.4358 0 0 0 
-1.51089 0.897999 -1.35477 167.599 -43.411 -141.996 -0.273425 0.621504 0.614708 0 0 0 56.8005 34.586 7.72658 -1.0241e-08 43.6951 -9.2025e-06 0 0 0 -93.6621 -42.1389 39.4983 -4.30811 -13.7612 2.73036 0 0 0 -1.29649 -31.3607 -60.0827 8.78541 -3.74865 72.4437 0 0 0 -0.841778 -31.2435 -81.9561 16.0956 3.59832 51.5749 0 0 0 
-1.52396 0.904484 -1.35837 162.818 -44.4406 -137.452 -0.421437 -2.4314 0.994837 0 0 0 54.1907 35.0883 6.90731 -9.58709e-06 43.2896 -5.64156e-06 0 0 0 -96.356 -38.9437 39.6694 -4.636 -6.49102 1.75787 0 0 0 -2.221 -35.9264 -63.8133 8.89255 -1.41779 74.822 0 0 0 1.5372 -37.1018 -82.8387 17.5973 7.87589 49.4168 0 0 0 
-1.53284 0.914185 -1.37847 167.257 -43.7602 -145.076 -3.09581 -2.45034 10.9356 0 0 0 57.943 43.1429 7.16037 -4.03178e-07 40.1408 -1.1055e-05 0 0 0 -90.7953 -39.4439 35.9007 -2.24812 -4.82608 1.42177 0 0 0 3.64373 -32.5139 -63.1202 8.85524 -2.01615 73.3038 0 0 0 0.663917 -34.4352 -76.3501 15.6738 8.90099 48.0915 0 0 0 
-1.53284 0.914185 -1.37847 166.702 -44.3267 -144.691 -4.84926 -2.58858 12.5633 0 0 0 57.5877 46.2407 6.7925 2.04092e-06 37.0707 6.08718e-06 0 0 0 -87.8283 -37.9299 34.5222 -3.76555 -7.59061 2.58679 0 0 0 8.20774 -30.7729 -64.8629 10.4523 -4.0837 69.1219 0 -1.70755e-06 0 -2.08655 -37.2346 -70.4573 19.3595 7.68664 42.2323 -6.67011e-08 0 0 
-1.5482 0.914185 -1.38621 -175.798 -3.39792 -170.158 -16.7862 12.2616 28.3776 0 0 0 152.309 82.3396 149.286 3.85079e-06 25.8406 -6.12422e-06 -1.27222e-14 8.53774e-07 -1.70755e-06 -62.8224 -24.3479 9.11693 -7.31587e-06 -24.0619 1.55917e-06 0 0 0 16.6341 4.17744 -38.5517 -2.36231 -0.619708 62.3796 0 0 0 -2.00947 -12.6542 -32.6083 12.1718 2.13996 21.6763 0 0 0 
-1.56294 0.913906 -1.39335 -179.933 -2.98553 -172.189 -27.0362 10.0177 21.1791 1.27222e-14 -8.53774e-07 -1.70755e-06 143.026 73.7603 139.867 1.83765e-06 24.8454 4.04797e-07 0 0 0 -59.4825 -12.8761 6.12605 1.9308e-07 -23.8703 -9.1345e-07 0 0 0 19.4278 5.56671 -31.2078 -4.01132 -4.34756 52.8727 -1.70755e-06 -2.54444e-14 -1.70755e-06 -8.02019 -16.7404 -27.8101 21.8886 -0.564162 21.1163 0 0 0 
-1.57134 0.893546 -1.40274 177.67 -6.58343 -175.364 -36.9557 0.899015 13.2876 0 0 0 142.81 59.2148 138.271 2.08373e-06 24.0599 5.68172e-06 0 0 0 -55.6465 4.08686 -0.321064 -3.90941e-06 -25.807 1.77152e-06 0 0 0 23.6563 6.3035 -23.5984 -3.8544 -9.9384 41.9217 0 0 0 -11.9842 -28.6204 -25.3199 31.8702 -5.6256 29.9094 0 0 0 
-1.57134 0.885541 -1.40307 -178.523 -10.4333 -175.399 -32.6497 -10.8107 0.104467 0 0 0 132.767 43.5198 130.16 8.78397e-06 24.8588 1.87474e-07 0 0 0 -59.3547 24.7376 -4.43463 -1.08174e-05 -32.5734 4.92102e-07 0 0 0 34.452 8.17969 -19.8291 -2.65647 -12.0309 29.9524 0 0 0 -3.75967 -40.1221 -28.7034 32.6576 -9.5434 39.9445 0 0 0 
-1.57134 0.884511 -1.41081 -178.275 -13.273 -177.459 -37.4564 -21.3944 -7.53287 0 0 0 135.604 29.1581 131.186 5.01833e-06 25.2497 2.87387e-06 0 0 0 -55.6408 41.8561 -7.23504 8.41054e-06 -36.5907 -3.68e-06 0 0 0 41.622 8.14348 -14.5379 -1.25889 -10.1964 18.3504 0 0 0 -0.605687 -49.583 -28.8242 30.921 -11.7367 47.6753 0 0 0 
-1.51388 0.750734 -1.43044 -161.014 -11.0663 175.565 -3.8446 -0.0347808 -3.04473 0 0 0 108.909 53.9634 137.309 -4.27725e-06 32.1721 -2.122e-06 0 0 0 -71.3348 65.6413 -2.56372 -1.73143e-05 -73.9656 1.73143e-05 0 0 0 62.4412 18.4597 -8.94736 -2.21952 -26.802 13.0839 0 0 0 23.5166 -31.0826 -17.8524 22.3774 -35.0041 39.6815 -3.41509e-06 3.41509e-06 -1.01778e-13 
-1.48804 0.750734 -1.44361 -155.357 -12.0503 172.183 -1.03195 -0.318695 -0.291185 0 0 0 110.36 55.4357 139.201 1.29822e-05 32.6867 5.58636e-06 -3.41509e-06 -2.54444e-14 -8.53774e-07 -50.7399 65.0798 11.4208 -2.46216e-05 -77.5061 1.97631e-05 0 0 0 68.0903 20.6323 -7.63444 -0.834715 -25.1449 8.92761 0 0 0 58.1979 14.037 -8.00896 0.0586218 0.0563882 -0.0313482 0 0 0 
-1.48749 0.748511 -1.44972 -154.107 -13.2118 170.33 -0.406951 -0.0630276 -0.958557 0 0 0 109.365 54.1979 140.824 5.47015e-06 32.5531 4.26542e-06 0 0 0 -39.2543 69.7835 22.8028 8.07802e-06 -82.0265 -9.28837e-06 0 0 0 63.4667 27.5775 -12.9206 -0.633518 -5.15153 2.27502 0 0 0 60.6777 13.771 -7.59825 1.56447 -2.11788 1.06493 0 2.13443e-07 0 
-1.48309 0.74674 -1.4607 -154.554 -11.7527 170.207 -1.94367 1.42843 -0.860441 0 0 0 112.323 54.4574 146.016 -2.01902e-07 32.6015 8.30488e-07 0 0 0 -43.9919 73.2457 13.8117 5.43417e-05 -85.1232 -5.91757e-05 0 0 0 54.7723 30.1103 -19.5432 2.1706 -3.19903 1.68277 0 0 0 63.7387 9.22549 -4.59163 2.60899 3.00705 -1.28902 0 0 0 
-1.48309 0.730223 -1.47708 -152.896 -11.4113 165.61 -0.617082 1.28304 3.43652 0 -7.47052e-07 0 114.073 57.4788 152.508 -7.76288e-06 35.4284 -6.06465e-06 0 0 0 -54.4567 86.7038 3.88494 180 -82.2206 -180 0 0 0 49.5193 29.5942 -21.3762 1.39303 -0.35272 0.214265 0 0 0 69.6656 -1.60375 0.524055 -0.828611 12.5778 -4.26419 0 0 0 
-1.48749 0.723354 -1.49039 -151.229 -16.7895 164.722 0.801007 -0.994076 1.67188 -1.27222e-14 -1.70755e-06 8.53774e-07 108.957 56.4324 150.315 -5.75037e-06 35.2541 -5.41045e-06 0 0 0 34.7142 88.6093 94.7103 180 -78.961 -180 0 0 0 38.8442 27.9204 -30.8669 1.01356 -0.394966 0.368955 0 0 0 70.2428 10.0749 -3.74607 -0.377093 8.21135 -3.05399 0 0 0 
-1.48285 0.715474 -1.49577 -152.6 -13.9741 165.335 -0.826406 0.913746 1.09888 0 0 0 112.374 58.1764 156.822 2.77879e-06 37.8827 5.46689e-06 0 0 0 -127.54 68.3387 -60.9166 0 -69.6607 0 0 0 0 41.6586 24.1348 -26.2678 -0.719245 -1.89208 1.91809 0 0 0 72.8461 0.795791 -0.277816 0.174776 1.31669 -0.453646 0 0 0 
-1.48285 0.711505 -1.49877 -153.207 -13.6372 167.719 0.426993 -2.90982 1.90613 0 0 0 120.734 60.2101 171.327 -8.78235e-06 39.4796 -6.77973e-06 0 0 0 -132.312 63.5476 -65.305 -1.60525e-05 -69.5425 1.11449e-05 0 0 0 40.5099 22.7929 -25.1687 -2.2686 -1.88859 2.07705 0 0 0 73.8909 2.34608 -0.719712 -0.866087 -0.96793 0.315871 0 0 0 
-1.48285 0.709206 -1.50973 -154.513 -8.92405 166.81 0.410465 -0.490202 1.67717 0 0 0 128.28 58.7359 -176.14 -6.62888e-07 41.2117 6.62888e-07 0 0 0 -138.051 62.9244 -71.348 1.9217e-05 -69.5889 -2.16707e-05 0 0 0 43.2258 17.9433 -18.0386 -3.88191 -2.09182 2.3197 0 0 0 74.924 -24.8402 6.56015 -1.85005 -2.47943 0.694837 0 0 0 
-1.48285 0.695773 -1.5187 -154.789 -7.75134 166.607 2.22556 -1.29378 1.0912 0 0 0 131.06 59.3209 -168.898 -3.53031e-06 44.7064 3.94563e-07 -1.06722e-07 -1.70755e-06 1.59028e-15 -143.543 62.0574 -75.3891 5.95042e-06 -69.6333 -1.45376e-05 0 0 0 43.1819 15.6069 -14.7017 -5.97445 -1.98097 2.29015 0 0 0 68.2926 -48.2429 15.3435 -3.29841 1.24258 -0.368028 0 0 0 
-1.48285 0.692079 -1.52896 -155.045 -6.95683 166.345 2.27198 -0.347942 2.15458 0 0 0 134.33 60.2625 -163.241 -9.56329e-06 46.2145 -1.37111e-05 0 0 0 -142.217 61.9198 -70.4741 1.32865e-05 -78.5205 -1.08595e-05 -3.41509e-06 0 0 43.3577 11.8894 -11.7165 -8.50456 -1.37125 1.93839 0 0 0 47.2309 -59.6557 39.626 -5.01463 2.6804 -1.26867 0 0 0 
-1.55064 0.669462 -1.54158 -168.6 -4.43643 166.452 -2.93371 0.786915 1.6955 0 0 0 136.317 62.6403 -152.677 -8.16425e-06 54.3095 -1.03048e-05 0 0 0 -148.951 59.0349 -75.1493 2.07115e-05 -76.6089 -2.07115e-05 0 0 0 20.8947 2.6602 -6.7336 0.151149 -0.287533 0.719802 0 0 0 24.5378 -35.7629 51.149 2.70902 -2.09259 2.06364 0 0 -3.41509e-06 
-1.55131 0.668787 -1.54306 -169.049 -3.81299 167.821 -1.17987 -0.550904 1.27014 0 0 0 138.291 61.8465 -147.99 3.17164e-06 54.6402 2.4192e-06 0 0 0 -151.399 56.4921 -76.3375 -2.61912e-05 -77.0652 2.74064e-05 0 1.70755e-06 0 154.955 -19.2403 111.002 -5.83474 -1.9518 110.202 0 0 0 23.1665 -34.265 52.0947 -0.608873 -0.0567368 0.0671358 0 0 0 
-1.55782 0.666674 -1.54516 -171.326 -2.04532 169.824 -2.26396 1.5836 1.47858 0 0 0 143.241 62.7795 -140.203 -3.4556e-06 55.8975 -1.04813e-06 0 0 0 -149.104 55.5465 -73.351 6.8373e-05 -76.048 -7.08058e-05 0 0 0 151.913 -20.4305 113.908 -6.2001 -1.73963 110.181 0 0 0 20.0492 -31.5028 52.232 -1.00023 0.221031 -0.29553 0 1.70755e-06 0 
-1.56138 0.666674 -1.54516 -172.781 -2.70921 173.563 2.34903 -3.18914 -0.794565 4.26887e-07 0 0 145.033 59.6924 -130.984 -8.21658e-06 55.9301 -2.73119e-06 0 0 0 -156.008 51.2547 -74.3107 -2.66857e-05 -76.0523 2.30365e-05 0 0 1.70755e-06 149.665 -18.6835 116.965 -6.4893 -2.21115 110.238 0 0 0 22.0351 -26.0826 46.3686 1.52716 -0.462961 0.647201 0 0 0 
-1.57853 0.666674 -1.54516 -179.4 -2.48121 174.891 -5.98768 -5.40901 -2.45639 4.26887e-07 0 0 20.4146 -53.9832 67.47 3.68755e-05 77.4846 2.95875e-05 0 0 0 -156.483 49.0351 -77.3332 1.965e-05 -76.1984 -3.05961e-05 0 0 0 142.225 -19.0382 118.749 -6.59531 -2.06138 109.978 0 0 0 9.76148 -14.9528 39.9605 -1.46816 1.26122 -3.24842 0 0 0 
-1.59054 0.71139 -1.54269 176.82 4.98474 175.868 -10.8558 -2.2584 -5.12618 0 0 0 20.9101 -50.0106 71.0991 1.07791e-05 75.4914 8.34475e-06 0 0 0 -155.685 44.8462 -80.1861 -2.82576e-05 -75.5479 1.9738e-05 0 0 0 -159.705 -39.1468 91.1276 -1.93468 0.903562 93.5913 0 0 0 -4.2083 6.17523 26.9764 0.0405998 -0.146066 -0.614233 0 -2.66804e-08 0 
-1.60352 0.718981 -1.53503 175.453 6.33402 178.952 -11.4034 -2.46339 -7.36348 0 0 0 21.3936 -48.5427 76.0336 6.98674e-06 65.7647 4.51687e-06 0 0 0 -157.552 42.3761 -83.273 4.12912e-06 -75.3585 -5.34646e-06 0 0 1.70755e-06 -163.623 -42.1468 95.0715 -1.84543 1.09995 93.3399 0 0 0 -14.9062 4.67951 15.3927 -0.029494 0.224751 0.727531 0 0 -1.70755e-06 
-1.60352 0.718981 -1.53449 173.624 9.42805 179.306 -16.9073 -2.47186 -6.75297 0 0 0 26.2902 -45.6381 74.9952 -1.14897e-05 65.7348 -1.14897e-05 0 0 0 -152.886 39.6482 -82.3893 3.38269e-05 -75.3823 -3.26096e-05 0 0 0 -165.176 -45.4338 94.7634 -1.96067 1.11344 93.3152 0 0 0 -17.384 4.19245 13.2917 -0.477126 0.501081 1.53023 0 0 0 
-1.60352 0.71139 -1.53314 174.143 13.1255 -178.29 -16.9536 0.387932 -9.98836 0 0 0 26.9065 -45.6895 74.9238 -1.14978e-05 65.7523 -1.14978e-05 0 0 0 -152.408 39.7125 -82.4029 2.08759e-05 -75.4999 -2.69617e-05 0 0 0 -166.371 -49.6901 96.9106 -2.0418 1.25069 93.2874 0 0 0 -18.2123 2.94613 10.1816 -0.339464 0.35943 1.20951 0 0 0 
-1.58956 0.709134 -1.5308 177.796 18.2177 -175.842 -13.8144 -3.12307 -12.8906 0 0 0 25.3781 -38.4767 79.8691 -1.85068e-05 65.7882 -1.60371e-05 0 0 0 -153.595 33.0264 -87.069 1.52002e-05 -75.7402 -1.39834e-05 0 0 0 -163.189 -55.0765 97.0652 -2.1491 1.29154 93.2026 0 0 0 -3.02668 0.737684 13.1356 0.850186 0.0306427 0.722808 0 0 0 
-1.57692 0.694879 -1.53042 175.938 32.5704 -175.195 -17.6771 -5.9987 -20.5127 0 0 0 26.3748 -26.0006 91.1927 6.98892e-06 65.7741 4.51909e-06 0 0 0 -152.53 21.4805 -97.1037 -6.78613e-06 -76.0219 3.13676e-06 0 0 -1.70755e-06 -165.589 -69.4479 95.5965 0.426343 -0.183811 89.5111 4.26887e-07 2.13443e-07 7.95139e-16 -3.39899 0.20823 20.4626 1.559 -0.0135541 0.864052 -1.70755e-06 3.20165e-06 -4.77083e-14 
-1.57692 0.691835 -1.52964 176.156 33.3736 -174.904 -16.4302 -8.38201 -21.0693 0 0 0 25.7657 -22.942 92.8622 -1.85284e-05 65.8191 -1.60588e-05 0 0 0 -152.936 18.4646 -98.9287 4.07572e-05 -75.748 -4.68413e-05 0 0 0 -163.473 -70.464 93.5527 -0.253009 0.10455 90.2902 0 0 0 -5.05138 1.72783 23.6106 1.38199 0.0726049 1.39567 0 0 0 
-1.57692 0.685457 -1.52964 176.27 36.8098 -174.975 -15.5632 -7.22775 -21.4296 0 0 0 26.0293 -20.6616 95.2036 -1.63657e-05 66.2456 -1.88334e-05 0 0 0 -153.238 16.0183 -99.4723 1.56172e-05 -76.1386 -1.44009e-05 0 0 0 -122.444 -69.0185 53.8837 14.1266 -2.07162 77.5156 1.60083e-06 -5.33608e-08 -7.45443e-16 -7.81564 5.09563 27.0195 1.49469 0.26019 1.52856 0 0 0 
-1.59244 0.684735 -1.52964 174.481 38.6647 -175.551 -14.9978 -7.13633 -21.8671 0 0 0 24.6499 -18.2587 95.4827 -1.42069e-05 66.2584 -9.27167e-06 0 0 0 -154.233 13.7362 -99.8352 1.25671e-05 -75.5419 -1.62184e-05 0 0 0 -121.234 -70.8018 50.6496 13.8579 -1.74401 77.8248 0 0 0 -17.5275 8.58263 23.4986 -1.46738 0.287325 0.705735 0 0 0 
-1.6127 0.6835 -1.52966 169.101 41.7857 -177.419 -17.8255 -8.40275 -23.8264 0 0 0 24.5411 -14.4232 96.6847 -1.40258e-05 66.4177 -2.14265e-05 0 0 0 -154.034 10.1841 -100.943 1.72139e-06 -75.4409 -7.80754e-06 0 0 0 -122.528 -74.6752 46.9736 13.4366 -0.749792 78.4262 0 0 0 -33.9057 10.9892 15.5 -0.852201 0.800049 1.0686 0 0 0 
-1.62455 0.6835 -1.52966 165.03 44.7543 -179.675 -20.142 -8.63249 -24.8172 0 0 0 24.9963 -11.484 97.464 4.70302e-06 66.5285 7.16942e-06 0 0 0 -153.687 7.34695 -101.54 2.83423e-05 -75.9222 -3.07755e-05 0 0 0 -116.079 -76.9215 36.8971 11.924 -0.196853 79.7016 0 0 0 111.17 -71.8528 167.638 -12.3391 9.87617 119.904 0 0 0 
-1.63149 0.679585 -1.53265 161.151 44.3568 175.931 -23.2822 -9.86118 -21.5351 0 0 0 25.7679 -9.35637 96.7147 2.85743e-05 66.6293 3.10403e-05 0 0 0 -152.585 5.40551 -100.735 4.27715e-05 -75.6095 -4.39885e-05 0 0 0 -117.953 -75.7227 35.7378 11.7063 0.227122 79.9689 0 0 0 -126.986 -83.2754 43.3953 -10.5459 4.40611 105.15 0 0 0 
-1.64267 0.67764 -1.53336 159.211 44.7837 174.674 -23.427 -9.87564 -21.0732 8.53774e-07 -6.36111e-15 8.53774e-07 24.9235 -8.01813 96.2646 -1.19537e-05 66.6902 -1.19537e-05 0 0 0 -153.311 4.17105 -100.259 -1.67073e-05 -75.505 2.15759e-05 0 0 0 -131.186 -81.1932 47.2559 4.63574 -0.216928 85.6635 0 -1.06722e-07 0 156.064 -85.9272 118.808 -5.16736 1.04128 95.8497 0 0 0 
-1.6674 0.673209 -1.53451 154.624 47.2878 173.51 -22.6643 -9.90117 -22.5559 0 0 0 23.925 -5.39864 98.5343 -2.87234e-05 68.8094 -2.38099e-05 0 -1.70755e-06 0 -155.879 1.0316 -100.951 9.9711e-06 -74.1405 -7.53295e-06 0 0 0 119.125 -86.042 153.701 12.7763 1.70335 79.2798 0 0 0 99.5142 -86.3138 172.374 -5.39273 0.794907 96.053 -1.70755e-06 2.54444e-14 1.70755e-06 
-1.67693 0.672713 -1.54071 152.413 47.2605 170.454 -23.2428 -8.33694 -20.2133 0 0 0 22.7011 -5.10905 97.281 -2.09614e-05 68.8453 -1.85048e-05 0 0 0 -157.265 0.810046 -99.5264 1.77894e-05 -74.3965 -1.77894e-05 0 0 0 127.973 -87.348 143.28 12.677 1.69414 79.3457 0 0 0 -94.2476 -80.5681 4.35603 -11.9158 4.31531 107.546 0 0 0 
-1.686 0.667674 -1.54082 150.604 47.0319 170.299 -23.1979 -9.29778 -21.3774 0 0 0 21.7078 -4.21619 97.5494 -2.93727e-05 68.9544 -3.67412e-05 0 -1.70755e-06 0 -158.208 -0.0175519 -99.763 2.17252e-05 -74.4652 -2.29438e-05 0 0 0 110.612 -85.9072 159.266 12.4252 2.16756 79.5825 0 0 0 -95.1056 -81.2477 3.9492 -12.067 3.84279 107.684 0 0 0 
-1.69473 0.66548 -1.54082 151.169 49.3117 169.745 -19.9507 -7.12314 -19.7292 0 0 0 19.5276 -2.27939 96.2495 -1.32562e-05 69.0081 -1.32562e-05 0 0 0 -160.464 -1.79645 -98.3939 3.71893e-05 -74.4783 -4.32822e-05 0 0 0 75.7809 -86.853 -165.155 12.1837 2.31541 79.6953 0 0 0 -81.7012 -79.8682 -8.89291 -12.2504 3.59068 107.764 3.41509e-06 4.26887e-07 -2.56132e-06 
-1.70447 0.663772 -1.54116 149.635 49.9409 169.494 -19.1339 -7.37144 -20.758 0 0 -4.26887e-07 18.2907 -0.964585 96.3804 -2.90364e-05 69.0626 -2.4125e-05 0 0 1.70755e-06 -161.698 -3.00885 -98.4829 2.56851e-05 -74.5246 -2.81221e-05 0 0 0 65.3563 -85.7093 -155.682 12.0165 2.24662 79.7787 0 0 -4.26887e-07 -76.4472 -80.5961 -15.2119 -12.3426 3.61671 107.889 0 -1.28066e-06 0 
-1.70712 0.663772 -1.5424 150.132 48.8756 169.14 -17.8221 -8.1164 -19.568 0 0 0 16.9588 -0.406585 96.2294 7.89755e-06 69.1409 5.44215e-06 0 0 0 -162.977 -3.52098 -98.3112 1.55103e-05 -74.5347 -2.03843e-05 0 0 0 79.3266 -86.6379 -169.594 12.0041 2.35547 79.8402 0 0 0 -83.535 -80.0038 -7.91336 -12.3114 3.54576 107.916 0 0 0 
-1.71855 0.652942 -1.54342 150.353 50.9264 168.093 -14.9327 -4.29789 -16.1773 0 0 0 14.473 0.0447348 94.8676 -8.32069e-06 70.4047 -5.87011e-06 0 0 0 -166.021 -3.87788 -95.3799 2.17444e-05 -74.4786 -2.2963e-05 0 0 0 51.8122 -84.9956 -141.512 13.2304 2.60416 78.824 0 0 0 -50.2661 -83.1967 -40.623 -9.58976 1.84301 102.045 0 0 0 
-1.72558 0.648542 -1.54342 151.603 51.2402 167.183 -12.3113 -1.68922 -11.7409 2.13443e-07 -3.97569e-16 2.13443e-07 12.1828 -0.771613 90.6699 -1.11897e-05 69.6101 -1.60969e-05 0 0 0 -168.596 -3.11146 -92.4004 1.1659e-05 -74.5649 -1.53144e-05 0 0 0 31.5531 -86.2674 -120.437 13.1612 2.4318 78.8552 0 0 0 -56.7862 -81.6861 -33.2989 -9.63054 1.96404 102.125 4.26887e-07 -1.70755e-06 4.26887e-07 
-1.72797 0.648542 -1.5424 152.442 49.8282 167.988 -11.1798 -2.87407 -11.9424 0 0 0 11.1887 -0.778561 92.2146 2.45047e-06 70.4353 -2.45047e-06 0 0 0 -169.566 -3.06882 -92.7221 1.4574e-06 -74.592 -7.54948e-06 0 0 0 52.5398 -87.2347 -141.234 13.2436 2.52343 78.8755 0 0 0 -64.8883 -82.5161 -24.8866 -9.6051 1.94381 102.124 0 0 0 
-1.72797 0.647656 -1.53881 153.395 49.8756 169.307 -9.96664 -3.44543 -13.3917 0 0 0 10.6997 -0.375406 93.1694 -2.25586e-05 70.4484 -2.01082e-05 0 -1.70755e-06 0 -169.881 -3.40714 -93.6417 2.56054e-05 -74.4784 -2.80426e-05 0 0 0 61.414 -86.7062 -149.522 13.2096 2.59899 78.911 0 0 0 -62.959 -83.026 -26.2177 -9.61379 1.88744 102.134 0 0 0 
-1.72558 0.647175 -1.53881 150.568 51.2668 165.098 -12.6611 -3.36673 -11.0008 0 0 0 12.243 1.78877 93.2059 -1.43609e-05 70.639 -1.43609e-05 0 0 0 -168.173 -5.20672 -93.312 1.38702e-05 -74.3003 -1.26514e-05 0 0 0 14.4096 -86.5273 -103.898 13.0765 2.62396 78.9292 0 0 0 -61.335 -80.3242 -29.3226 -9.62049 1.79574 102.084 0 0 0 
-1.72797 0.644341 -1.53881 147.418 52.818 161.552 -14.5314 -2.81498 -9.52146 0 0 0 12.9235 3.64118 92.706 2.44964e-06 70.6603 -2.44964e-06 0 0 0 -167.495 -6.91337 -92.752 2.43773e-06 -74.2837 2.43773e-06 0 0 0 0.657167 -84.5976 -91.5588 12.7893 2.90379 79.0589 0 0 0 -57.7898 -78.1543 -34.3877 -9.67304 1.50023 102.103 0 0 0 
-1.72835 0.644341 -1.53988 144.76 52.2688 158.334 -17.3722 -3.29932 -8.19588 0 0 0 14.8511 5.23008 92.3671 -3.57565e-06 70.8245 -1.09228e-05 0 0 0 -166.103 -8.49003 -93.3892 7.26761e-06 -73.6428 -9.70726e-06 0 0 0 27.7996 -82.0315 -119.83 18.5887 5.61776 74.7976 0 0 0 -4.37608 -81.1987 -88.872 4.86678 0.605827 85.3819 8.53774e-07 -3.4151e-06 -2.54444e-14 
-1.73604 0.642625 -1.54134 139.923 56.3913 153.419 -16.3651 -1.40219 -6.43374 0 0 0 12.1719 8.37989 91.4703 -8.60061e-06 71.1589 -6.15276e-06 0 0 0 -168.01 -11.405 -91.1642 4.91102e-05 -74.2605 -4.78913e-05 0 0 0 -10.0951 -79.4888 -83.4848 12.102 3.19032 79.2872 0 0 0 -51.1862 -73.3826 -44.075 -9.8007 1.05194 102.262 0 0 0 
-1.74526 0.628912 -1.54134 140.434 56.8951 152.658 -13.6767 -0.935517 -2.49389 -4.26887e-07 3.41509e-06 -1.27222e-14 9.263 9.4544 88.6588 -2.36513e-05 71.4112 -2.12043e-05 0 0 0 -170.987 -12.3637 -88.2847 3.94989e-05 -74.4286 -4.07175e-05 0 0 0 -12.3907 -78.9852 -80.7709 11.6907 3.62493 79.5935 8.53774e-07 2.66804e-08 1.98785e-16 -53.2691 -71.9091 -41.5788 -9.89123 0.634722 102.428 0 0 0 
-1.75721 0.619661 -1.54134 135.636 56.4117 150.611 -17.1104 -0.868277 -4.59344 0 0 0 10.9551 10.5523 86.9882 6.00049e-06 70.7599 8.44977e-06 0 0 0 -170.054 -13.2452 -88.9184 -1.48309e-05 -73.9239 1.97085e-05 0 0 0 15.9968 -75.637 -111.242 16.8244 6.37995 75.3322 0 0 0 -0.79237 -74.993 -95.6468 9.10985 2.55166 81.4172 0 0 0 
-1.76649 0.599597 -1.52454 140.72 56.0667 157.897 -14.831 -3.20645 -6.85075 0 0 0 10.8878 10.6545 86.7167 -6.08357e-06 70.9796 -8.53206e-06 0 1.70755e-06 0 -170.283 -13.1995 -88.5722 -8.67796e-06 -74.2702 1.4578e-07 0 0 -1.70755e-06 28.3834 -76.1331 -121.928 17.1676 5.70513 75.2434 0 0 -1.06722e-07 11.9379 -76.0234 -106.718 8.98905 2.08199 81.6172 0 0 0 
-1.76649 0.598754 -1.52406 139.299 55.4918 155.741 -16.392 -4.11307 -5.45064 0 0 0 11.7808 11.8156 87.2598 8.61773e-06 71.2031 6.17003e-06 0 0 0 -169.648 -14.1779 -88.3871 7.5786e-06 -74.2231 -1.00165e-05 0 0 0 24.528 -76.5196 -118.813 17.6314 6.07164 74.9058 0 0 0 10.191 -76.0081 -105.764 9.71923 2.40663 80.9935 -2.13443e-07 -7.95139e-16 -4.26887e-07 
-1.76649 0.579766 -1.51331 142.565 58.4182 159.575 -14.005 -2.78291 -7.563 0 0 0 12.3225 12.0161 88.3346 -2.00212e-05 71.6305 -1.02364e-05 0 0 0 -169.261 -14.488 -89.0059 3.18368e-05 -74.4448 -3.06182e-05 0 0 0 24.445 -74.4073 -116.315 17.144 4.98102 74.913 1.06722e-07 0 0 16.8128 -73.6529 -110.034 8.14997 1.43483 82.2439 4.26887e-07 -2.66804e-08 -8.53774e-07 
-1.76649 0.565199 -1.51028 142.212 59.5425 159.02 -14.5525 -2.95114 -7.61473 0 0 0 13.6624 13.5326 89.0296 -1.50922e-05 71.5855 -1.50922e-05 0 0 0 -168.454 -15.6719 -89.2059 5.42081e-06 -74.7093 -1.27303e-05 0 0 0 21.3202 -73.4789 -112.891 17.5179 4.47589 74.3811 0 0 0 22.1995 -71.7911 -114.977 11.7663 2.19392 79.0219 0 0 0 
-1.76547 0.558778 -1.50772 142.636 59.2682 159.748 -18.6669 -4.77944 -9.78151 0 0 0 18.3771 13.6492 91.3604 0 71.8172 0 0 0 0 -163.46 -15.851 -91.5924 6.49491e-05 -74.7581 -6.25128e-05 0 0 0 25.5605 -73.3475 -117.056 17.5223 5.06236 74.4729 0 0 0 22.8582 -72.0874 -115.645 12.8323 3.08205 78.1493 0 0 0 
-1.76547 0.533327 -1.50523 140.445 60.7597 158.66 -19.9259 -3.57046 -11.7681 0 0 0 19.0072 13.4273 90.8657 8.70621e-06 71.4283 6.25931e-06 0 0 0 -162.773 -15.7011 -92.1818 4.54256e-05 -75.1266 -4.7861e-05 0 0 0 28.0158 -70.7533 -120.202 17.1991 5.55376 74.4438 0 0 0 24.5165 -69.6578 -117.995 12.614 3.44123 78.1124 0 0 0 
-1.77098 0.51861 -1.50219 138.816 60.3889 158.554 -21.4326 -4.98797 -12.8757 0 0 0 20.5668 14.4238 92.5645 1.54698e-05 72.0388 1.54698e-05 0 0 0 -160.988 -16.3041 -92.7345 1.13478e-05 -74.199 -1.50048e-05 0 0 0 27.8572 -70.1384 -120.561 18.3285 6.08272 73.418 0 0 0 26.2441 -69.17 -120.107 13.4954 3.67252 77.3455 -2.13443e-07 0 0 
-1.77215 0.501695 -1.50219 137.815 56.9379 157.242 -24.8096 -5.62327 -10.6527 0 0 0 21.2048 12.4091 91.1995 -2.22655e-05 72.2569 -2.47096e-05 0 0 0 -160.092 -14.6537 -91.6196 1.73055e-05 -73.9574 -1.73055e-05 0 0 -1.70755e-06 30.8966 -72.423 -125.482 18.4458 7.0766 73.8627 0 0 0 28.1035 -71.6294 -123.772 12.6726 3.86671 78.3265 0 0 0 
-1.77215 0.484126 -1.50219 136.806 56.019 156.605 -25.8042 -6.17535 -10.6634 0 0 0 20.8907 12.2772 91.1706 -2.44273e-06 72.6655 2.44273e-06 0 0 0 -160.216 -14.4072 -91.5751 4.27002e-05 -74.1983 -4.51382e-05 0 0 0 33.9954 -72.3946 -129.606 18.345 7.62586 74.0629 0 0 0 31.3468 -71.5392 -127.931 13.0562 4.44774 78.0473 0 0 0 
-1.77215 0.478841 -1.50758 135.711 54.8787 153.945 -27.2592 -5.66119 -8.12705 1.06722e-07 3.4151e-06 3.18055e-15 21.821 11.8921 90.6511 6.40697e-06 71.7893 8.85262e-06 0 0 0 -159.544 -14.0999 -91.0183 1.43757e-05 -73.487 -1.92559e-05 0 0 0 36.8686 -73.8303 -132.896 18.1586 7.85317 74.4978 0 0 3.33505e-09 29.8413 -72.4481 -126.606 14.2261 5.43439 77.1551 0 0 -4.26887e-07 
-1.72437 0.478689 -1.50758 144.637 51.7598 145.467 -26.3952 2.85495 11.0395 0 0 0 22.9477 7.30764 85.7603 -4.57447e-05 71.7756 -4.57447e-05 0 0 0 -158.617 -9.71154 -86.301 9.62884e-06 -73.4887 -7.18872e-06 0 0 0 -23.388 -82.6651 -67.8272 20.1645 11.4907 74.5525 0 0 0 -29.2225 -80.339 -62.697 16.8661 9.07403 76.2499 0 0 -2.13443e-07 
-1.70597 0.441978 -1.50758 158.91 39.6335 144.4 -17.8068 9.06762 31.9505 0 0 0 23.6826 -7.18547 75.5452 8.89931e-06 71.9014 6.45404e-06 0 0 0 -159.257 4.11874 -76.9352 4.95537e-05 -74.3498 -5.68663e-05 0 0 0 -115.844 -68.0159 27.3112 24.3249 7.3911 72.9203 0 0 0 -109.094 -68.3353 19.6592 19.1725 5.17782 75.555 0 0 0 
-1.70597 0.437106 -1.5072 153.593 36.5289 135.502 -20.1929 17.4865 40.7701 0 0 -1.70755e-06 26.8494 -11.2779 70.1686 -1.55031e-05 72.0777 -1.55031e-05 0 0 0 -156.341 8.14691 -71.8926 2.29848e-05 -74.3711 -3.02972e-05 0 0 0 -115.26 -63.1911 20.8999 24.2276 7.45684 72.9804 0 0 0 -109.65 -63.2235 14.5235 19.1162 5.23857 75.5899 0 0 0 
-1.70597 0.429904 -1.49965 152.163 35.1537 132.829 -20.8349 20.5139 44.4821 0 0 0 29.0089 -12.1966 67.5394 -2.80063e-05 71.7488 -3.28979e-05 0 0 0 -154.52 9.28346 -69.4542 3.77812e-06 -74.1828 -4.99713e-06 0 0 0 -116.297 -62.1841 20.121 24.5027 8.30157 73.1355 0 0 0 -110.673 -62.0234 13.7243 19.2314 5.85787 75.6763 6.36111e-15 -3.41509e-06 -2.13443e-07 
-1.71171 0.422007 -1.49712 148.339 34.3146 130.022 -21.0335 25.4715 45.8832 0 0 0 29.0838 -15.6835 65.5272 -2.04509e-05 72.7219 -2.77786e-05 0 0 0 -153.812 12.4078 -67.4106 2.41704e-05 -74.3516 -2.90454e-05 0 0 0 -115.823 -64.2603 15.898 23.1634 9.42036 74.1902 0 0 0 -109.662 -63.3593 9.37149 18.597 6.90158 76.2111 0 0 0 
-1.73327 0.410621 -1.48698 145.932 32.2613 134.086 -25.4321 24.3659 40.5326 0 0 0 29.4264 -16.6293 65.0536 -3.86743e-05 72.593 -4.11173e-05 0 0 0 -153.451 13.3952 -67.0205 -1.49513e-05 -74.134 1.12941e-05 0 0 1.70755e-06 -126.188 -70.9006 23.8203 22.7138 11.1442 74.9305 0 0 0 -117.095 -69.8344 14.4732 18.3979 8.32952 76.5723 0 0 0 
-1.73327 0.402951 -1.47678 146.341 30.8675 133.173 -26.8295 24.6369 44.4363 0 0 0 31.6202 -14.6485 62.7981 -9.10188e-06 72.3723 -6.65819e-06 0 0 0 -151.447 11.8151 -64.6496 3.11038e-05 -74.0684 -2.98847e-05 0 0 0 -126.015 -68.8599 23.1392 23.1422 10.8363 74.6831 0 0 0 -118.162 -68.0291 14.8482 18.7471 8.14806 76.3862 0 0 0 
-1.73495 0.401766 -1.46478 148.035 36.5195 132.724 -19.8489 26.2338 46.7121 0 0 0 29.5346 -13.889 61.6776 4.07328e-05 72.4221 3.82892e-05 0 0 0 -153.73 11.2048 -63.5214 6.39656e-06 -74.2891 -1.1272e-05 0 0 0 -112.831 -69.7565 14.3882 22.4772 11.3029 74.926 0 0 0 -105.378 -68.3803 6.56911 18.3909 8.63977 76.5117 1.06722e-07 -3.41509e-06 -3.18055e-15 
-1.73495 0.384355 -1.4479 151.619 39.0601 138.467 -19.0641 23.6036 42.2566 0 0 0 29.3678 -12.2762 62.8159 -1.57467e-05 72.3572 -1.57467e-05 0 0 0 -153.918 9.64882 -64.5557 7.65364e-06 -74.357 -1.00912e-05 0 0 0 -114.685 -74.2139 20.0838 21.8172 12.2652 75.4517 0 0 0 -104.53 -72.7577 9.687 18.0172 9.50345 76.8063 1.06722e-07 -3.41509e-06 -3.18055e-15 
-1.73134 0.383351 -1.4395 151.962 34.7926 144.199 -30.1316 11.4433 32.7632 0 -5.33609e-08 0 30.074 -5.80389 70.5518 -4.65519e-05 72.0942 -4.65519e-05 0 0 0 -153.124 3.19843 -71.8373 -1.41008e-05 -74.5705 1.28823e-05 0 0 1.70755e-06 -120.301 -68.9012 25.165 24.008 4.53543 71.9241 0 0 0 -115.317 -70.1359 18.5277 18.4435 2.95736 75.4236 0 0 0 
-1.72224 0.339828 -1.40126 163.428 41.9132 160.734 -21.3132 9.44999 22.8228 0 0 0 30.8554 -5.93732 70.8498 -1.0589e-05 72.049 -2.03681e-05 0 0 0 -152.863 3.28864 -72.2272 -1.2178e-06 -75.0244 -1.2178e-06 0 0 0 -116.681 -78.8895 32.6281 22.8771 4.5607 72.6195 0 0 0 -107.641 -80.1226 21.8233 17.499 2.99004 76.0293 0 0 0 
-1.72224 0.339828 -1.40126 163.428 41.9132 160.734 -21.4545 9.56351 22.9166 0 0 0 32.0242 -6.31215 70.4895 -2.11107e-05 71.3327 -2.35579e-05 0 0 0 -151.424 2.28588 -72.2213 1.31588e-05 -73.4902 -2.04792e-05 0 0 0 -120.846 -78.0762 37.2875 24.0721 4.85603 71.9304 0 0 0 -110.071 -79.6953 24.8884 20.5233 4.00358 74.078 5.33609e-08 -3.41509e-06 -8.00413e-08 
-1.72224 0.339828 -1.40126 163.428 41.9132 160.734 -21.5967 9.67888 23.0114 0 0 -1.70755e-06 32.7699 -6.11502 70.1884 -1.2055e-05 70.8318 -1.6953e-05 0 0 0 -150.498 2.43566 -71.9454 1.71688e-05 -72.8303 -2.32743e-05 0 0 0 -126.289 -77.611 43.0947 25.3475 5.26041 71.2391 0 0 0 -113.754 -79.0943 29.6692 22.6941 4.51833 72.688 0 0 0 
-1.72224 0.339828 -1.40126 163.428 41.9132 160.734 -21.7401 9.79618 23.1071 0 0 0 32.9596 -6.09408 70.0584 -1.2055e-05 70.8318 -1.6953e-05 0 0 0 -150.317 2.42213 -71.8149 1.71688e-05 -72.8303 -2.32743e-05 0 0 0 -126.289 -77.611 43.0947 25.3475 5.26041 71.2391 0 0 0 -113.754 -79.0943 29.6692 22.6941 4.51833 72.688 0 0 0 
-1.72224 0.339828 -1.40126 163.428 41.9132 160.734 -21.8846 9.9154 23.2039 0 0 0 33.1514 -6.0728 69.9234 -6.02895e-06 70.8357 -8.47796e-06 0 0 0 -150.133 2.40839 -71.684 1.20171e-05 -72.829 -1.6291e-05 0 0 0 -126.289 -77.611 43.0947 25.3475 5.2604 71.2391 0 0 0 -113.754 -79.0943 29.6693 22.6941 4.51832 72.688 0 0 0 
-1.72224 0.339828 -1.40126 163.428 41.9132 160.734 -22.0301 10.0366 23.3016 0 0 0 33.5638 -6.3684 69.6695 -3.73614e-05 70.7659 -3.49121e-05 0 0 0 -149.567 2.26725 -71.5344 1.74795e-05 -72.4271 -1.80904e-05 0 0 0 -126.907 -76.7995 44.657 26.9731 5.5991 70.2027 0 0 0 -115.525 -78.5409 32.2572 24.2368 4.87344 71.6949 0 0 0 
-1.72224 0.339828 -1.40126 163.428 41.9132 160.734 -22.1768 10.1599 23.4003 0 0 0 33.7602 -6.34597 69.5341 -3.73614e-05 70.7659 -3.49121e-05 0 0 0 -149.38 2.25221 -71.3986 -1.91501e-05 -72.427 2.03718e-05 0 0 0 -126.931 -76.8051 44.6806 26.9635 5.59473 70.2084 0 0 0 -115.608 -78.5669 32.338 24.2007 4.85709 71.7173 0 0 0 
-1.72224 0.339828 -1.40126 163.428 41.9132 160.734 -22.3245 10.2852 23.5001 0 0 0 33.9587 -6.32317 69.3939 -1.69066e-05 70.7694 -1.20081e-05 0 0 0 -149.191 2.23694 -71.2622 -9.1256e-06 -72.4258 6.68208e-06 0 -1.70755e-06 0 -126.907 -76.7996 44.6571 26.9731 5.59912 70.2027 0 0 0 -115.525 -78.5409 32.2573 24.2368 4.87344 71.6949 0 0 0 
-1.72224 0.339828 -1.40126 163.428 41.9132 160.734 -22.4734 10.4126 23.601 0 0 -1.70755e-06 34.1591 -6.30003 69.2576 -3.73614e-05 70.7659 -3.49121e-05 0 0 0 -149.001 2.22144 -71.1226 -9.1256e-06 -72.4258 6.68208e-06 0 -1.70755e-06 0 -126.931 -76.8051 44.6806 26.9635 5.59473 70.2084 0 0 0 -115.608 -78.5669 32.338 24.2007 4.8571 71.7173 0 0 0 
-1.72714 0.331549 -1.40464 178.085 34.1894 -171.091 -6.6217 1.73908 -2.30686 0 0 0 27.4215 -17.9327 74.8302 -6.14178e-06 71.1306 -8.58973e-06 0 0 0 -155.627 12.7783 -77.4965 -7.5899e-06 -72.8219 4.53711e-06 0 0 0 161.745 -73.3955 128.911 27.8216 5.17218 70.0508 0 0 0 153.661 -75.961 135.297 24.829 4.41529 71.6698 0 0 0 
-1.72714 0.331549 -1.4313 173.282 35.3672 -179.601 -10.5523 3.4699 3.35504 0 0 0 27.1831 -17.3183 75.1835 1.48488e-05 71.2811 1.48488e-05 0 0 0 -155.75 12.4525 -77.5827 2.33315e-05 -73.0321 -2.5773e-05 0 0 0 -179.006 -75.5923 105.006 28.011 4.48688 69.5905 3.33505e-09 -3.41509e-06 -9.93923e-17 177.559 -79.1815 106.908 25.2642 3.89716 71.1147 0 0 0 
-1.72714 0.316727 -1.44415 170.707 32.0885 176.337 -12.88 -0.0856827 6.24732 0 0 0 26.813 -16.6839 76.0204 -1.26035e-05 71.5335 -1.74966e-05 0 0 0 -155.892 11.8377 -78.2849 -4.73162e-06 -73.1535 3.51103e-06 0 0 0 177.795 -71.5127 104.844 27.4531 6.65247 71.1876 0 0 3.33505e-09 177.568 -75.4638 104.047 25.2105 5.8921 72.1407 0 0 0 
-1.72714 0.316727 -1.44415 165.864 40.792 169.152 -17.7761 5.516 10.2731 0 0 0 28.1858 -10.8256 76.2871 -2.44651e-06 71.5399 2.44651e-06 0 0 0 -154.442 7.55082 -77.8015 2.15432e-05 -73.4736 -2.88637e-05 0 0 0 -147.91 -80.9483 67.7031 26.8291 4.8415 69.9966 -1.51661e-21 2.60551e-11 -6.67011e-09 -150.343 -83.3833 68.5807 23.2075 3.93385 72.2512 0 0 0 
-1.72714 0.308513 -1.44161 166.042 41.2121 170 -18.1106 3.89035 9.20611 0 0 0 28.0856 -9.25946 77.3867 2.44628e-06 71.6068 -2.44628e-06 0 0 0 -154.392 5.07327 -79.0556 2.67135e-05 -73.298 -2.73237e-05 0 0 0 -154.76 -80.6417 74.2725 26.36 4.55122 70.3287 0 0 0 -144.944 -83.5327 63.3251 24.1053 4.08802 71.5741 0 0 0 
-1.72722 0.316727 -1.44415 165.929 40.7063 168.778 -18.3287 3.87052 11.0446 0 0 0 28.4147 -8.94802 76.8229 -3.83782e-06 71.4909 -1.11779e-05 -2.54444e-14 -1.70755e-06 1.70755e-06 -154.089 4.79701 -78.4885 8.78789e-06 -73.1704 -1.18393e-05 0 0 0 -152.028 -79.7359 71.3483 26.5237 4.89488 70.4001 0 0 0 -141.744 -82.5537 60.0017 24.3014 4.4061 71.5882 1.33402e-08 -3.41509e-06 3.33505e-09 
-1.72722 0.312885 -1.44161 166.345 41.1037 169.424 -18.4067 2.78273 10.6559 0 0 0 28.6813 -8.01836 77.257 -1.73908e-05 71.401 -1.24968e-05 0 0 0 -154.018 3.8594 -78.9102 -2.32784e-06 -73.3047 5.98889e-06 0 0 0 -146.645 -79.9239 66.4297 26.5632 3.99499 69.9381 0 0 0 -137.787 -82.6019 56.2092 24.0457 3.56785 71.4539 0 0 0 
-1.73013 0.312885 -1.44161 166.715 41.4848 168.546 -17.8578 2.4437 12.5894 0 0 0 28.6335 -7.05179 76.6119 -4.08876e-05 71.3291 -3.35458e-05 0 0 0 -154.077 2.67112 -78.4027 2.33673e-05 -73.0569 -2.58087e-05 0 0 0 -141.593 -79.263 61.6979 26.6085 4.01219 69.9105 0 0 0 -132.2 -81.8145 50.9549 23.9454 3.52846 71.5214 0 -3.41509e-06 0 
-1.73291 0.312885 -1.43755 166.498 43.3622 169.679 -18.0462 3.27639 10.8601 0 0 0 28.7841 -6.48227 76.8313 -4.08876e-05 71.3291 -3.35458e-05 0 0 0 -153.893 2.13855 -78.5781 6.97252e-06 -73.0513 -9.41401e-06 0 0 0 -138.049 -81.48 58.4004 26.4129 3.73488 69.7329 0 0 0 -125.378 -83.8933 44.2849 23.6842 3.27653 71.4466 0 0 0 
-1.73782 0.325615 -1.44273 166.787 40.0736 164.273 -15.1022 8.5149 20.6058 0 0 0 28.8046 -10.8819 70.7055 -1.23942e-05 71.2719 -1.72891e-05 0 0 0 -154.279 6.59668 -72.8005 -1.20277e-05 -72.842 1.63015e-05 0 0 0 -129.725 -74.7279 49.9253 27.7079 3.95104 69.1285 0 0 0 -122.804 -77.1966 41.3876 24.4746 3.40588 71.1822 0 0 0 
-1.73986 0.312885 -1.43755 165.228 41.1573 170.078 -20.3389 -2.23111 10.4831 0 0 0 29.0019 -3.09451 78.4449 8.64753e-06 71.2796 6.20011e-06 0 0 0 -153.355 -1.0398 -79.9461 2.37839e-05 -72.8411 -2.07312e-05 0 0 0 -148.325 -80.4227 67.9826 27.4009 3.69088 69.1057 0 0 0 -142.879 -83.2989 60.6881 24.1467 3.19056 71.2238 0 0 6.67011e-09 
-1.73986 0.325615 -1.44273 168.396 38.2261 165.017 -15.2682 3.71434 22.1452 0 3.4151e-06 0 28.7806 -7.9035 71.3599 -2.07974e-05 71.0651 -2.32456e-05 0 0 0 -154.369 3.56874 -73.335 -2.31889e-05 -72.7567 1.70828e-05 0 0 1.70755e-06 -131.396 -72.9023 52.695 28.1967 3.66583 68.7746 0 0 0 -125.107 -75.5875 44.7324 24.9258 3.16935 70.8691 0 0 0 
-1.73986 0.331052 -1.44649 172.695 34.6439 163.378 -8.31523 5.07834 29.3243 0 0 0 27.8588 -12.3782 66.7924 2.44815e-06 71.0736 -2.44815e-06 0 0 0 -155.734 7.87561 -69.2249 1.19021e-05 -72.6878 -1.61767e-05 0 0 0 -136.475 -67.9008 59.6698 28.5089 5.70961 69.9846 0 0 0 -129.812 -70.542 52.2612 26.3459 5.16357 71.0342 0 0 0 
-1.71098 0.392707 -1.44649 168.568 44.5832 127.185 -3.47132 15.0282 73.8027 0 0 0 27.7718 -0.0686554 58.8991 -2.8976e-05 70.8105 -2.8976e-05 0 0 1.70755e-06 -156.155 -3.03264 -60.3358 1.30914e-05 -72.648 -1.49235e-05 0 0 0 -98.457 -37.6819 20.3799 30.7028 4.49304 66.6185 0 0 0 -94.9104 -38.9186 16.6059 28.0943 4.07667 68.2646 0 0 0 
-1.6904 0.422231 -1.44038 167.431 47.2576 112.403 -1.49195 17.5397 92.4686 0 0 0 27.2805 6.90376 56.3337 -1.20089e-05 70.7705 -1.69073e-05 0 0 0 -156.398 -9.08177 -57.0845 1.59974e-05 -72.6358 -1.59974e-05 0 0 0 -94.8901 -22.5246 17.4692 31.1562 3.76664 65.0382 0 0 0 -92.4336 -24.0243 14.7062 28.4017 3.43341 67.0631 0 0 1.66753e-09 
-1.67193 0.450681 -1.44038 167.497 47.3817 101.937 -1.41903 19.0388 107.042 0 0 0 27.132 12.9361 54.0444 -5.94252e-06 70.6036 -8.39237e-06 0 0 0 -156.512 -14.4397 -54.2751 2.90324e-05 -72.6086 -3.08646e-05 0 0 0 -94.5626 -10.511 17.5974 31.3348 2.93812 63.4172 0 0 0 -92.718 -12.2834 15.3155 28.5876 2.69092 65.7159 0 0 0 
-1.65553 0.478069 -1.43311 169.676 48.1459 96.1816 -0.844432 19.9661 117.82 0 0 0 27.1251 18.5243 52.2171 -1.41983e-05 70.4152 -1.41983e-05 0 0 0 -156.554 -19.4416 -51.9729 -4.13423e-06 -72.6096 -1.40866e-07 0 0 0 -93.6068 -1.62323 19.3658 31.3111 2.06368 61.8327 0 0 0 -92.1597 -3.73731 17.185 28.5028 1.8915 64.4693 0 0 0 
-1.64112 0.504408 -1.42475 172.932 48.8925 93.1604 -0.291352 20.5066 126.197 0 0 0 26.6553 24.6689 50.9254 2.45215e-06 69.9831 -2.45215e-06 0 0 0 -157.093 -25.0178 -50.1774 2.82271e-05 -72.3955 -2.70053e-05 0 0 0 -95.3358 1.98949 19.3818 28.1209 1.07492 64.4774 0 0 0 -93.8072 0.265488 17.5132 25.596 0.980886 66.7247 0 0 0 
-1.62865 0.52971 -1.41533 176.914 49.6736 92.0178 0.352043 20.7498 132.86 0 0 0 26.7505 29.4326 49.7262 -1.69745e-05 69.7985 -2.43331e-05 0 0 0 -156.963 -29.2015 -48.5718 3.32475e-05 -72.4056 -3.38584e-05 0 0 0 -94.0902 7.60615 22.498 28.0867 0.247636 63.1095 0 0 0 -93.0209 5.60371 20.5578 25.5158 0.216045 65.6504 0 0 0 
-1.61806 0.553989 -1.40491 -178.594 50.4552 92.202 1.10955 20.7494 138.26 0 0 0 26.9709 33.8405 48.8117 -5.59419e-06 69.6081 -8.04777e-06 0 0 0 -156.703 -33.0557 -47.2895 3.37204e-05 -72.4187 -3.73857e-05 0 0 0 -92.4419 12.2189 26.085 28.0296 -0.576431 61.8046 0 0 0 -91.8431 9.99506 23.989 25.4354 -0.549384 64.6199 0 0 0 
-1.60928 0.577255 -1.39354 -173.802 51.19 93.2967 1.97193 20.5917 142.696 0 0 0 27.3298 37.9376 48.1633 7.98367e-06 69.4113 5.52933e-06 0 0 0 -156.307 -36.622 -46.3045 1.09287e-05 -72.4347 -2.07026e-05 0 0 0 -90.3769 15.9709 30.0049 27.8382 -1.38809 60.5724 1.25065e-09 -4.54982e-21 4.16882e-10 -90.3149 13.5869 27.6605 25.2325 -1.3075 63.6713 0 0 0 
-1.60225 0.599523 -1.38127 -168.797 51.8365 95.0602 2.92017 20.3032 146.373 0 0 0 27.8429 41.7609 47.7709 -1.33829e-05 69.2091 -1.33829e-05 0 0 0 -155.765 -39.9344 -45.5984 4.50533e-05 -72.4533 -4.99402e-05 0 0 0 -87.935 19.0239 34.1747 27.601 -2.18265 59.4048 0 0 0 -88.4439 16.554 31.5175 24.9988 -2.0524 62.7779 0 0 0 
-1.59692 0.620803 -1.36814 -163.67 52.3668 97.3 3.93561 19.9198 149.437 0 0 0 28.5285 45.3397 47.6323 2.45596e-06 69.0014 -2.45596e-06 0 0 0 -155.068 -43.0201 -45.159 -1.41748e-05 -72.4739 1.3564e-05 0 0 0 -85.1704 21.4584 38.5149 27.3212 -2.9583 58.3033 0 0 0 -86.2748 18.982 35.4967 24.7355 -2.78208 61.9409 0 0 0 
-1.59322 0.64111 -1.35421 -158.633 52.7802 99.7562 5.00565 19.5565 152.001 1.70755e-06 5.08889e-14 -3.41509e-06 29.4091 48.6969 47.7535 -2.37843e-05 68.7885 -2.86979e-05 0 0 0 -154.204 -45.9 -44.9792 -1.08359e-05 -72.4969 9.00341e-06 0 0 0 -82.2405 23.2877 42.8371 26.9661 -3.66657 57.3057 4.16882e-10 -3.41509e-06 8.33763e-10 -83.9764 20.8861 39.4108 24.4072 -3.44928 61.2118 0 0 0 
-1.59128 0.660454 -1.33953 -153.601 53.0521 102.425 6.10731 19.1412 154.149 0 0 0 30.5114 51.8496 48.148 -7.72321e-06 68.5707 -5.26552e-06 0 0 0 -153.16 -48.5902 -45.0576 3.06059e-06 -72.522 -1.28334e-05 0 0 0 -79.1107 24.651 47.2037 26.609 -4.36592 56.3555 0 0 0 -81.4582 22.4014 43.3657 24.0879 -4.11013 60.514 5.92424e-24 -8.14222e-13 -8.33763e-10 
-1.59128 0.67885 -1.32415 -148.543 53.1621 105.267 7.22374 18.6385 155.946 0 0 0 31.8682 54.8099 48.838 0 68.3482 0 0 0 0 -151.922 -51.1028 -45.3972 4.28685e-05 -72.5488 -5.26409e-05 0 0 0 -75.9128 25.498 51.5676 26.1212 -5.0316 55.5218 0 0 0 -78.8414 23.4971 47.3391 23.6675 -4.74031 59.9029 0 0 0 
-1.59128 0.696309 -1.30811 -143.635 53.2469 108.175 8.40216 18.261 157.374 0 0 0 33.5915 57.6552 49.9403 -2.54507e-05 68.1218 -2.54507e-05 0 0 0 -150.406 -53.5151 -46.0802 4.65836e-07 -72.5748 -3.51962e-06 0 0 0 -72.6191 25.8911 55.7566 25.6108 -5.66677 54.7542 0 0 0 -76.0798 24.202 51.1692 23.2372 -5.34163 59.3428 1.66753e-09 4.85314e-20 -3.33505e-09 
-1.59349 0.712843 -1.29146 -139.405 53.3075 110.609 9.64445 18.0967 158.641 0 0 0 35.5484 60.2113 51.281 -1.76608e-05 67.8908 -2.01213e-05 0 0 0 -148.76 -55.6562 -46.9269 -1.08976e-05 -72.6062 9.06538e-06 0 0 0 -69.3079 26.2258 59.5779 25.4127 -6.28746 53.8845 4.16882e-10 5.08889e-14 1.85133e-25 -73.2905 24.8246 54.6061 23.0613 -5.93093 58.743 0 0 0 
-1.59702 0.728465 -1.27426 -135.256 53.3037 113.056 10.9136 17.9214 159.681 0 0 0 37.9008 62.5966 53.0394 0 67.656 0 0 0 0 -146.865 -57.6467 -48.0661 2.90835e-05 -72.6384 -3.09156e-05 0 0 0 -66.0469 26.1767 63.2219 25.0885 -6.87882 53.1298 0 0 0 -70.4873 25.1287 57.9244 22.7859 -6.4924 58.2282 0 0 0 
-1.60182 0.743189 -1.25656 -130.837 53.1471 115.779 12.1878 17.5369 160.465 0 0 0 40.7531 64.8276 55.3193 -2.46672e-05 67.4179 -2.46672e-05 0 0 0 -144.669 -59.5084 -49.5478 -1.26325e-05 -72.6704 1.14112e-05 0 0 0 -62.9462 25.6413 66.8335 24.4741 -7.43469 52.5612 0 0 0 -67.7397 25.0453 61.3157 22.2829 -7.01865 57.8315 0 0 0 
-1.60782 0.757025 -1.2384 -126.846 53.0425 118.202 13.5154 17.3671 161.115 0 0 0 44.14 66.8659 58.1459 4.87106e-06 67.178 7.33459e-06 0 0 0 -142.185 -61.2111 -51.3489 -2.5963e-07 -72.7038 -8.2895e-06 0 0 0 -59.8845 25.003 70.079 23.9829 -7.97363 51.9803 0 0 0 -64.9862 24.8482 64.3641 21.8891 -7.52795 57.431 0 0 0 
-1.61497 0.769987 -1.21983 -123.014 52.9339 120.518 14.8904 17.2631 161.617 0 0 0 48.2128 68.6967 61.6648 0 66.9352 0 0 0 0 -139.337 -62.754 -53.5414 3.94915e-05 -72.7378 -4.49871e-05 0 0 0 -56.915 24.1885 73.0835 23.4687 -8.49194 51.4588 0 0 0 -62.265 24.4894 67.2193 21.4776 -8.0166 57.0813 0 0 0 
-1.62319 0.782088 -1.20091 -119.312 52.8507 122.748 16.3331 17.1984 161.995 0 0 0 52.9542 70.2874 65.8564 -1.66978e-05 66.6904 -1.91634e-05 0 0 0 -136.17 -64.1096 -56.0731 1.19722e-05 -72.7742 -1.62464e-05 0 0 0 -54.0251 23.2241 75.8421 22.9325 -8.99108 50.9939 0 0 0 -59.5662 23.9881 69.8741 21.0524 -8.48526 56.7743 0 0 0 
-1.63243 0.793338 -1.18168 -115.718 52.8557 124.97 17.8546 17.1835 162.275 0 0 0 58.1628 71.6643 70.535 -1.65116e-05 66.443 -1.89783e-05 0 0 0 -132.888 -65.3225 -58.7563 3.10933e-05 -72.8089 -3.35356e-05 0 0 0 -51.1946 22.1058 78.2926 22.3722 -9.47291 50.5888 0 0 0 -56.8787 23.3261 72.2633 20.6049 -8.9354 56.5232 0 0 0 
-1.64263 0.803752 -1.1622 -112.173 52.8945 127.128 19.4575 17.2405 162.448 0 0 0 64.2766 72.7608 76.1162 0 66.1942 0 0 0 0 -129.142 -66.3612 -61.9221 -9.31614e-06 -72.8441 6.87399e-06 0 0 0 -48.414 20.9092 80.5534 21.7894 -9.93869 50.2405 0 0 0 -54.1979 22.5843 74.4951 20.1396 -9.36754 56.319 0 0 0 
-1.65373 0.813342 -1.14251 -108.636 53.0111 129.287 21.1743 17.3358 162.536 -8.53774e-07 0 0 70.9794 73.5563 82.2878 -1.6148e-05 65.9446 -1.86171e-05 0 0 0 -125.12 -67.2065 -65.3805 1.25613e-05 -72.8806 -1.98874e-05 0 0 0 -45.649 19.6365 82.5998 21.1852 -10.3897 49.9471 0 0 0 -51.4947 21.7574 76.5419 19.6583 -9.78239 56.1578 0 0 0 
-1.66566 0.82212 -1.12266 -105.049 53.2216 131.49 23.0264 17.4755 162.547 0 0 0 78.1153 74.0375 88.8944 -1.1471e-05 65.6948 -1.1471e-05 0 0 0 -120.847 -67.8629 -69.1085 1.6259e-05 -72.9174 -1.6259e-05 0 0 0 -42.8647 18.3059 84.4488 20.5603 -10.827 49.7076 0 0 0 -48.7401 20.8609 78.4153 19.1611 -10.1808 56.0389 0 3.41509e-06 0 
-1.67837 0.830098 -1.1027 -101.344 53.5419 133.789 25.066 17.5933 162.497 0 0 0 85.2002 74.1851 95.439 0 65.4417 0 0 0 0 -116.528 -68.2965 -72.8902 3.10984e-07 -72.9544 -1.19096e-05 0 0 0 -40.0195 16.9337 86.118 19.9157 -11.2517 49.5212 0 0 0 -45.8976 19.9085 80.1283 18.6482 -10.5632 55.9614 0 0 0 
-1.69179 0.837289 -1.08269 -97.4326 53.9882 136.252 27.2817 17.8393 162.376 0 0 0 92.4769 74.0407 102.194 0 65.1945 0 0 0 0 -111.873 -68.5793 -77.0413 -5.39847e-06 -72.9914 -1.31616e-06 0 0 0 -37.0635 15.5332 87.6252 19.2524 -11.6647 49.3875 0 0 0 -42.923 18.912 81.6941 18.1185 -10.9302 55.9274 0 0 0 
-1.70586 0.843706 -1.06267 -93.0776 54.6216 139.116 29.8072 18.1107 162.168 0 0 0 99.3011 73.6186 108.518 -8.66129e-06 64.9496 -1.36087e-05 0 0 0 -107.235 -68.6762 -81.2105 4.85741e-05 -73.0283 -4.55221e-05 0 0 0 -33.8446 14.0812 88.9604 18.5717 -12.0811 49.2987 0 0 0 -39.671 17.8467 83.0992 17.5741 -11.2953 55.9284 0 0 0 
-1.72053 0.849361 -1.04268 -88.3061 55.3373 142.282 32.6166 18.3609 161.922 0 0 0 105.493 72.9169 114.185 9.2268e-06 64.7047 1.80213e-06 0 0 0 -102.644 -68.559 -85.328 1.97169e-05 -73.0651 -2.94827e-05 0 0 0 -30.4282 12.622 90.213 17.875 -12.4972 49.2567 3.10601e-18 -3.41509e-06 -1.0422e-10 -36.2071 16.7629 84.4279 17.0138 -11.6546 55.9692 0 0 0 
-1.73572 0.854267 -1.02279 -83.1232 56.2142 145.715 35.7635 18.704 161.725 0 0 0 111.065 71.9606 119.213 -1.0926e-05 64.4623 -1.0926e-05 0 0 0 -98.076 -68.2369 -89.4232 1.94049e-05 -73.1016 -1.75739e-05 0 0 0 -26.8483 11.2762 91.3576 17.1707 -12.8392 49.2789 0 0 0 -32.5494 15.7648 85.6603 16.4559 -11.9437 56.0401 0 0 0 
-1.75139 0.858435 -1.00304 -76.7816 57.2535 150.162 39.4853 19.0208 161.435 0 0 0 115.855 70.8428 123.48 1.33035e-05 64.223 8.34897e-06 0 0 0 -93.7827 -67.7536 -93.2779 9.98861e-06 -73.1378 -1.05989e-05 0 0 0 -22.6827 9.87125 92.4015 16.4513 -13.2106 49.338 0 0 0 -28.3079 14.6946 86.7916 15.8757 -12.2528 56.1549 0 0 0 
-1.76746 0.861879 -0.983481 -69.0833 58.3768 155.747 43.8566 19.349 161.122 0 0 0 119.978 69.5649 127.082 2.47842e-06 63.9883 -2.47842e-06 0 0 0 -89.714 -67.1041 -96.9275 -6.49437e-06 -73.1734 5.8841e-06 0 0 0 -17.9203 8.48864 93.3806 15.7233 -13.5723 49.4407 0 0 0 -23.4593 13.63 87.8594 15.2868 -12.5481 56.3022 0 0 0 
-1.78388 0.864611 -0.964161 -59.5231 59.4433 162.911 49.0469 19.6814 160.799 0 0 0 123.502 68.1484 130.087 1.06382e-05 63.7593 1.06382e-05 0 0 0 -85.8937 -66.2986 -100.35 6.31725e-05 -73.2084 -6.50032e-05 0 0 0 -12.3869 7.13839 94.3207 14.9884 -13.9243 49.5865 0 0 2.60551e-11 -17.8308 12.5819 88.8876 14.6881 -12.8291 56.4855 0 0 0 
-1.80058 0.866643 -0.94513 -47.5724 60.1643 172.1 55.2728 19.9571 160.49 0 0 0 126.454 66.6503 132.523 -1.21008e-05 63.5307 -1.9543e-05 0 0 0 -82.4436 -65.3532 -103.416 3.89901e-05 -73.2427 -4.38719e-05 0 0 0 -5.88233 5.83215 95.2547 14.2495 -14.2664 49.7729 0 0 0 -11.2202 11.5639 89.9074 14.0826 -13.0961 56.7009 0 0 0 
-1.81751 0.867989 -0.926438 -33.0047 60.0447 -176.552 62.7195 20.2016 160.22 0 0 0 128.967 65.0429 134.525 -3.99032e-06 63.3106 -6.47217e-06 0 0 0 -79.2418 -64.2748 -106.259 1.22738e-05 -73.276 -2.50879e-05 0 0 0 1.79243 4.58533 96.2283 13.509 -14.5984 49.9976 0 0 0 -3.42511 10.5943 90.9628 13.4721 -13.349 56.9469 1.0422e-10 4.7394e-23 -5.21102e-11 
-1.8346 0.868028 -0.908135 -16.5346 58.41 -163.763 71.4862 20.4205 159.962 0 0 0 131.085 63.3541 136.139 -7.89795e-06 63.0969 -1.28639e-05 0 0 0 -76.3298 -63.0752 -108.835 -1.07593e-05 -73.3084 5.87789e-06 0 0 0 10.736 3.39137 97.215 12.7696 -14.9201 50.2583 0 0 0 5.64984 9.66297 92.0269 12.8588 -13.5877 57.2212 0 0 0 
-1.85179 0.868028 -0.890271 0.390441 54.9086 -151.279 81.6928 20.4138 159.999 0 0 0 132.867 61.5929 137.424 4.96805e-06 62.8903 -4.96805e-06 0 0 0 -73.6956 -61.7639 -111.159 2.84549e-05 -73.3395 -3.82172e-05 0 0 0 20.949 2.39642 98.5157 12.0343 -15.1977 50.5694 0 0 0 16.046 8.93356 93.3966 12.2478 -13.7837 57.5273 0 0 0 
-1.86903 0.868028 -0.872894 16.0059 49.7108 -140.936 92.9118 19.9735 160.406 0 0 0 134.361 59.7661 138.431 -1.38722e-06 62.6915 -8.84243e-06 0 0 0 -71.3237 -60.3492 -113.247 1.12382e-06 -73.3694 -7.22506e-06 0 0 0 32.0607 1.54251 100.38 11.3042 -15.5178 50.8852 2.60551e-11 -3.41509e-06 2.60551e-11 27.402 8.38249 95.3097 11.6314 -14.0112 57.8513 0 0 0 
-1.88624 0.866749 -0.856056 29.9357 43.7734 -133.06 104.561 18.9277 161.478 0 0 0 135.609 57.8788 139.203 -2.03204e-05 62.5011 -2.03204e-05 0 0 0 -69.1965 -58.8383 -115.119 4.70244e-06 -73.3978 -1.20237e-05 0 0 0 43.3245 1.02005 103.079 10.5828 -15.8183 51.2343 0 0 0 39.0281 8.1995 98.0376 11.0187 -14.2172 58.1996 0 0 0 
-1.90337 0.864847 -0.839805 43.8447 38.9705 -126.671 116.106 16.1196 164.41 0 0 0 136.643 55.9349 139.776 6.291e-06 62.3199 3.80396e-06 0 0 0 -67.2958 -57.238 -116.795 1.6184e-05 -73.4246 -1.31336e-05 0 0 0 53.9101 1.33794 108.176 9.87279 -16.0941 51.6158 0 0 0 50.3108 8.97481 103.132 10.4126 -14.398 58.5699 0 0 0 
-1.92036 0.862332 -0.824192 65.3146 39.0142 -117.136 127.109 6.7975 173.605 0 0 0 137.491 53.9379 140.18 4.97592e-06 62.1484 -4.97592e-06 0 0 0 -65.6043 -55.554 -118.296 2.99717e-05 -73.4496 -2.87515e-05 0 0 0 63.415 4.45589 121.877 9.17584 -16.3572 52.0219 0 0 0 61.7874 12.8023 116.89 9.81253 -14.5639 58.9605 0 0 0 
-1.93715 0.859218 -0.809265 150.139 37.1296 -67.1037 117.989 -35.8318 -137.265 0 0 0 138.176 51.8908 140.442 -7.48873e-06 61.9876 -1.24664e-05 0 0 0 -64.106 -53.792 -119.64 1.49361e-05 -73.4726 -2.28667e-05 0 0 0 80.9036 17.4586 -174.161 8.49457 -16.6073 52.4487 0 0 0 88.3416 22.3851 -176.385 9.22224 -14.7155 59.3653 0 0 0 
-1.95367 0.855517 -0.795075 -154.347 8.01548 -50.0318 61.9063 -43.1398 -62.4786 7.63333e-14 -1.70755e-06 -5.12264e-06 138.716 49.7966 140.581 0 61.8377 0 0 0 0 -62.7863 -51.9572 -120.844 4.14783e-05 -73.4935 -3.84282e-05 0 1.70755e-06 0 93.5854 14.1576 -114.405 7.83011 -16.8438 52.8958 2.60551e-11 -3.41509e-06 -7.76503e-19 101.58 10.574 -117.472 8.64058 -14.8519 59.7885 0 0 0 
-1.96986 0.85124 -0.781671 -140.698 3.77862 -50.5906 47.6161 -38.2821 -48.8567 0 0 0 139.126 47.6587 140.618 -1.3572e-05 61.6999 -1.60624e-05 0 0 0 -61.6324 -50.0552 -121.924 2.04416e-05 -73.5121 -2.16616e-05 0 0 0 90.7422 12.2306 -101.625 7.18517 -17.0665 53.3583 0 0 0 97.6768 6.98477 -105.265 8.07263 -14.9745 60.2204 0 0 0 
-1.98567 0.846402 -0.769102 -133.654 4.1153 -51.0025 40.7973 -36.4342 -45.3252 0 0 1.70755e-06 139.417 45.4809 140.566 -1.18109e-06 61.5744 -8.65436e-06 0 0 0 -60.6331 -48.0916 -122.894 1.80221e-05 -73.5283 -2.41221e-05 0 0 0 86.8172 12.0092 -96.8578 6.56058 -17.2751 53.8357 0 0 0 93.2643 6.18122 -100.652 7.51739 -15.0824 60.6644 0 0 0 
-2.00103 0.841014 -0.757419 -128.856 5.36002 -51.0848 36.3454 -35.7241 -44.4696 0 0 0 139.599 43.2675 140.441 -2.3248e-05 61.4622 -2.57397e-05 0 0 0 -59.7787 -46.0725 -123.766 7.79964e-06 -73.5417 -1.32896e-05 0 0 0 83.1953 12.3356 -94.4142 5.95782 -17.4692 54.3251 0 0 0 89.3649 6.21868 -98.2467 6.977 -15.1763 61.1165 0 0 0 
-2.01588 0.835089 -0.746672 -125.169 6.72746 -50.9666 33.1674 -35.5051 -44.7302 0 0 0 139.679 41.0237 140.253 -2.31653e-05 61.3637 -2.56575e-05 0 0 0 -59.0609 -44.0048 -124.553 1.50275e-05 -73.5523 -2.29573e-05 0 0 0 80.0306 12.8768 -92.9404 5.37809 -17.6487 54.8239 -1.94126e-19 -3.41509e-06 6.51378e-12 86.0171 6.59572 -96.7671 6.453 -15.2567 61.5738 0 0 0 
-2.03015 0.828639 -0.736909 -122.147 8.00329 -50.7316 30.8439 -35.5169 -45.5881 0 0 0 139.664 38.7557 140.012 -2.6717e-05 61.2796 -3.17025e-05 0 0 0 -58.4724 -41.8958 -125.262 7.05855e-05 -73.5599 -6.87556e-05 2.54444e-14 1.70755e-06 1.70755e-06 77.2958 13.5079 -91.9582 4.82198 -17.8136 55.3307 0 0 0 83.1489 7.13126 -95.759 5.94563 -15.3237 62.0359 0 0 0 
-2.0438 0.821677 -0.728181 -119.571 9.1307 -50.4287 29.1535 -35.6312 -46.8183 0 0 0 139.557 36.4707 139.729 9.71374e-06 61.2106 9.71374e-06 0 0 0 -58.0069 -39.754 -125.903 -6.00722e-06 -73.5642 1.0887e-05 0 0 0 74.933 14.1718 -91.254 4.29002 -17.9636 55.8434 0 0 0 80.681 7.74419 -95.0189 5.45559 -15.3777 62.501 0 0 0 
-2.05675 0.814215 -0.720536 -117.311 10.1043 -50.0868 27.9557 -35.7749 -48.3042 0 0 0 139.363 34.1767 139.41 3.60139e-06 61.1573 6.09479e-06 0 0 0 -57.6587 -37.5885 -126.483 -3.26162e-05 -73.5649 2.65165e-05 0 0 0 72.8845 14.8388 -90.7179 3.78284 -18.099 56.3596 0 0 0 78.5437 8.3925 -94.4422 4.98424 -15.4197 62.9654 0 0 0 
-2.06895 0.806266 -0.714026 -115.286 10.9349 -49.7228 27.1504 -35.8997 -49.9742 0 0 0 139.085 31.8831 139.064 4.98722e-06 61.1204 -4.98722e-06 0 0 0 -57.4225 -35.4097 -127.01 2.89512e-05 -73.5621 -3.01711e-05 2.54444e-14 1.70755e-06 1.70755e-06 71.1019 15.4922 -90.2854 3.30041 -18.22 56.8777 0 0 0 76.6808 9.05241 -93.9671 4.53192 -15.4507 63.427 0 0 0 
-2.08034 0.797842 -0.708699 -113.44 11.6383 -49.3471 26.66 -35.9717 -51.7777 0 0 0 138.726 29.5998 138.696 -7.18371e-06 61.1003 -1.21712e-05 0 0 0 -57.2932 -33.2283 -127.488 2.39136e-06 -73.5553 -6.05124e-06 0 0 0 69.5451 16.1216 -89.9157 2.8423 -18.3265 57.3968 0 0 0 75.0488 9.70927 -93.5546 4.09771 -15.4705 63.8867 0 0 0 
-2.09084 0.788955 -0.704605 -111.732 12.2298 -48.9658 26.4204 -35.9651 -53.6734 5.08889e-14 1.70755e-06 3.41509e-06 138.288 27.3381 138.314 -9.67655e-06 61.0976 -9.67655e-06 0 0 0 -57.2655 -31.0565 -127.924 1.32655e-05 -73.5444 -1.20456e-05 0 0 0 68.1816 16.7201 -89.5812 2.40822 -18.4188 57.9153 0 0 0 73.611 10.3533 -93.1781 3.68202 -15.4803 64.3417 0 0 0 
-2.10041 0.779619 -0.701795 -110.132 12.7235 -48.5822 26.3928 -35.8695 -55.6349 0 0 0 137.776 25.1009 137.934 -1.32778e-05 61.1175 -1.57714e-05 0 0 0 -57.3234 -28.8956 -128.338 3.12703e-05 -73.5258 -3.61504e-05 0 0 0 66.985 17.2836 -89.2612 1.99751 -18.4973 58.4321 0 0 0 72.3385 10.9781 -92.8177 3.28442 -15.4809 64.7906 0 0 0 
-2.10898 0.769846 -0.701555 -108.679 13.2027 -48.1236 26.5868 -35.6758 -57.7569 0 0 0 137.165 22.9287 137.546 -6.09455e-06 61.1559 -3.60114e-06 0 1.70755e-06 0 -57.5043 -26.7903 -128.706 1.68361e-05 -73.5071 -1.68361e-05 0 0 0 65.8837 17.8516 -89.0695 1.60918 -18.5621 58.9462 0 0 0 71.1726 11.6329 -92.5794 2.90428 -15.4732 65.2323 0 0 0 
-2.11649 0.759648 -0.701555 -107.21 13.542 -47.7374 26.7392 -35.3312 -59.7015 0 0 0 136.522 20.8073 137.137 -2.30287e-05 61.1996 -2.55219e-05 0 0 0 -57.7428 -24.73 -129.016 3.00337e-05 -73.4847 -2.88137e-05 0 0 0 64.9468 18.3358 -88.7294 1.24205 -18.6137 59.4568 0 0 0 70.1491 12.2053 -92.2036 2.54081 -15.4581 65.6654 0 0 0 
-2.12288 0.749037 -0.701555 -105.553 13.5502 -47.382 26.8579 -34.5902 -61.331 0 0 0 135.805 18.7506 136.751 -1.33547e-05 61.2721 -1.58475e-05 0 0 0 -58.0546 -22.7218 -129.324 9.61193e-06 -73.4551 -7.1717e-06 0 0 0 64.249 18.8131 -88.0029 0.848975 -18.7291 59.9867 0 0 0 69.3103 12.7885 -91.4518 2.14012 -15.4995 66.1018 0 0 0 
-2.12809 0.738027 -0.704372 -104.204 13.7765 -47.0018 27.1536 -34.0121 -63.1919 0 0 0 135.018 16.7833 136.379 -2.3166e-05 61.3646 -2.56583e-05 0 0 0 -58.4429 -20.7941 -129.609 7.15412e-06 -73.4202 -9.59446e-06 0 0 0 63.5349 19.2058 -87.6428 0.524383 -18.7447 60.4866 0 0 -3.25689e-12 68.4994 13.2923 -91.0608 1.81267 -15.4636 66.514 0 0 0 
-2.13205 0.726629 -0.70872 -103.013 14.0763 -46.6532 27.4965 -33.4641 -65.0534 0 0 0 134.174 14.9139 136.026 -9.80274e-06 61.4776 -9.80274e-06 0 0 0 -58.8914 -18.9562 -129.877 3.56693e-06 -73.3799 -4.78716e-06 0 0 0 62.8767 19.4952 -87.4107 0.25194 -18.6913 60.9643 9.70628e-20 -3.41509e-06 -3.25689e-12 67.756 13.6918 -90.8006 1.53751 -15.377 66.9056 0 0 0 
-2.13471 0.714856 -0.714649 -101.736 14.2438 -46.2787 27.7596 -32.6729 -66.7174 0 0 0 133.276 13.1578 135.694 8.66034e-06 61.6115 1.18769e-06 0 0 0 -59.3886 -17.2255 -130.13 -3.22077e-05 -73.3326 2.61062e-05 0 0 0 62.3279 19.7588 -87.0124 -0.0205252 -18.6586 61.4498 0 0 0 67.0947 14.0842 -90.3779 1.25387 -15.3132 67.2935 0 0 0 
-2.13471 0.702721 -0.722208 -100.404 14.2917 -45.9634 27.9143 -31.7136 -68.1026 0 0 0 132.332 11.5246 135.393 9.90109e-06 61.7668 9.90109e-06 0 0 0 -59.928 -15.61 -130.374 1.30668e-05 -73.2797 -1.18464e-05 0 0 0 61.9076 19.9473 -86.4384 -0.285016 -18.6187 61.9324 0 0 0 66.5355 14.4057 -89.7878 0.974976 -15.2506 67.6698 0 0 0 
-2.13471 0.690236 -0.731447 -98.8523 14.1378 -45.5033 27.9563 -30.3728 -69.2763 0 0 0 131.349 10.0198 135.136 -7.47325e-06 61.9439 -1.24514e-05 0 0 0 -60.5041 -14.1138 -130.62 2.71381e-05 -73.2236 -3.07995e-05 0 1.70755e-06 0 61.5489 20.2885 -85.6228 -0.63341 -18.6533 62.4416 0 0 0 65.9988 14.913 -88.9466 0.615393 -15.2574 68.0462 0 0 0 
-2.13424 0.677414 -0.742416 -97.4985 14.1725 -45.0266 28.0091 -29.1659 -70.4952 0 1.70755e-06 0 130.332 8.6659 134.919 -1.38042e-05 62.1431 -1.62922e-05 0 0 0 -61.0958 -12.7652 -130.868 3.51236e-06 -73.159 -4.73293e-06 0 0 0 61.1212 20.4766 -85.0492 -0.877645 -18.6309 62.9038 0 0 0 65.4256 15.2779 -88.3493 0.34617 -15.2249 68.3877 0 0 0 
-2.13107 0.664267 -0.755165 -96.0562 14.1022 -44.5924 27.921 -27.8127 -71.4014 0 0 0 129.288 7.46904 134.756 1.64101e-05 62.365 1.39232e-05 -2.54444e-14 1.70755e-06 -1.70755e-06 -61.6962 -11.5688 -131.129 3.28433e-05 -73.0878 -3.28433e-05 0 0 0 60.7996 20.6117 -84.3164 -1.13656 -18.5832 63.3926 0 0 0 64.9304 15.6005 -87.5941 0.0630717 -15.1797 68.738 3.25689e-12 6.21202e-18 -3.25689e-12 
-2.12629 0.650807 -0.769742 -94.4651 13.9016 -44.1161 27.6997 -26.2419 -72.0306 0 0 0 128.227 6.4393 134.657 -3.85709e-06 62.6097 -6.34259e-06 0 0 0 -62.2934 -10.5356 -131.415 0 -73.0096 0 0 0 0 60.6008 20.7575 -83.3569 -1.4553 -18.5074 63.8939 0 0 0 64.518 15.9345 -86.612 -0.265805 -15.1245 69.0785 0 0 0 
-2.11983 0.637047 -0.786199 -92.8348 13.695 -43.623 27.3877 -24.6123 -72.4669 0 0 0 127.156 5.58577 134.635 -6.39132e-06 62.8777 -3.90723e-06 0 0 0 -62.8753 -9.6754 -131.739 -2.56196e-05 -72.9245 2.31777e-05 0 0 0 60.3829 20.8384 -82.3525 -1.74985 -18.4279 64.3835 0 0 -8.14222e-13 64.0833 16.2234 -85.5841 -0.579057 -15.076 69.4017 0 0 0 
-2.11165 0.623 -0.804583 -91.0938 13.4299 -43.0937 26.9701 -22.8623 -72.6654 0 1.70755e-06 0 126.084 4.91677 134.704 -1.43713e-05 63.1692 -1.68538e-05 0 0 0 -63.4291 -8.9973 -132.117 1.71708e-05 -72.8321 -2.32763e-05 0 0 0 60.1858 20.8941 -81.2221 -2.06315 -18.3308 64.8787 0 0 0 63.6514 16.5029 -84.4266 -0.910027 -15.0253 69.7157 0 0 0 
-2.10167 0.608678 -0.824946 -89.1851 13.071 -42.5744 26.3183 -21.0494 -72.3679 0 0 0 125.124 4.59847 134.908 -1.45567e-05 63.4885 -1.70376e-05 0 0 0 -63.8385 -8.67154 -132.573 1.26772e-05 -72.7353 -1.1456e-05 0 0 0 60.0205 20.8998 -79.8787 -2.40408 -18.2132 65.3827 0 0 0 63.2273 16.7465 -83.0549 -1.26678 -14.9707 70.022 0 0 0 
-2.08983 0.594093 -0.847337 -87.1303 12.6693 -41.942 25.7181 -19.0466 -72.0728 0 0 0 124.09 4.31226 135.235 2.47922e-06 63.8285 -2.47922e-06 0 0 0 -64.2876 -8.3732 -133.148 6.77346e-06 -72.6275 -9.21632e-06 0 0 0 59.8202 20.9354 -78.444 -2.78366 -18.0708 65.8987 0 0 0 62.7565 17.044 -81.5806 -1.65949 -14.9101 70.3225 0 0 0 
-2.07608 0.579258 -0.871805 -84.893 12.2069 -41.1742 25.1336 -16.8174 -71.7593 0 0 0 122.98 4.07642 135.681 -1.08119e-05 64.1884 -1.08119e-05 0 0 0 -64.7733 -8.12087 -133.836 2.50453e-05 -72.5092 -2.2602e-05 0 0 0 59.5737 21.0254 -76.8996 -3.21501 -17.8979 66.4308 0 0 0 62.2277 17.4217 -79.9831 -2.10059 -14.8395 70.6198 0 0 0 
-2.06035 0.564186 -0.8984 -82.3553 11.6172 -40.3653 24.3502 -14.494 -70.938 0 0 0 122.033 4.19213 136.37 -8.499e-06 64.5772 -1.345e-05 0 0 0 -65.0533 -8.22174 -134.729 -1.24399e-05 -72.3857 1.12181e-05 0 0 0 59.2938 21.1247 -75.0751 -3.71464 -17.6863 66.983 0 0 0 61.6443 17.8316 -78.0966 -2.6061 -14.7532 70.9168 0 0 0 
-2.04258 0.548889 -0.927171 -79.4785 10.907 -39.425 23.4929 -11.9845 -69.8546 0 0 0 121.166 4.49745 137.324 -4.3398e-06 64.9909 -6.81331e-06 2.54444e-14 -1.70755e-06 -1.70755e-06 -65.2059 -8.50895 -135.877 5.02709e-05 -72.2541 -5.1493e-05 0 0 0 58.9248 21.3104 -73.0134 -4.303 -17.4238 67.5599 0 0 0 60.9589 18.358 -75.9568 -3.19637 -14.6419 71.2168 0 0 0 
-2.02271 0.533379 -0.95817 -76.1713 10.0489 -38.3059 22.5648 -9.26356 -68.5177 3.41509e-06 0 0 120.413 4.97395 138.617 -2.71373e-05 65.4299 -2.96088e-05 0 0 0 -65.1919 -8.96053 -137.365 2.77965e-05 -72.1142 -2.65743e-05 0 0 0 58.4185 21.6443 -70.6831 -5.0053 -17.0934 68.1652 0 0 0 60.1281 19.0672 -73.5284 -3.89738 -14.492 71.5233 1.62844e-12 0 0 
-2.00068 0.517669 -0.991444 -72.3129 9.00654 -36.9371 21.5597 -6.30367 -66.9528 0 0 0 119.821 5.58717 140.352 1.85814e-05 65.8943 1.61122e-05 0 0 0 -64.9576 -9.53531 -139.308 6.48138e-06 -71.9659 -8.92643e-06 0 0 0 57.7069 22.2196 -68.0549 -5.85193 -16.6696 68.8007 0 0 0 59.0907 20.0572 -70.7772 -4.74179 -14.2814 71.8392 0 0 0 
-1.97643 0.501771 -1.02704 -67.7397 7.72697 -35.2065 20.4523 -3.07379 -65.2197 0 0 0 119.456 6.27557 142.674 -4.66695e-06 66.3842 -7.134e-06 0 0 0 -64.4295 -10.1598 -141.864 2.65825e-05 -71.8091 -1.92458e-05 0 0 0 56.6887 23.182 -65.1115 -6.87895 -16.1145 69.4644 0 0 0 57.7568 21.4781 -67.6798 -5.77028 -13.9765 72.1648 1.62844e-12 7.76503e-19 -8.14222e-13 
-1.9499 0.485698 -1.06502 -62.2294 6.12902 -32.9312 19.1786 0.459958 -63.4492 1.70755e-06 8.53774e-07 1.27222e-14 119.41 6.9338 145.779 1.31498e-07 66.9 -1.21922e-05 0 0 0 -63.5092 -10.7079 -145.24 -1.58669e-06 -71.6438 2.19823e-06 0 0 0 55.2058 24.764 -61.8748 -8.12501 -15.3726 70.1449 0 0 0 55.9841 23.5646 -64.2497 -7.03015 -13.5251 72.4936 3.25689e-12 2.31416e-26 -8.14222e-13 
-1.92102 0.469463 -1.10542 -55.4829 4.07355 -29.7997 17.5985 4.34059 -61.9228 0 0 0 119.8 7.38498 149.933 0 67.4417 0 0 0 0 -62.0751 -10.9683 -149.709 7.84501e-06 -71.4699 -1.09035e-05 0 0 0 52.9918 27.3471 -58.475 -9.62312 -14.3624 70.8136 0 0 0 53.5283 26.6953 -60.6044 -8.56892 -12.8473 72.8044 0 0 0 
-1.88973 0.453078 -1.14829 -47.13 1.30492 -25.143 15.3939 8.6231 -61.3766 0 0 0 120.8 7.3336 155.466 -1.77617e-05 68.0095 -2.02217e-05 0 0 0 -59.9666 -10.5903 -155.592 1.95061e-05 -71.2873 -2.13417e-05 0 0 0 49.4927 31.6496 -55.4412 -11.3822 -12.9725 71.4126 -1.01778e-13 -3.41509e-06 -4.07111e-13 49.8621 31.5742 -57.2517 -10.4174 -11.8268 73.0477 0 0 0 
-1.85598 0.436555 -1.19369 -36.8339 -2.83374 -18.264 12.1743 13.5043 -62.7876 0 0 0 122.436 6.34328 162.741 2.07413e-05 68.6034 1.82837e-05 0 0 0 -57.2031 -9.05973 -163.207 1.16408e-05 -71.0963 -1.04167e-05 0 0 0 43.7797 38.5302 -53.7756 -13.3491 -11.0724 71.8452 1.62844e-12 -3.41509e-06 -4.85314e-20 44.07 39.0239 -55.169 -12.5516 -10.3156 73.1294 0 0 0 
-1.81971 0.419906 -1.24167 -24.9268 -9.41396 -8.05217 7.50277 19.0428 -68.0185 0 0 0 147.959 -68.167 156.051 -0.191156 1.12575 -0.0191848 0 0 0 -50.9198 63.9038 -174.307 -6.60179 -7.07805 0.136285 0 0 -1.70755e-06 40.3792 -9.06484 16.5024 -20.6586 1.01402 -2.67492 -2.66804e-08 -1.05604e-16 -4.53567e-07 42.1652 -9.28596 17.0472 -22.4677 1.27007 -3.33821 0 0 0 
-1.81971 0.419906 -1.24167 -24.9267 -9.41395 -8.05217 7.44335 19.0504 -68.1855 0 0 0 148.358 -68.1982 155.636 -0.191156 1.12575 -0.0191848 0 0 0 -42.7355 66.5329 -167.044 -3.75803 -4.01841 0.0771051 0 0 -1.70755e-06 40.3792 -9.06485 16.5024 -20.6586 1.01401 -2.67491 0 0 0 41.4503 -9.3815 17.0574 -21.8035 1.27453 -3.35224 0 0 0 
-1.74258 0.385619 -1.34131 -14.5609 -30.4064 22.0512 3.17315 36.9671 -87.44 0 0 0 75.5484 -74.9599 -128.093 6.83019e-06 7.1717e-05 4.27467e-12 0 0 0 -104.451 74.9598 126.887 -1.70755e-05 8.53774e-05 5.12263e-06 0 0 0 7.41271 0.258667 -11.8326 1.34469e-05 -3.6152e-06 -1.0352e-05 0 0 0 7.4127 0.258667 -11.8326 2.4546e-05 9.63164e-06 -2.50796e-05 0 0 0 
-1.73916 0.370176 -1.34289 -4.26303 -31.8221 12.4902 7.30884 30.5491 -73.3363 0 0 0 57.6024 -68.0147 -105.805 -2.73208e-05 7.34245e-05 6.83017e-06 0 0 0 -122.397 68.0146 104.6 2.04906e-05 4.95189e-05 -3.41509e-06 0 0 0 -1.53166 -0.724203 -7.68696 1.53679e-05 -1.60081e-07 -1.07789e-05 0 3.40175e-06 0 -1.53167 -0.724203 -7.68695 3.98072e-05 8.00472e-08 -1.70755e-05 0 3.41509e-06 0 
-1.73514 0.368122 -1.34687 -0.81791 -32.6721 10.9352 12.4909 26.3036 -68.221 0 0 0 47.0562 -61.7179 -92.133 6.83019e-06 7.34245e-05 1.70755e-06 0 0 0 -132.944 61.7179 90.9275 1.70755e-05 5.46415e-05 8.14222e-12 0 0 0 -4.46089 -1.16276 -7.98425 9.60496e-07 -9.07134e-07 -1.97435e-05 0 0 0 -4.46088 -1.16276 -7.98424 1.28066e-05 -8.13753e-06 -3.40442e-05 0 0 0 
-1.73182 0.368065 -1.34687 9.25303 -27.8854 4.92551 3.62988 14.7168 -67.2936 0 0 0 52.1286 -59.9746 -91.6356 -2.04906e-05 5.12264e-05 3.41509e-06 0 0 0 -127.871 59.9746 90.4301 3.4151e-05 3.4151e-05 -1.70754e-06 0 0 0 -13.1463 -1.37651 -6.15707 -2.13443e-07 4.14881e-06 1.65419e-05 4.26887e-07 1.19271e-15 -3.20165e-07 -13.1464 -1.37651 -6.15706 1.55814e-05 -2.00101e-07 -1.37671e-05 0 0 0 
-1.72935 0.368065 -1.34687 13.6183 -31.4063 -2.55298 5.04588 13.4419 -57.1044 0 0 0 51.084 -53.9104 -87.9509 -3.7566e-05 3.41509e-05 1.70754e-06 0 0 0 -128.916 53.9103 86.7454 5.46415e-05 5.46415e-05 -1.70752e-06 0 1.70755e-06 0 -16.8164 -0.531619 -1.91686 -4.05543e-06 7.20372e-07 1.77158e-05 0 0 0 -16.8164 -0.531626 -1.91686 7.57724e-06 7.08365e-06 1.4941e-06 0 0 0 
-1.71907 0.368065 -1.33835 16.9563 -26.28 -6.01851 4.84894 5.49065 -54.6874 0 0 0 48.3911 -50.9561 -83.5089 -3.07358e-05 0.000102453 8.53771e-06 0 0 0 -131.609 50.9561 82.3033 3.07359e-05 7.00094e-05 -1.70753e-06 0 0 0 -20.1409 0.574536 1.39202 -3.09493e-05 -7.55056e-06 2.56132e-06 1.06722e-07 0 0 -20.1409 0.574522 1.39201 5.33609e-06 1.93433e-06 1.70755e-06 5.33609e-07 1.49089e-15 -3.20165e-07 
-1.71098 0.370905 -1.33515 19.6906 -26.4104 -6.98864 2.78399 5.44996 -54.7423 0 0 0 48.1335 -50.4809 -82.9667 1.36604e-05 5.2934e-05 3.4151e-06 0 0 0 -131.866 50.4809 81.7611 1.70755e-05 5.46415e-05 8.14222e-12 0 0 0 -22.5734 0.405277 1.017 -1.4941e-05 -1.18995e-05 -2.84947e-05 5.33609e-07 1.49089e-15 -3.20165e-07 -22.5734 0.405269 1.01699 1.40873e-05 -3.62854e-06 -1.32335e-05 5.33609e-07 1.49089e-15 -3.20165e-07 
-1.70501 0.371293 -1.3316 20.9726 -23.9395 -8.09686 1.71669 3.35596 -54.2155 0 0 0 47.6032 -50.3474 -82.7934 -6.83019e-06 3.7566e-05 5.12264e-06 0 0 0 -132.397 50.3474 81.5879 2.04906e-05 4.95189e-05 -3.41509e-06 0 0 0 -23.9531 1.06282 2.44246 7.25708e-06 2.66804e-07 1.12058e-06 4.26887e-07 1.39149e-15 -3.73526e-07 -23.9531 1.06283 2.44248 -7.47051e-07 -7.72398e-06 -2.00637e-05 4.80248e-07 1.78906e-15 -4.26887e-07 
-1.70178 0.372386 -1.33103 20.3799 -22.5839 -8.23273 2.34835 3.16408 -53.378 0 0 0 47.3148 -50.3268 -83.9226 -3.7566e-05 3.41509e-05 1.70754e-06 0 0 0 -132.685 50.3268 82.717 3.07359e-05 7.00094e-05 -1.70753e-06 0 0 0 -23.5082 1.46008 3.35426 4.80248e-06 1.94767e-06 1.81427e-06 0 0 -4.26887e-07 -23.5082 1.4601 3.35428 1.10457e-05 -1.21796e-05 -1.24864e-05 5.33609e-08 1.98785e-16 -4.26887e-07 
-1.70076 0.372643 -1.33089 20.5267 -22.3619 -8.26752 2.31881 2.80813 -53.4205 0 0 0 47.1615 -50.203 -83.6666 -2.04906e-05 5.12264e-05 3.41509e-06 0 0 0 -132.838 50.203 82.461 -3.07358e-05 7.1717e-05 5.12262e-06 0 0 0 -23.6588 1.50542 3.41521 9.60496e-07 7.53722e-06 1.63818e-05 0 0 0 -23.6588 1.50542 3.41522 1.20062e-05 -3.6152e-06 -1.30734e-05 0 0 0 
-1.68919 0.375889 -1.32688 21.7399 -19.9657 -9.37398 1.71782 1.4891 -52.0962 0 0 0 46.3722 -49.5944 -84.2504 -3.41509e-06 8.87924e-05 -2.64622e-12 0 0 0 -133.628 49.5943 83.0448 1.02453e-05 1.8783e-05 1.67933e-12 0 0 0 -24.9113 2.28714 4.93393 1.04587e-05 -5.33608e-06 -1.29133e-05 0 0 0 -24.9113 2.28714 4.93393 1.3607e-05 -7.03029e-06 -1.54213e-05 0 0 0 
-1.67425 0.375889 -1.32353 25.5745 -18.0947 -10.035 -0.470956 -1.27137 -52.3562 8.53774e-07 -1.59028e-15 2.13443e-07 44.9546 -47.7546 -82.1355 6.83019e-06 7.34245e-05 1.70755e-06 0 0 0 -135.045 47.7546 80.9299 1.70755e-05 5.46415e-05 8.14222e-12 0 0 0 -28.6538 2.59297 4.96911 9.33815e-06 2.53464e-07 -1.54746e-06 -4.34841e-17 1.33402e-08 -3.73526e-07 -28.6538 2.59297 4.96911 2.1878e-06 1.26732e-05 1.57415e-05 0 0 0 
-1.66866 0.376354 -1.32063 27.3254 -17.3983 -10.8974 -1.64323 -2.36678 -51.215 0 0 0 45.073 -46.5208 -82.0358 -2.73208e-05 4.26887e-05 8.53773e-06 0 -1.70755e-06 0 -134.927 46.5208 80.8302 -1.02453e-05 8.87925e-05 3.41509e-06 0 0 0 -30.3225 3.22898 5.44742 1.26999e-05 -5.32274e-06 -1.57948e-05 -6.36111e-15 1.70755e-06 -4.26887e-07 -30.3225 3.22897 5.4474 3.30837e-06 1.26599e-05 1.49944e-05 0 0 0 
-1.66466 0.376568 -1.32031 28.1222 -18.4076 -11.8977 -1.9417 -0.988194 -49.6608 0 0 0 45.3058 -45.8755 -82.8243 6.83019e-06 6.31792e-05 1.70755e-06 0 0 0 -134.694 45.8755 81.6187 6.31022e-12 0.000105868 6.83019e-06 0 0 0 -30.987 3.29666 5.50931 -2.98287e-05 2.74809e-06 6.88355e-06 0 0 0 -30.9871 3.29665 5.5093 8.91126e-06 2.66804e-07 -1.12058e-06 0 0 0 
-1.66454 0.376568 -1.31894 28.0324 -16.7618 -12.5644 -2.40078 -3.0284 -47.6397 0 0 0 46.5148 -44.8554 -83.9025 -6.83019e-06 5.46415e-05 6.83019e-06 0 0 0 -133.485 44.8554 82.6969 1.04322e-12 7.00094e-05 1.70755e-06 0 0 0 -30.9448 4.20767 6.95838 1.44074e-06 1.09657e-05 1.69154e-05 0 0 0 -30.9448 4.20767 6.95838 2.98821e-06 1.09523e-05 1.53679e-05 0 0 0 
-1.66436 0.376568 -1.31891 28.4801 -16.9696 -13.2329 -3.36539 -3.01381 -45.6918 0 0 0 48.1964 -43.9638 -85.4287 -3.41509e-06 8.87924e-05 -2.64622e-12 0 0 0 -131.803 43.9638 84.2231 1.04322e-12 7.00094e-05 1.70755e-06 0 0 0 -31.3334 4.41817 7.26302 1.44074e-06 9.27145e-06 1.70221e-05 4.26887e-07 0 0 -31.3334 4.41817 7.26302 2.4546e-06 9.25811e-06 1.58482e-05 4.26887e-07 0 0 
-1.66376 0.377525 -1.31891 28.728 -16.8894 -13.2649 2.55591 1.18282 -2.5101 0 0 0 55.209 -9.95639 -116.317 -2.73208e-05 4.09811e-05 6.83018e-06 0 -1.70755e-06 0 -124.791 9.9563 115.111 1.04322e-12 7.00094e-05 1.70755e-06 0 0 0 -31.5879 4.34874 7.24078 3.36174e-06 1.09923e-05 1.51545e-05 0 0 0 -31.5879 4.34874 7.24078 2.40124e-06 1.0979e-05 1.58482e-05 0 0 0 
-1.64812 0.380788 -1.31448 33.2951 -13.483 -14.8106 -0.00708024 1.07631e-05 -0.0158004 0 0 0 52.9933 -8.78617 -118.429 1.36604e-05 5.2934e-05 3.4151e-06 0 0 0 -127.007 8.78607 117.223 3.07359e-05 7.1717e-05 1.70757e-06 0 0 0 -36.0074 6.4825 8.83038 6.4033e-06 2.53464e-07 7.47052e-07 0 0 0 -36.0074 6.48251 8.83038 6.45666e-06 -1.45408e-06 7.73732e-07 0 0 0 
